year,polda,polres,polsek,kecamatan,jenis_kejahatan,crime_total,reason
2024,POLDA METRO JAYA,,,,,1,blank kecamatan
2024,POLDA METRO JAYA,,,,Cukai,1,blank kecamatan
2024,POLDA METRO JAYA,,,,Curanmor R-2,5,blank kecamatan
2024,POLDA METRO JAYA,,,,Hak Atas Kekayaan Intelektual ( HAKI ),8,blank kecamatan
2024,POLDA METRO JAYA,,,,Illegal Fishing,12,blank kecamatan
2024,POLDA METRO JAYA,,,,Judi,5,blank kecamatan
2024,POLDA METRO JAYA,,,,Kejahatan Pasar Modal,1,blank kecamatan
2024,POLDA METRO JAYA,,,,Kejahatan Tentang Desain Industri,1,blank kecamatan
2024,POLDA METRO JAYA,,,,Kejahatan Tentang Jaminan Fidusia,5,blank kecamatan
2024,POLDA METRO JAYA,,,,Kejahatan Tentang Konservasi Sumber Daya Alam Hayati Dan Ekosistem,1,blank kecamatan
2024,POLDA METRO JAYA,,,,Kejahatan Tentang Minyak Dan Gas  ( MIGAS ),3,blank kecamatan
2024,POLDA METRO JAYA,,,,Kejahatan Tentang Perdagangan,8,blank kecamatan
2024,POLDA METRO JAYA,,,,Kejahatan Tentang Perindustrian,2,blank kecamatan
2024,POLDA METRO JAYA,,,,Kejahatan Tentang Tenaga Kerja,14,blank kecamatan
2024,POLDA METRO JAYA,,,,Kejahatan Terhadap Jiwa Orang / Pembunuhan,2,blank kecamatan
2024,POLDA METRO JAYA,,,,Kejahatan Terhadap Penguasa Umum,1,blank kecamatan
2024,POLDA METRO JAYA,,,,Kejahatan Terkait Kearsipan,1,blank kecamatan
2024,POLDA METRO JAYA,,,,Kejahatan Terkait Merek,15,blank kecamatan
2024,POLDA METRO JAYA,,,,Kejahatan Terkait Perlindungan Data Pribadi,3,blank kecamatan
2024,POLDA METRO JAYA,,,,Kejahatan Terkait Rahasia Dagang,1,blank kecamatan
2024,POLDA METRO JAYA,,,,Kejahatan Terkait Senjata Tajam ( Sajam ),1,blank kecamatan
2024,POLDA METRO JAYA,,,,Kejahatan terkait Pemilihan Umum,2,blank kecamatan
2024,POLDA METRO JAYA,,,,Kejahatan terkait Tenaga Kesehatan,4,blank kecamatan
2024,POLDA METRO JAYA,,,,Kekerasan Dalam Rumah Tangga,11,blank kecamatan
2024,POLDA METRO JAYA,,,,Kekerasan Seksual (KDRT),15,blank kecamatan
2024,POLDA METRO JAYA,,,,"Konflik Suku, Agama, Ras, dan Antar Golongan (SARA)",2,blank kecamatan
2024,POLDA METRO JAYA,,,,Korupsi ( Tipikor ),2,blank kecamatan
2024,POLDA METRO JAYA,,,,Manipulasi data autentik secara elektronik (ITE),959,blank kecamatan
2024,POLDA METRO JAYA,,,,Memasuki Pekarangan Tanpa Ijin,10,blank kecamatan
2024,POLDA METRO JAYA,,,,Mengakibatkan Orang Luka,6,blank kecamatan
2024,POLDA METRO JAYA,,,,Mengakibatkan Orang Mati,3,blank kecamatan
2024,POLDA METRO JAYA,,,,Menghambat Penyidikan,1,blank kecamatan
2024,POLDA METRO JAYA,,,,Menjual atau mengedarkan obat keras / bebas terbatas tanpa ijin,1,blank kecamatan
2024,POLDA METRO JAYA,,,,Narkotika ( Narkoba ),263,blank kecamatan
2024,POLDA METRO JAYA,,,,Pemalsuan Mata Uang Dan Uang Kertas,2,blank kecamatan
2024,POLDA METRO JAYA,,,,Pemalsuan Surat Otentik,100,blank kecamatan
2024,POLDA METRO JAYA,,,,Pemerasan Dan Pengancaman,10,blank kecamatan
2024,POLDA METRO JAYA,,,,Penadahan,2,blank kecamatan
2024,POLDA METRO JAYA,,,,Pencemaran Nama Baik,12,blank kecamatan
2024,POLDA METRO JAYA,,,,Pencurian Biasa,49,blank kecamatan
2024,POLDA METRO JAYA,,,,Pencurian Dengan Kekerasan ( Curas ),8,blank kecamatan
2024,POLDA METRO JAYA,,,,Pencurian Dengan Pemberatan ( Curat ),62,blank kecamatan
2024,POLDA METRO JAYA,,,,Pencurian dalam lingkungan keluarga,2,blank kecamatan
2024,POLDA METRO JAYA,,,,Pengaduan Palsu,10,blank kecamatan
2024,POLDA METRO JAYA,,,,Pengancaman,3,blank kecamatan
2024,POLDA METRO JAYA,,,,Penganiayaan,15,blank kecamatan
2024,POLDA METRO JAYA,,,,Penganiayaan Berat ( Anirat ),2,blank kecamatan
2024,POLDA METRO JAYA,,,,Pengeroyokan,11,blank kecamatan
2024,POLDA METRO JAYA,,,,Pengerusakan,9,blank kecamatan
2024,POLDA METRO JAYA,,,,Penggelapan,156,blank kecamatan
2024,POLDA METRO JAYA,,,,Penghinaan,2,blank kecamatan
2024,POLDA METRO JAYA,,,,Penipuan / Perbuatan Curang,412,blank kecamatan
2024,POLDA METRO JAYA,,,,Penistaan Agama,2,blank kecamatan
2024,POLDA METRO JAYA,,,,Penyalahgunaan Wewenang,1,blank kecamatan
2024,POLDA METRO JAYA,,,,Penyebaran Berita Bohong ( Hoax ),2,blank kecamatan
2024,POLDA METRO JAYA,,,,Penyekapan,3,blank kecamatan
2024,POLDA METRO JAYA,,,,Penyerobotan Tanah,4,blank kecamatan
2024,POLDA METRO JAYA,,,,Perampasan ( Premanisme ),3,blank kecamatan
2024,POLDA METRO JAYA,,,,Perbankan,7,blank kecamatan
2024,POLDA METRO JAYA,,,,Perbuatan Yang Tidak Menyenangkan,4,blank kecamatan
2024,POLDA METRO JAYA,,,,Perdagangan Manusia / Trafficking In Person / Tppo (dalam Negeri),2,blank kecamatan
2024,POLDA METRO JAYA,,,,Perlindungan Konsumen,5,blank kecamatan
2024,POLDA METRO JAYA,,,,Persetubuhan Terhadap Anak / Cabul Terhadap Anak,1,blank kecamatan
2024,POLDA METRO JAYA,,,,Perzinahan,7,blank kecamatan
2024,POLDA METRO JAYA,,,,Psikotropika ( Narkoba ),1,blank kecamatan
2024,POLDA METRO JAYA,,,,Sengaja Menimbulkan Kebakaran/banjir (pembakaran),1,blank kecamatan
2024,POLDA METRO JAYA,,,,Sumpah Palsu Dan Keterangan Palsu,4,blank kecamatan
2024,POLDA METRO JAYA,,,,Terhadap ketertiban umum,3,blank kecamatan
2024,POLDA METRO JAYA,,,,Tindak Pidana Dalam Perlindungan Anak,27,blank kecamatan
2024,POLDA METRO JAYA,,,,Tindak Pidana Pencucian Uang ( TPPU / Money Laundering),1,blank kecamatan
2024,POLDA METRO JAYA,,,,Tindak Pidana Transfer Dana,3,blank kecamatan
2024,POLDA METRO JAYA,,,CAKUNG,,20,blank crime type
2024,POLDA METRO JAYA,,,CEMPAKA PUTIH,,13,blank crime type
2024,POLDA METRO JAYA,,,CENGKARENG,,29,blank crime type
2024,POLDA METRO JAYA,,,CILANDAK,,30,blank crime type
2024,POLDA METRO JAYA,,,CILINCING,,14,blank crime type
2024,POLDA METRO JAYA,,,CIPAYUNG,,11,blank crime type
2024,POLDA METRO JAYA,,,CIRACAS,,12,blank crime type
2024,POLDA METRO JAYA,,,DUREN SAWIT,,24,blank crime type
2024,POLDA METRO JAYA,,,GAMBIR,,26,blank crime type
2024,POLDA METRO JAYA,,,GROGOL PETAMBURAN,,38,blank crime type
2024,POLDA METRO JAYA,,,JAGAKARSA,,39,blank crime type
2024,POLDA METRO JAYA,,,JATINEGARA,,11,blank crime type
2024,POLDA METRO JAYA,,,JOHAR BARU,,5,blank crime type
2024,POLDA METRO JAYA,,,KALI DERES,,12,blank crime type
2024,POLDA METRO JAYA,,,KEBAYORAN BARU,,101,blank crime type
2024,POLDA METRO JAYA,,,KEBAYORAN LAMA,,43,blank crime type
2024,POLDA METRO JAYA,,,KEBON JERUK,,23,blank crime type
2024,POLDA METRO JAYA,,,KELAPA GADING,,33,blank crime type
2024,POLDA METRO JAYA,,,KEMAYORAN,,23,blank crime type
2024,POLDA METRO JAYA,,,KEMBANGAN,,25,blank crime type
2024,POLDA METRO JAYA,,,KEPULAUAN SERIBU SELATAN,,3,blank crime type
2024,POLDA METRO JAYA,,,KOJA,,2,blank crime type
2024,POLDA METRO JAYA,,,KRAMAT JATI,,15,blank crime type
2024,POLDA METRO JAYA,,,MAKASAR,,8,blank crime type
2024,POLDA METRO JAYA,,,MAMPANG PRAPATAN,,28,blank crime type
2024,POLDA METRO JAYA,,,MATRAMAN,,8,blank crime type
2024,POLDA METRO JAYA,,,MENTENG,,38,blank crime type
2024,POLDA METRO JAYA,,,PADEMANGAN,,12,blank crime type
2024,POLDA METRO JAYA,,,PALMERAH,,42,blank crime type
2024,POLDA METRO JAYA,,,PANCORAN,,46,blank crime type
2024,POLDA METRO JAYA,,,PASAR MINGGU,,37,blank crime type
2024,POLDA METRO JAYA,,,PASAR REBO,,9,blank crime type
2024,POLDA METRO JAYA,,,PENJARINGAN,,47,blank crime type
2024,POLDA METRO JAYA,,,PESANGGRAHAN,,15,blank crime type
2024,POLDA METRO JAYA,,,PULO GADUNG,,15,blank crime type
2024,POLDA METRO JAYA,,,SAWAH BESAR,,17,blank crime type
2024,POLDA METRO JAYA,,,SENEN,,20,blank crime type
2024,POLDA METRO JAYA,,,SETIA BUDI,,92,blank crime type
2024,POLDA METRO JAYA,,,TAMAN SARI,,21,blank crime type
2024,POLDA METRO JAYA,,,TAMBORA,,11,blank crime type
2024,POLDA METRO JAYA,,,TANAH ABANG,,76,blank crime type
2024,POLDA METRO JAYA,,,TANJUNG PRIOK,,22,blank crime type
2024,POLDA METRO JAYA,,,TEBET,,65,blank crime type
2024,POLDA METRO JAYA,POLRES KEPULAUAN SERIBU,,,Manipulasi data autentik secara elektronik (ITE),1,blank kecamatan
2024,POLDA METRO JAYA,POLRES KEPULAUAN SERIBU,,,Narkotika ( Narkoba ),124,blank kecamatan
2024,POLDA METRO JAYA,POLRES KEPULAUAN SERIBU,,,Pengeroyokan,1,blank kecamatan
2024,POLDA METRO JAYA,POLRES KEPULAUAN SERIBU,,,Pengerusakan,1,blank kecamatan
2024,POLDA METRO JAYA,POLRES KEPULAUAN SERIBU,,,Tindak Pidana Dalam Perlindungan Anak,2,blank kecamatan
2024,POLDA METRO JAYA,POLRES KEPULAUAN SERIBU,,CENGKARENG,,63,blank crime type
2024,POLDA METRO JAYA,POLRES KEPULAUAN SERIBU,,CILINCING,,2,blank crime type
2024,POLDA METRO JAYA,POLRES KEPULAUAN SERIBU,,DUREN SAWIT,,1,blank crime type
2024,POLDA METRO JAYA,POLRES KEPULAUAN SERIBU,,GROGOL PETAMBURAN,,2,blank crime type
2024,POLDA METRO JAYA,POLRES KEPULAUAN SERIBU,,JATINEGARA,,1,blank crime type
2024,POLDA METRO JAYA,POLRES KEPULAUAN SERIBU,,JOHAR BARU,,1,blank crime type
2024,POLDA METRO JAYA,POLRES KEPULAUAN SERIBU,,KALI DERES,,3,blank crime type
2024,POLDA METRO JAYA,POLRES KEPULAUAN SERIBU,,KEBAYORAN LAMA,,1,blank crime type
2024,POLDA METRO JAYA,POLRES KEPULAUAN SERIBU,,KEBON JERUK,,2,blank crime type
2024,POLDA METRO JAYA,POLRES KEPULAUAN SERIBU,,KEMBANGAN,,2,blank crime type
2024,POLDA METRO JAYA,POLRES KEPULAUAN SERIBU,,KEPULAUAN SERIBU SELATAN,,2,blank crime type
2024,POLDA METRO JAYA,POLRES KEPULAUAN SERIBU,,KEPULAUAN SERIBU UTARA,,2,blank crime type
2024,POLDA METRO JAYA,POLRES KEPULAUAN SERIBU,,KOJA,,3,blank crime type
2024,POLDA METRO JAYA,POLRES KEPULAUAN SERIBU,,MENTENG,,1,blank crime type
2024,POLDA METRO JAYA,POLRES KEPULAUAN SERIBU,,PADEMANGAN,,1,blank crime type
2024,POLDA METRO JAYA,POLRES KEPULAUAN SERIBU,,PENJARINGAN,,20,blank crime type
2024,POLDA METRO JAYA,POLRES KEPULAUAN SERIBU,,TAMAN SARI,,2,blank crime type
2024,POLDA METRO JAYA,POLRES KEPULAUAN SERIBU,,TANAH ABANG,,1,blank crime type
2024,POLDA METRO JAYA,POLRES KEPULAUAN SERIBU,,TANJUNG PRIOK,,9,blank crime type
2024,POLDA METRO JAYA,POLRES KEPULAUAN SERIBU,POLSEK KEPULAUAN SERIBU SELATAN,,Narkotika ( Narkoba ),13,blank kecamatan
2024,POLDA METRO JAYA,POLRES KEPULAUAN SERIBU,POLSEK KEPULAUAN SERIBU SELATAN,,Pengeroyokan,1,blank kecamatan
2024,POLDA METRO JAYA,POLRES KEPULAUAN SERIBU,POLSEK KEPULAUAN SERIBU SELATAN,TANJUNG PRIOK,,2,blank crime type
2024,POLDA METRO JAYA,POLRES KEPULAUAN SERIBU,POLSEK KEPULAUAN SERIBU UTARA,,Narkotika ( Narkoba ),5,blank kecamatan
2024,POLDA METRO JAYA,POLRES KEPULAUAN SERIBU,POLSEK KEPULAUAN SERIBU UTARA,,Pencurian Dengan Pemberatan ( Curat ),2,blank kecamatan
2024,POLDA METRO JAYA,POLRES KEPULAUAN SERIBU,POLSEK KEPULAUAN SERIBU UTARA,,Penganiayaan Berat ( Anirat ),1,blank kecamatan
2024,POLDA METRO JAYA,POLRES KEPULAUAN SERIBU,POLSEK KEPULAUAN SERIBU UTARA,CILINCING,,1,blank crime type
2024,POLDA METRO JAYA,POLRES KEPULAUAN SERIBU,POLSEK KEPULAUAN SERIBU UTARA,KEPULAUAN SERIBU UTARA,,2,blank crime type
2024,POLDA METRO JAYA,POLRES KEPULAUAN SERIBU,POLSEK KEPULAUAN SERIBU UTARA,KOJA,,1,blank crime type
2024,POLDA METRO JAYA,POLRES KEPULAUAN SERIBU,POLSEK KEPULAUAN SERIBU UTARA,TANJUNG PRIOK,,2,blank crime type
2024,POLDA METRO JAYA,POLRES METRO BEKASI,,,Manipulasi data autentik secara elektronik (ITE),4,blank kecamatan
2024,POLDA METRO JAYA,POLRES METRO BEKASI,,,Menjual atau mengedarkan obat keras / bebas terbatas tanpa ijin,2,blank kecamatan
2024,POLDA METRO JAYA,POLRES METRO BEKASI,,,Narkotika ( Narkoba ),8,blank kecamatan
2024,POLDA METRO JAYA,POLRES METRO BEKASI,,,Pemerasan Dan Pengancaman,1,blank kecamatan
2024,POLDA METRO JAYA,POLRES METRO BEKASI,,,Pencurian Biasa,6,blank kecamatan
2024,POLDA METRO JAYA,POLRES METRO BEKASI,,,Pencurian Dengan Pemberatan ( Curat ),7,blank kecamatan
2024,POLDA METRO JAYA,POLRES METRO BEKASI,,,Penganiayaan,1,blank kecamatan
2024,POLDA METRO JAYA,POLRES METRO BEKASI,,,Penggelapan,3,blank kecamatan
2024,POLDA METRO JAYA,POLRES METRO BEKASI,,,Penipuan / Perbuatan Curang,17,blank kecamatan
2024,POLDA METRO JAYA,POLRES METRO BEKASI,,,Penyerobotan Tanah,1,blank kecamatan
2024,POLDA METRO JAYA,POLRES METRO BEKASI,,,Perampasan ( Premanisme ),1,blank kecamatan
2024,POLDA METRO JAYA,POLRES METRO BEKASI,,,Perbuatan Yang Tidak Menyenangkan,1,blank kecamatan
2024,POLDA METRO JAYA,POLRES METRO BEKASI,,,Perlindungan Konsumen,1,blank kecamatan
2024,POLDA METRO JAYA,POLRES METRO BEKASI,,,Sengaja Menimbulkan Kebakaran/banjir (pembakaran),1,blank kecamatan
2024,POLDA METRO JAYA,POLRES METRO BEKASI,,,Tindak Pidana Dalam Perlindungan Anak,3,blank kecamatan
2024,POLDA METRO JAYA,POLRES METRO BEKASI,,CAKUNG,,1,blank crime type
2024,POLDA METRO JAYA,POLRES METRO BEKASI,,JAGAKARSA,,1,blank crime type
2024,POLDA METRO JAYA,POLRES METRO BEKASI,,KELAPA GADING,,1,blank crime type
2024,POLDA METRO JAYA,POLRES METRO BEKASI,,KEMAYORAN,,1,blank crime type
2024,POLDA METRO JAYA,POLRES METRO BEKASI,,KEMBANGAN,,1,blank crime type
2024,POLDA METRO JAYA,POLRES METRO BEKASI,,SETIA BUDI,,2,blank crime type
2024,POLDA METRO JAYA,POLRES METRO BEKASI,POLSEK CABANGBUNGIN,,Penganiayaan,1,blank kecamatan
2024,POLDA METRO JAYA,POLRES METRO BEKASI,POLSEK CIKARANG,,Pencurian Dengan Pemberatan ( Curat ),1,blank kecamatan
2024,POLDA METRO JAYA,POLRES METRO BEKASI,POLSEK CIKARANG,,Penganiayaan Berat ( Anirat ),1,blank kecamatan
2024,POLDA METRO JAYA,POLRES METRO BEKASI,POLSEK CIKARANG,,Pengeroyokan,1,blank kecamatan
2024,POLDA METRO JAYA,POLRES METRO BEKASI,POLSEK CIKARANG,SETIA BUDI,,1,blank crime type
2024,POLDA METRO JAYA,POLRES METRO BEKASI,POLSEK CIKARANG BARAT,,Penadahan,1,blank kecamatan
2024,POLDA METRO JAYA,POLRES METRO BEKASI,POLSEK CIKARANG PUSAT,,Pencurian Biasa,1,blank kecamatan
2024,POLDA METRO JAYA,POLRES METRO BEKASI,POLSEK CIKARANG TIMUR,,Narkotika ( Narkoba ),1,blank kecamatan
2024,POLDA METRO JAYA,POLRES METRO BEKASI,POLSEK PEBAYURAN,,Narkotika ( Narkoba ),1,blank kecamatan
2024,POLDA METRO JAYA,POLRES METRO BEKASI,POLSEK PEBAYURAN,,Pengeroyokan,1,blank kecamatan
2024,POLDA METRO JAYA,POLRES METRO BEKASI,POLSEK PEBAYURAN,MATRAMAN,,1,blank crime type
2024,POLDA METRO JAYA,POLRES METRO BEKASI,POLSEK TAMBUN,,Narkotika ( Narkoba ),1,blank kecamatan
2024,POLDA METRO JAYA,POLRES METRO BEKASI KOTA,,,Curanmor R-2,2,blank kecamatan
2024,POLDA METRO JAYA,POLRES METRO BEKASI KOTA,,,Kejahatan Terkait Senjata Tajam ( Sajam ) ( Premanisme ),1,blank kecamatan
2024,POLDA METRO JAYA,POLRES METRO BEKASI KOTA,,,Kejahatan terkait Tenaga Kesehatan,4,blank kecamatan
2024,POLDA METRO JAYA,POLRES METRO BEKASI KOTA,,,Kekerasan Dalam Rumah Tangga,3,blank kecamatan
2024,POLDA METRO JAYA,POLRES METRO BEKASI KOTA,,,Manipulasi data autentik secara elektronik (ITE),4,blank kecamatan
2024,POLDA METRO JAYA,POLRES METRO BEKASI KOTA,,,Memasuki Pekarangan Tanpa Ijin,1,blank kecamatan
2024,POLDA METRO JAYA,POLRES METRO BEKASI KOTA,,,Narkotika ( Narkoba ),67,blank kecamatan
2024,POLDA METRO JAYA,POLRES METRO BEKASI KOTA,,,Penadahan,1,blank kecamatan
2024,POLDA METRO JAYA,POLRES METRO BEKASI KOTA,,,Penggelapan,4,blank kecamatan
2024,POLDA METRO JAYA,POLRES METRO BEKASI KOTA,,,Penipuan / Perbuatan Curang,13,blank kecamatan
2024,POLDA METRO JAYA,POLRES METRO BEKASI KOTA,,,Perbuatan Yang Tidak Menyenangkan,2,blank kecamatan
2024,POLDA METRO JAYA,POLRES METRO BEKASI KOTA,,,Tindak Pidana Dalam Perlindungan Anak,3,blank kecamatan
2024,POLDA METRO JAYA,POLRES METRO BEKASI KOTA,,CAKUNG,,7,blank crime type
2024,POLDA METRO JAYA,POLRES METRO BEKASI KOTA,,CILINCING,,3,blank crime type
2024,POLDA METRO JAYA,POLRES METRO BEKASI KOTA,,CIRACAS,,2,blank crime type
2024,POLDA METRO JAYA,POLRES METRO BEKASI KOTA,,DUREN SAWIT,,3,blank crime type
2024,POLDA METRO JAYA,POLRES METRO BEKASI KOTA,,KEBAYORAN BARU,,2,blank crime type
2024,POLDA METRO JAYA,POLRES METRO BEKASI KOTA,,KOJA,,1,blank crime type
2024,POLDA METRO JAYA,POLRES METRO BEKASI KOTA,,KRAMAT JATI,,2,blank crime type
2024,POLDA METRO JAYA,POLRES METRO BEKASI KOTA,,MENTENG,,1,blank crime type
2024,POLDA METRO JAYA,POLRES METRO BEKASI KOTA,,PADEMANGAN,,1,blank crime type
2024,POLDA METRO JAYA,POLRES METRO BEKASI KOTA,,PANCORAN,,1,blank crime type
2024,POLDA METRO JAYA,POLRES METRO BEKASI KOTA,,PULO GADUNG,,2,blank crime type
2024,POLDA METRO JAYA,POLRES METRO BEKASI KOTA,,TANJUNG PRIOK,,2,blank crime type
2024,POLDA METRO JAYA,POLRES METRO BEKASI KOTA,,TEBET,,1,blank crime type
2024,POLDA METRO JAYA,POLRES METRO BEKASI KOTA,POLSEK BANTAR GEBANG,,Penggelapan,1,blank kecamatan
2024,POLDA METRO JAYA,POLRES METRO BEKASI KOTA,POLSEK BEKASI KOTA,,Pencurian Dengan Pemberatan ( Curat ),1,blank kecamatan
2024,POLDA METRO JAYA,POLRES METRO BEKASI KOTA,POLSEK BEKASI SELATAN,,Judi,1,blank kecamatan
2024,POLDA METRO JAYA,POLRES METRO BEKASI KOTA,POLSEK BEKASI SELATAN,CAKUNG,,1,blank crime type
2024,POLDA METRO JAYA,POLRES METRO BEKASI KOTA,POLSEK BEKASI UTARA,,Narkotika ( Narkoba ),2,blank kecamatan
2024,POLDA METRO JAYA,POLRES METRO BEKASI KOTA,POLSEK JATI SAMPURNA,,Pencurian Dengan Pemberatan ( Curat ),1,blank kecamatan
2024,POLDA METRO JAYA,POLRES METRO BEKASI KOTA,POLSEK JATI SAMPURNA,,Penganiayaan,1,blank kecamatan
2024,POLDA METRO JAYA,POLRES METRO BEKASI KOTA,POLSEK JATI SAMPURNA,,Penipuan / Perbuatan Curang,1,blank kecamatan
2024,POLDA METRO JAYA,POLRES METRO BEKASI KOTA,POLSEK MEDAN SATRIA,,Kejahatan Tentang Jaminan Fidusia,1,blank kecamatan
2024,POLDA METRO JAYA,POLRES METRO BEKASI KOTA,POLSEK MEDAN SATRIA,CAKUNG,,1,blank crime type
2024,POLDA METRO JAYA,POLRES METRO BEKASI KOTA,POLSEK PONDOK GEDE,,Narkotika ( Narkoba ),2,blank kecamatan
2024,POLDA METRO JAYA,POLRES METRO BEKASI KOTA,POLSEK PONDOK GEDE,,Pencurian Biasa,1,blank kecamatan
2024,POLDA METRO JAYA,POLRES METRO BEKASI KOTA,POLSEK PONDOK GEDE,,Pencurian Dengan Pemberatan ( Curat ),1,blank kecamatan
2024,POLDA METRO JAYA,POLRES METRO BEKASI KOTA,POLSEK PONDOK GEDE,,Penganiayaan,1,blank kecamatan
2024,POLDA METRO JAYA,POLRES METRO BEKASI KOTA,POLSEK PONDOK GEDE,,Pengerusakan,1,blank kecamatan
2024,POLDA METRO JAYA,POLRES METRO BEKASI KOTA,POLSEK PONDOK GEDE,CAKUNG,,1,blank crime type
2024,POLDA METRO JAYA,POLRES METRO BEKASI KOTA,POLSEK RAWALUMBU,,Pengeroyokan,1,blank kecamatan
2024,POLDA METRO JAYA,POLRES METRO BEKASI KOTA,POLSEK RAWALUMBU,CILANDAK,,1,blank crime type
2024,POLDA METRO JAYA,POLRES METRO DEPOK,,,Cabul,1,blank kecamatan
2024,POLDA METRO JAYA,POLRES METRO DEPOK,,,Kekerasan Dalam Rumah Tangga,5,blank kecamatan
2024,POLDA METRO JAYA,POLRES METRO DEPOK,,,Manipulasi data autentik secara elektronik (ITE),1,blank kecamatan
2024,POLDA METRO JAYA,POLRES METRO DEPOK,,,Narkotika ( Narkoba ),64,blank kecamatan
2024,POLDA METRO JAYA,POLRES METRO DEPOK,,,Pemalsuan Surat Otentik,2,blank kecamatan
2024,POLDA METRO JAYA,POLRES METRO DEPOK,,,Pencurian Dengan Pemberatan ( Curat ),1,blank kecamatan
2024,POLDA METRO JAYA,POLRES METRO DEPOK,,,Penganiayaan,1,blank kecamatan
2024,POLDA METRO JAYA,POLRES METRO DEPOK,,,Penganiayaan Berat ( Anirat ),1,blank kecamatan
2024,POLDA METRO JAYA,POLRES METRO DEPOK,,,Pengeroyokan,4,blank kecamatan
2024,POLDA METRO JAYA,POLRES METRO DEPOK,,,Pengerusakan,1,blank kecamatan
2024,POLDA METRO JAYA,POLRES METRO DEPOK,,,Penggelapan,1,blank kecamatan
2024,POLDA METRO JAYA,POLRES METRO DEPOK,,,Penipuan / Perbuatan Curang,13,blank kecamatan
2024,POLDA METRO JAYA,POLRES METRO DEPOK,,,Perbuatan Yang Tidak Menyenangkan,1,blank kecamatan
2024,POLDA METRO JAYA,POLRES METRO DEPOK,,,Perzinahan,1,blank kecamatan
2024,POLDA METRO JAYA,POLRES METRO DEPOK,,,Tindak Pidana Dalam Perlindungan Anak,1,blank kecamatan
2024,POLDA METRO JAYA,POLRES METRO DEPOK,,CILANDAK,,1,blank crime type
2024,POLDA METRO JAYA,POLRES METRO DEPOK,,CIPAYUNG,,1,blank crime type
2024,POLDA METRO JAYA,POLRES METRO DEPOK,,CIRACAS,,2,blank crime type
2024,POLDA METRO JAYA,POLRES METRO DEPOK,,JAGAKARSA,,1,blank crime type
2024,POLDA METRO JAYA,POLRES METRO DEPOK,,JATINEGARA,,1,blank crime type
2024,POLDA METRO JAYA,POLRES METRO DEPOK,,KRAMAT JATI,,2,blank crime type
2024,POLDA METRO JAYA,POLRES METRO DEPOK,,MAMPANG PRAPATAN,,1,blank crime type
2024,POLDA METRO JAYA,POLRES METRO DEPOK,,MENTENG,,1,blank crime type
2024,POLDA METRO JAYA,POLRES METRO DEPOK,,PASAR MINGGU,,2,blank crime type
2024,POLDA METRO JAYA,POLRES METRO DEPOK,,PASAR REBO,,4,blank crime type
2024,POLDA METRO JAYA,POLRES METRO DEPOK,POLSEK BEJI,,Narkotika ( Narkoba ),1,blank kecamatan
2024,POLDA METRO JAYA,POLRES METRO DEPOK,POLSEK BEJI,,Penipuan / Perbuatan Curang,1,blank kecamatan
2024,POLDA METRO JAYA,POLRES METRO DEPOK,POLSEK BOJONG GEDE,,Penganiayaan,2,blank kecamatan
2024,POLDA METRO JAYA,POLRES METRO DEPOK,POLSEK CIMANGGIS,,Narkotika ( Narkoba ),1,blank kecamatan
2024,POLDA METRO JAYA,POLRES METRO DEPOK,POLSEK CIMANGGIS,,Pencurian Dengan Pemberatan ( Curat ),1,blank kecamatan
2024,POLDA METRO JAYA,POLRES METRO DEPOK,POLSEK CIMANGGIS,,Penggelapan,1,blank kecamatan
2024,POLDA METRO JAYA,POLRES METRO DEPOK,POLSEK CIMANGGIS,,Penipuan / Perbuatan Curang,1,blank kecamatan
2024,POLDA METRO JAYA,POLRES METRO DEPOK,POLSEK CINERE,,Narkotika ( Narkoba ),1,blank kecamatan
2024,POLDA METRO JAYA,POLRES METRO DEPOK,POLSEK CINERE,,Pencurian Dengan Pemberatan ( Curat ),1,blank kecamatan
2024,POLDA METRO JAYA,POLRES METRO DEPOK,POLSEK CINERE,,Penipuan / Perbuatan Curang,1,blank kecamatan
2024,POLDA METRO JAYA,POLRES METRO DEPOK,POLSEK PANCORAN MAS,,Curanmor R-2,1,blank kecamatan
2024,POLDA METRO JAYA,POLRES METRO DEPOK,POLSEK PANCORAN MAS,,Kejahatan Terhadap Jiwa Orang / Pembunuhan,1,blank kecamatan
2024,POLDA METRO JAYA,POLRES METRO DEPOK,POLSEK PANCORAN MAS,CIRACAS,,1,blank crime type
2024,POLDA METRO JAYA,POLRES METRO DEPOK,POLSEK PANCORAN MAS,JAGAKARSA,,3,blank crime type
2024,POLDA METRO JAYA,POLRES METRO DEPOK,POLSEK SUKMAJAYA,,Penggelapan,1,blank kecamatan
2024,POLDA METRO JAYA,POLRES METRO JAKARTA BARAT,,,,1,blank kecamatan
2024,POLDA METRO JAYA,POLRES METRO JAKARTA BARAT,,,Cabul,1,blank kecamatan
2024,POLDA METRO JAYA,POLRES METRO JAKARTA BARAT,,,Curanmor R-2,13,blank kecamatan
2024,POLDA METRO JAYA,POLRES METRO JAKARTA BARAT,,,Judi,1,blank kecamatan
2024,POLDA METRO JAYA,POLRES METRO JAKARTA BARAT,,,Kawin halangan/kawin tanpa ijin,1,blank kecamatan
2024,POLDA METRO JAYA,POLRES METRO JAKARTA BARAT,,,Kejahatan Tentang Jaminan Fidusia,2,blank kecamatan
2024,POLDA METRO JAYA,POLRES METRO JAKARTA BARAT,,,Kejahatan Tentang Minyak Dan Gas  ( MIGAS ),1,blank kecamatan
2024,POLDA METRO JAYA,POLRES METRO JAKARTA BARAT,,,Kejahatan Tentang Pornografi,5,blank kecamatan
2024,POLDA METRO JAYA,POLRES METRO JAKARTA BARAT,,,Kejahatan Terkait Merek,11,blank kecamatan
2024,POLDA METRO JAYA,POLRES METRO JAKARTA BARAT,,,Kejahatan Terkait Perlindungan Data Pribadi,3,blank kecamatan
2024,POLDA METRO JAYA,POLRES METRO JAKARTA BARAT,,,Kejahatan Terkait Senjata Tajam ( Sajam ) ( Premanisme ),1,blank kecamatan
2024,POLDA METRO JAYA,POLRES METRO JAKARTA BARAT,,,Kekerasan Dalam Rumah Tangga,59,blank kecamatan
2024,POLDA METRO JAYA,POLRES METRO JAKARTA BARAT,,,Kekerasan Seksual (KDRT),17,blank kecamatan
2024,POLDA METRO JAYA,POLRES METRO JAKARTA BARAT,,,Manipulasi data autentik secara elektronik (ITE),86,blank kecamatan
2024,POLDA METRO JAYA,POLRES METRO JAKARTA BARAT,,,Melawan Putusan Pengadilan,1,blank kecamatan
2024,POLDA METRO JAYA,POLRES METRO JAKARTA BARAT,,,Memasuki Pekarangan Tanpa Ijin,22,blank kecamatan
2024,POLDA METRO JAYA,POLRES METRO JAKARTA BARAT,,,Narkotika ( Narkoba ),93,blank kecamatan
2024,POLDA METRO JAYA,POLRES METRO JAKARTA BARAT,,,Pemalsuan Mata Uang Dan Uang Kertas,1,blank kecamatan
2024,POLDA METRO JAYA,POLRES METRO JAKARTA BARAT,,,Pemalsuan Surat Otentik,22,blank kecamatan
2024,POLDA METRO JAYA,POLRES METRO JAKARTA BARAT,,,Pemerasan Dan Pengancaman,5,blank kecamatan
2024,POLDA METRO JAYA,POLRES METRO JAKARTA BARAT,,,Penadahan,1,blank kecamatan
2024,POLDA METRO JAYA,POLRES METRO JAKARTA BARAT,,,Pencemaran Nama Baik,12,blank kecamatan
2024,POLDA METRO JAYA,POLRES METRO JAKARTA BARAT,,,Pencurian Biasa,79,blank kecamatan
2024,POLDA METRO JAYA,POLRES METRO JAKARTA BARAT,,,Pencurian Dengan Kekerasan ( Curas ),12,blank kecamatan
2024,POLDA METRO JAYA,POLRES METRO JAKARTA BARAT,,,Pencurian Dengan Pemberatan ( Curat ),119,blank kecamatan
2024,POLDA METRO JAYA,POLRES METRO JAKARTA BARAT,,,Pencurian dalam lingkungan keluarga,1,blank kecamatan
2024,POLDA METRO JAYA,POLRES METRO JAKARTA BARAT,,,Pengaduan Palsu,2,blank kecamatan
2024,POLDA METRO JAYA,POLRES METRO JAKARTA BARAT,,,Pengancaman,7,blank kecamatan
2024,POLDA METRO JAYA,POLRES METRO JAKARTA BARAT,,,Penganiayaan,53,blank kecamatan
2024,POLDA METRO JAYA,POLRES METRO JAKARTA BARAT,,,Penganiayaan Berat ( Anirat ),1,blank kecamatan
2024,POLDA METRO JAYA,POLRES METRO JAKARTA BARAT,,,Pengeroyokan,35,blank kecamatan
2024,POLDA METRO JAYA,POLRES METRO JAKARTA BARAT,,,Pengerusakan,8,blank kecamatan
2024,POLDA METRO JAYA,POLRES METRO JAKARTA BARAT,,,Penggelapan,123,blank kecamatan
2024,POLDA METRO JAYA,POLRES METRO JAKARTA BARAT,,,Penghinaan,1,blank kecamatan
2024,POLDA METRO JAYA,POLRES METRO JAKARTA BARAT,,,Penipuan / Perbuatan Curang,221,blank kecamatan
2024,POLDA METRO JAYA,POLRES METRO JAKARTA BARAT,,,Penyebaran Berita Bohong ( Hoax ),1,blank kecamatan
2024,POLDA METRO JAYA,POLRES METRO JAKARTA BARAT,,,Penyekapan,1,blank kecamatan
2024,POLDA METRO JAYA,POLRES METRO JAKARTA BARAT,,,Penyerobotan Tanah,2,blank kecamatan
2024,POLDA METRO JAYA,POLRES METRO JAKARTA BARAT,,,Perampasan ( Premanisme ),3,blank kecamatan
2024,POLDA METRO JAYA,POLRES METRO JAKARTA BARAT,,,Perbuatan Yang Tidak Menyenangkan,10,blank kecamatan
2024,POLDA METRO JAYA,POLRES METRO JAKARTA BARAT,,,Perdagangan Manusia / Trafficking In Person / Tppo (dalam Negeri),2,blank kecamatan
2024,POLDA METRO JAYA,POLRES METRO JAKARTA BARAT,,,Perkosaan,2,blank kecamatan
2024,POLDA METRO JAYA,POLRES METRO JAKARTA BARAT,,,Perlindungan Konsumen,2,blank kecamatan
2024,POLDA METRO JAYA,POLRES METRO JAKARTA BARAT,,,Persetubuhan Terhadap Anak / Cabul Terhadap Anak,10,blank kecamatan
2024,POLDA METRO JAYA,POLRES METRO JAKARTA BARAT,,,Perzinahan,4,blank kecamatan
2024,POLDA METRO JAYA,POLRES METRO JAKARTA BARAT,,,Psikotropika ( Narkoba ),1,blank kecamatan
2024,POLDA METRO JAYA,POLRES METRO JAKARTA BARAT,,,Sumpah Palsu Dan Keterangan Palsu,2,blank kecamatan
2024,POLDA METRO JAYA,POLRES METRO JAKARTA BARAT,,,Tindak Pidana Dalam Perlindungan Anak,50,blank kecamatan
2024,POLDA METRO JAYA,POLRES METRO JAKARTA BARAT,,,Tindak Pidana Transfer Dana,1,blank kecamatan
2024,POLDA METRO JAYA,POLRES METRO JAKARTA BARAT,,CAKUNG,,1,blank crime type
2024,POLDA METRO JAYA,POLRES METRO JAKARTA BARAT,,CENGKARENG,,81,blank crime type
2024,POLDA METRO JAYA,POLRES METRO JAKARTA BARAT,,DUREN SAWIT,,1,blank crime type
2024,POLDA METRO JAYA,POLRES METRO JAKARTA BARAT,,GROGOL PETAMBURAN,,64,blank crime type
2024,POLDA METRO JAYA,POLRES METRO JAKARTA BARAT,,JAGAKARSA,,1,blank crime type
2024,POLDA METRO JAYA,POLRES METRO JAKARTA BARAT,,JATINEGARA,,2,blank crime type
2024,POLDA METRO JAYA,POLRES METRO JAKARTA BARAT,,KALI DERES,,26,blank crime type
2024,POLDA METRO JAYA,POLRES METRO JAKARTA BARAT,,KEBAYORAN LAMA,,1,blank crime type
2024,POLDA METRO JAYA,POLRES METRO JAKARTA BARAT,,KEBON JERUK,,60,blank crime type
2024,POLDA METRO JAYA,POLRES METRO JAKARTA BARAT,,KEMBANGAN,,37,blank crime type
2024,POLDA METRO JAYA,POLRES METRO JAKARTA BARAT,,PALMERAH,,37,blank crime type
2024,POLDA METRO JAYA,POLRES METRO JAKARTA BARAT,,PANCORAN,,1,blank crime type
2024,POLDA METRO JAYA,POLRES METRO JAKARTA BARAT,,PASAR MINGGU,,1,blank crime type
2024,POLDA METRO JAYA,POLRES METRO JAKARTA BARAT,,SAWAH BESAR,,1,blank crime type
2024,POLDA METRO JAYA,POLRES METRO JAKARTA BARAT,,SENEN,,1,blank crime type
2024,POLDA METRO JAYA,POLRES METRO JAKARTA BARAT,,SETIA BUDI,,1,blank crime type
2024,POLDA METRO JAYA,POLRES METRO JAKARTA BARAT,,TAMAN SARI,,22,blank crime type
2024,POLDA METRO JAYA,POLRES METRO JAKARTA BARAT,,TAMBORA,,16,blank crime type
2024,POLDA METRO JAYA,POLRES METRO JAKARTA BARAT,,TANAH ABANG,,1,blank crime type
2024,POLDA METRO JAYA,POLRES METRO JAKARTA BARAT,POLSEK CENGKARENG,,Cabul,1,blank kecamatan
2024,POLDA METRO JAYA,POLRES METRO JAKARTA BARAT,POLSEK CENGKARENG,,Judi,2,blank kecamatan
2024,POLDA METRO JAYA,POLRES METRO JAKARTA BARAT,POLSEK CENGKARENG,,Kejahatan Terkait Senjata Tajam ( Sajam ) ( Premanisme ),1,blank kecamatan
2024,POLDA METRO JAYA,POLRES METRO JAKARTA BARAT,POLSEK CENGKARENG,,Kekerasan Dalam Rumah Tangga,3,blank kecamatan
2024,POLDA METRO JAYA,POLRES METRO JAKARTA BARAT,POLSEK CENGKARENG,,Narkotika ( Narkoba ),6,blank kecamatan
2024,POLDA METRO JAYA,POLRES METRO JAKARTA BARAT,POLSEK CENGKARENG,,Pemerasan Dan Pengancaman,2,blank kecamatan
2024,POLDA METRO JAYA,POLRES METRO JAKARTA BARAT,POLSEK CENGKARENG,,Pencurian Biasa,10,blank kecamatan
2024,POLDA METRO JAYA,POLRES METRO JAKARTA BARAT,POLSEK CENGKARENG,,Pencurian Dengan Kekerasan ( Curas ),5,blank kecamatan
2024,POLDA METRO JAYA,POLRES METRO JAKARTA BARAT,POLSEK CENGKARENG,,Pencurian Dengan Pemberatan ( Curat ),29,blank kecamatan
2024,POLDA METRO JAYA,POLRES METRO JAKARTA BARAT,POLSEK CENGKARENG,,Pengancaman,2,blank kecamatan
2024,POLDA METRO JAYA,POLRES METRO JAKARTA BARAT,POLSEK CENGKARENG,,Penganiayaan,29,blank kecamatan
2024,POLDA METRO JAYA,POLRES METRO JAKARTA BARAT,POLSEK CENGKARENG,,Penganiayaan Berat ( Anirat ),8,blank kecamatan
2024,POLDA METRO JAYA,POLRES METRO JAKARTA BARAT,POLSEK CENGKARENG,,Pengeroyokan,19,blank kecamatan
2024,POLDA METRO JAYA,POLRES METRO JAKARTA BARAT,POLSEK CENGKARENG,,Penggelapan,18,blank kecamatan
2024,POLDA METRO JAYA,POLRES METRO JAKARTA BARAT,POLSEK CENGKARENG,,Penipuan / Perbuatan Curang,20,blank kecamatan
2024,POLDA METRO JAYA,POLRES METRO JAKARTA BARAT,POLSEK CENGKARENG,,Perdagangan Manusia / Trafficking In Person / Tppo (dalam Negeri),1,blank kecamatan
2024,POLDA METRO JAYA,POLRES METRO JAKARTA BARAT,POLSEK CENGKARENG,,Terhadap ketertiban umum,20,blank kecamatan
2024,POLDA METRO JAYA,POLRES METRO JAKARTA BARAT,POLSEK CENGKARENG,,Tindak Pidana Dalam Perlindungan Anak,1,blank kecamatan
2024,POLDA METRO JAYA,POLRES METRO JAKARTA BARAT,POLSEK CENGKARENG,CENGKARENG,,48,blank crime type
2024,POLDA METRO JAYA,POLRES METRO JAKARTA BARAT,POLSEK CENGKARENG,TAMBORA,,1,blank crime type
2024,POLDA METRO JAYA,POLRES METRO JAKARTA BARAT,POLSEK KALIDERES,,,1,blank kecamatan
2024,POLDA METRO JAYA,POLRES METRO JAKARTA BARAT,POLSEK KALIDERES,,Judi,1,blank kecamatan
2024,POLDA METRO JAYA,POLRES METRO JAKARTA BARAT,POLSEK KALIDERES,,Kejahatan Terkait Senjata Tajam ( Sajam ) ( Premanisme ),7,blank kecamatan
2024,POLDA METRO JAYA,POLRES METRO JAKARTA BARAT,POLSEK KALIDERES,,Kekerasan Dalam Rumah Tangga,5,blank kecamatan
2024,POLDA METRO JAYA,POLRES METRO JAKARTA BARAT,POLSEK KALIDERES,,Narkotika ( Narkoba ),7,blank kecamatan
2024,POLDA METRO JAYA,POLRES METRO JAKARTA BARAT,POLSEK KALIDERES,,Pemalsuan Surat Otentik,1,blank kecamatan
2024,POLDA METRO JAYA,POLRES METRO JAKARTA BARAT,POLSEK KALIDERES,,Penadahan,1,blank kecamatan
2024,POLDA METRO JAYA,POLRES METRO JAKARTA BARAT,POLSEK KALIDERES,,Pencurian Biasa,15,blank kecamatan
2024,POLDA METRO JAYA,POLRES METRO JAKARTA BARAT,POLSEK KALIDERES,,Pencurian Dengan Kekerasan ( Curas ),2,blank kecamatan
2024,POLDA METRO JAYA,POLRES METRO JAKARTA BARAT,POLSEK KALIDERES,,Pencurian Dengan Pemberatan ( Curat ),22,blank kecamatan
2024,POLDA METRO JAYA,POLRES METRO JAKARTA BARAT,POLSEK KALIDERES,,Pencurian dalam lingkungan keluarga,2,blank kecamatan
2024,POLDA METRO JAYA,POLRES METRO JAKARTA BARAT,POLSEK KALIDERES,,Penganiayaan,22,blank kecamatan
2024,POLDA METRO JAYA,POLRES METRO JAKARTA BARAT,POLSEK KALIDERES,,Penganiayaan Berat ( Anirat ),1,blank kecamatan
2024,POLDA METRO JAYA,POLRES METRO JAKARTA BARAT,POLSEK KALIDERES,,Pengeroyokan,6,blank kecamatan
2024,POLDA METRO JAYA,POLRES METRO JAKARTA BARAT,POLSEK KALIDERES,,Pengerusakan,1,blank kecamatan
2024,POLDA METRO JAYA,POLRES METRO JAKARTA BARAT,POLSEK KALIDERES,,Penggelapan,21,blank kecamatan
2024,POLDA METRO JAYA,POLRES METRO JAKARTA BARAT,POLSEK KALIDERES,,Penipuan / Perbuatan Curang,20,blank kecamatan
2024,POLDA METRO JAYA,POLRES METRO JAKARTA BARAT,POLSEK KALIDERES,,Perbuatan Yang Tidak Menyenangkan,3,blank kecamatan
2024,POLDA METRO JAYA,POLRES METRO JAKARTA BARAT,POLSEK KALIDERES,,Percobaan Pencurian,2,blank kecamatan
2024,POLDA METRO JAYA,POLRES METRO JAKARTA BARAT,POLSEK KALIDERES,,Persetubuhan Terhadap Anak / Cabul Terhadap Anak,1,blank kecamatan
2024,POLDA METRO JAYA,POLRES METRO JAKARTA BARAT,POLSEK KALIDERES,,Terhadap ketertiban umum,3,blank kecamatan
2024,POLDA METRO JAYA,POLRES METRO JAKARTA BARAT,POLSEK KALIDERES,,Tindak Pidana Dalam Perlindungan Anak,6,blank kecamatan
2024,POLDA METRO JAYA,POLRES METRO JAKARTA BARAT,POLSEK KALIDERES,CENGKARENG,,1,blank crime type
2024,POLDA METRO JAYA,POLRES METRO JAKARTA BARAT,POLSEK KALIDERES,KALI DERES,,39,blank crime type
2024,POLDA METRO JAYA,POLRES METRO JAKARTA BARAT,POLSEK KEBON JERUK,,Cabul,2,blank kecamatan
2024,POLDA METRO JAYA,POLRES METRO JAKARTA BARAT,POLSEK KEBON JERUK,,Kejahatan Terkait Senjata Tajam ( Sajam ) ( Premanisme ),3,blank kecamatan
2024,POLDA METRO JAYA,POLRES METRO JAKARTA BARAT,POLSEK KEBON JERUK,,Manipulasi data autentik secara elektronik (ITE),3,blank kecamatan
2024,POLDA METRO JAYA,POLRES METRO JAKARTA BARAT,POLSEK KEBON JERUK,,Narkotika ( Narkoba ),17,blank kecamatan
2024,POLDA METRO JAYA,POLRES METRO JAKARTA BARAT,POLSEK KEBON JERUK,,Pencurian Biasa,7,blank kecamatan
2024,POLDA METRO JAYA,POLRES METRO JAKARTA BARAT,POLSEK KEBON JERUK,,Pencurian Dengan Kekerasan ( Curas ),2,blank kecamatan
2024,POLDA METRO JAYA,POLRES METRO JAKARTA BARAT,POLSEK KEBON JERUK,,Pencurian Dengan Pemberatan ( Curat ),12,blank kecamatan
2024,POLDA METRO JAYA,POLRES METRO JAKARTA BARAT,POLSEK KEBON JERUK,,Penganiayaan,12,blank kecamatan
2024,POLDA METRO JAYA,POLRES METRO JAKARTA BARAT,POLSEK KEBON JERUK,,Penganiayaan Berat ( Anirat ),4,blank kecamatan
2024,POLDA METRO JAYA,POLRES METRO JAKARTA BARAT,POLSEK KEBON JERUK,,Penggelapan,13,blank kecamatan
2024,POLDA METRO JAYA,POLRES METRO JAKARTA BARAT,POLSEK KEBON JERUK,,Penipuan / Perbuatan Curang,12,blank kecamatan
2024,POLDA METRO JAYA,POLRES METRO JAKARTA BARAT,POLSEK KEBON JERUK,CENGKARENG,,3,blank crime type
2024,POLDA METRO JAYA,POLRES METRO JAKARTA BARAT,POLSEK KEBON JERUK,KEBON JERUK,,29,blank crime type
2024,POLDA METRO JAYA,POLRES METRO JAKARTA BARAT,POLSEK KEBON JERUK,KEMBANGAN,,1,blank crime type
2024,POLDA METRO JAYA,POLRES METRO JAKARTA BARAT,POLSEK KEBON JERUK,PENJARINGAN,,1,blank crime type
2024,POLDA METRO JAYA,POLRES METRO JAKARTA BARAT,POLSEK KEMBANGAN,,Karena Alpa  Menimbulkan  Kebakaran/ Meletus/banjir,1,blank kecamatan
2024,POLDA METRO JAYA,POLRES METRO JAKARTA BARAT,POLSEK KEMBANGAN,,Kejahatan Terkait Senjata Tajam ( Sajam ) ( Premanisme ),7,blank kecamatan
2024,POLDA METRO JAYA,POLRES METRO JAKARTA BARAT,POLSEK KEMBANGAN,,Kekerasan Dalam Rumah Tangga,1,blank kecamatan
2024,POLDA METRO JAYA,POLRES METRO JAKARTA BARAT,POLSEK KEMBANGAN,,Narkotika ( Narkoba ),6,blank kecamatan
2024,POLDA METRO JAYA,POLRES METRO JAKARTA BARAT,POLSEK KEMBANGAN,,Pencurian Biasa,9,blank kecamatan
2024,POLDA METRO JAYA,POLRES METRO JAKARTA BARAT,POLSEK KEMBANGAN,,Pencurian Dengan Kekerasan ( Curas ),4,blank kecamatan
2024,POLDA METRO JAYA,POLRES METRO JAKARTA BARAT,POLSEK KEMBANGAN,,Pencurian Dengan Pemberatan ( Curat ),22,blank kecamatan
2024,POLDA METRO JAYA,POLRES METRO JAKARTA BARAT,POLSEK KEMBANGAN,,Penganiayaan,12,blank kecamatan
2024,POLDA METRO JAYA,POLRES METRO JAKARTA BARAT,POLSEK KEMBANGAN,,Penganiayaan Berat ( Anirat ),17,blank kecamatan
2024,POLDA METRO JAYA,POLRES METRO JAKARTA BARAT,POLSEK KEMBANGAN,,Pengeroyokan,7,blank kecamatan
2024,POLDA METRO JAYA,POLRES METRO JAKARTA BARAT,POLSEK KEMBANGAN,,Pengerusakan,2,blank kecamatan
2024,POLDA METRO JAYA,POLRES METRO JAKARTA BARAT,POLSEK KEMBANGAN,,Penggelapan,13,blank kecamatan
2024,POLDA METRO JAYA,POLRES METRO JAKARTA BARAT,POLSEK KEMBANGAN,,Penipuan / Perbuatan Curang,8,blank kecamatan
2024,POLDA METRO JAYA,POLRES METRO JAKARTA BARAT,POLSEK KEMBANGAN,,Perbuatan Yang Tidak Menyenangkan,1,blank kecamatan
2024,POLDA METRO JAYA,POLRES METRO JAKARTA BARAT,POLSEK KEMBANGAN,,Sengaja Menimbulkan Kebakaran/banjir (pembakaran),1,blank kecamatan
2024,POLDA METRO JAYA,POLRES METRO JAKARTA BARAT,POLSEK KEMBANGAN,CENGKARENG,,2,blank crime type
2024,POLDA METRO JAYA,POLRES METRO JAKARTA BARAT,POLSEK KEMBANGAN,GROGOL PETAMBURAN,,1,blank crime type
2024,POLDA METRO JAYA,POLRES METRO JAKARTA BARAT,POLSEK KEMBANGAN,KEMBANGAN,,36,blank crime type
2024,POLDA METRO JAYA,POLRES METRO JAKARTA BARAT,POLSEK METRO TAMANSARI,,Kejahatan Terkait Senjata Tajam ( Sajam ) ( Premanisme ),9,blank kecamatan
2024,POLDA METRO JAYA,POLRES METRO JAKARTA BARAT,POLSEK METRO TAMANSARI,,Kekerasan Dalam Rumah Tangga,3,blank kecamatan
2024,POLDA METRO JAYA,POLRES METRO JAKARTA BARAT,POLSEK METRO TAMANSARI,,Narkotika ( Narkoba ),8,blank kecamatan
2024,POLDA METRO JAYA,POLRES METRO JAKARTA BARAT,POLSEK METRO TAMANSARI,,Pencurian Biasa,13,blank kecamatan
2024,POLDA METRO JAYA,POLRES METRO JAKARTA BARAT,POLSEK METRO TAMANSARI,,Pencurian Dengan Kekerasan ( Curas ),1,blank kecamatan
2024,POLDA METRO JAYA,POLRES METRO JAKARTA BARAT,POLSEK METRO TAMANSARI,,Pencurian Dengan Pemberatan ( Curat ),27,blank kecamatan
2024,POLDA METRO JAYA,POLRES METRO JAKARTA BARAT,POLSEK METRO TAMANSARI,,Pencurian dalam lingkungan keluarga,1,blank kecamatan
2024,POLDA METRO JAYA,POLRES METRO JAKARTA BARAT,POLSEK METRO TAMANSARI,,Penganiayaan,31,blank kecamatan
2024,POLDA METRO JAYA,POLRES METRO JAKARTA BARAT,POLSEK METRO TAMANSARI,,Penganiayaan Berat ( Anirat ),2,blank kecamatan
2024,POLDA METRO JAYA,POLRES METRO JAKARTA BARAT,POLSEK METRO TAMANSARI,,Pengeroyokan,13,blank kecamatan
2024,POLDA METRO JAYA,POLRES METRO JAKARTA BARAT,POLSEK METRO TAMANSARI,,Penggelapan,23,blank kecamatan
2024,POLDA METRO JAYA,POLRES METRO JAKARTA BARAT,POLSEK METRO TAMANSARI,,Penghinaan,3,blank kecamatan
2024,POLDA METRO JAYA,POLRES METRO JAKARTA BARAT,POLSEK METRO TAMANSARI,,Penipuan / Perbuatan Curang,12,blank kecamatan
2024,POLDA METRO JAYA,POLRES METRO JAKARTA BARAT,POLSEK METRO TAMANSARI,,Percobaan Pencurian,1,blank kecamatan
2024,POLDA METRO JAYA,POLRES METRO JAKARTA BARAT,POLSEK METRO TAMANSARI,,Terhadap ketertiban umum,1,blank kecamatan
2024,POLDA METRO JAYA,POLRES METRO JAKARTA BARAT,POLSEK METRO TAMANSARI,,Tindak Pidana Dalam Perlindungan Anak,1,blank kecamatan
2024,POLDA METRO JAYA,POLRES METRO JAKARTA BARAT,POLSEK METRO TAMANSARI,CENGKARENG,,1,blank crime type
2024,POLDA METRO JAYA,POLRES METRO JAKARTA BARAT,POLSEK METRO TAMANSARI,KEMBANGAN,,1,blank crime type
2024,POLDA METRO JAYA,POLRES METRO JAKARTA BARAT,POLSEK METRO TAMANSARI,PENJARINGAN,,1,blank crime type
2024,POLDA METRO JAYA,POLRES METRO JAKARTA BARAT,POLSEK METRO TAMANSARI,SAWAH BESAR,,3,blank crime type
2024,POLDA METRO JAYA,POLRES METRO JAKARTA BARAT,POLSEK METRO TAMANSARI,SENEN,,1,blank crime type
2024,POLDA METRO JAYA,POLRES METRO JAKARTA BARAT,POLSEK METRO TAMANSARI,TAMAN SARI,,25,blank crime type
2024,POLDA METRO JAYA,POLRES METRO JAKARTA BARAT,POLSEK PALMERAH,,Judi,1,blank kecamatan
2024,POLDA METRO JAYA,POLRES METRO JAKARTA BARAT,POLSEK PALMERAH,,Kejahatan Terkait Senjata Tajam ( Sajam ) ( Premanisme ),3,blank kecamatan
2024,POLDA METRO JAYA,POLRES METRO JAKARTA BARAT,POLSEK PALMERAH,,Narkotika ( Narkoba ),11,blank kecamatan
2024,POLDA METRO JAYA,POLRES METRO JAKARTA BARAT,POLSEK PALMERAH,,Pemerasan Dan Pengancaman,1,blank kecamatan
2024,POLDA METRO JAYA,POLRES METRO JAKARTA BARAT,POLSEK PALMERAH,,Pencurian Biasa,8,blank kecamatan
2024,POLDA METRO JAYA,POLRES METRO JAKARTA BARAT,POLSEK PALMERAH,,Pencurian Dengan Pemberatan ( Curat ),13,blank kecamatan
2024,POLDA METRO JAYA,POLRES METRO JAKARTA BARAT,POLSEK PALMERAH,,Penganiayaan,3,blank kecamatan
2024,POLDA METRO JAYA,POLRES METRO JAKARTA BARAT,POLSEK PALMERAH,,Penganiayaan Berat ( Anirat ),1,blank kecamatan
2024,POLDA METRO JAYA,POLRES METRO JAKARTA BARAT,POLSEK PALMERAH,,Penggelapan,7,blank kecamatan
2024,POLDA METRO JAYA,POLRES METRO JAKARTA BARAT,POLSEK PALMERAH,,Penipuan / Perbuatan Curang,4,blank kecamatan
2024,POLDA METRO JAYA,POLRES METRO JAKARTA BARAT,POLSEK PALMERAH,CIRACAS,,1,blank crime type
2024,POLDA METRO JAYA,POLRES METRO JAKARTA BARAT,POLSEK PALMERAH,KRAMAT JATI,,1,blank crime type
2024,POLDA METRO JAYA,POLRES METRO JAKARTA BARAT,POLSEK PALMERAH,PALMERAH,,21,blank crime type
2024,POLDA METRO JAYA,POLRES METRO JAKARTA BARAT,POLSEK TAMBORA,,Judi,2,blank kecamatan
2024,POLDA METRO JAYA,POLRES METRO JAKARTA BARAT,POLSEK TAMBORA,,Kejahatan Tentang Minyak Dan Gas  ( MIGAS ),1,blank kecamatan
2024,POLDA METRO JAYA,POLRES METRO JAKARTA BARAT,POLSEK TAMBORA,,Kejahatan Terkait Merek,25,blank kecamatan
2024,POLDA METRO JAYA,POLRES METRO JAKARTA BARAT,POLSEK TAMBORA,,Kejahatan Terkait Senjata Tajam ( Sajam ) ( Premanisme ),8,blank kecamatan
2024,POLDA METRO JAYA,POLRES METRO JAKARTA BARAT,POLSEK TAMBORA,,Menghambat Penyidikan,1,blank kecamatan
2024,POLDA METRO JAYA,POLRES METRO JAKARTA BARAT,POLSEK TAMBORA,,Narkotika ( Narkoba ),13,blank kecamatan
2024,POLDA METRO JAYA,POLRES METRO JAKARTA BARAT,POLSEK TAMBORA,,Pencurian Biasa,5,blank kecamatan
2024,POLDA METRO JAYA,POLRES METRO JAKARTA BARAT,POLSEK TAMBORA,,Pencurian Dengan Kekerasan ( Curas ),3,blank kecamatan
2024,POLDA METRO JAYA,POLRES METRO JAKARTA BARAT,POLSEK TAMBORA,,Pencurian Dengan Pemberatan ( Curat ),10,blank kecamatan
2024,POLDA METRO JAYA,POLRES METRO JAKARTA BARAT,POLSEK TAMBORA,,Penganiayaan,7,blank kecamatan
2024,POLDA METRO JAYA,POLRES METRO JAKARTA BARAT,POLSEK TAMBORA,,Penganiayaan Berat ( Anirat ),1,blank kecamatan
2024,POLDA METRO JAYA,POLRES METRO JAKARTA BARAT,POLSEK TAMBORA,,Pengeroyokan,1,blank kecamatan
2024,POLDA METRO JAYA,POLRES METRO JAKARTA BARAT,POLSEK TAMBORA,,Penggelapan,3,blank kecamatan
2024,POLDA METRO JAYA,POLRES METRO JAKARTA BARAT,POLSEK TAMBORA,,Penipuan / Perbuatan Curang,2,blank kecamatan
2024,POLDA METRO JAYA,POLRES METRO JAKARTA BARAT,POLSEK TAMBORA,,Terhadap ketertiban umum,1,blank kecamatan
2024,POLDA METRO JAYA,POLRES METRO JAKARTA BARAT,POLSEK TAMBORA,CILANDAK,,1,blank crime type
2024,POLDA METRO JAYA,POLRES METRO JAKARTA BARAT,POLSEK TAMBORA,GROGOL PETAMBURAN,,1,blank crime type
2024,POLDA METRO JAYA,POLRES METRO JAKARTA BARAT,POLSEK TAMBORA,KEBON JERUK,,1,blank crime type
2024,POLDA METRO JAYA,POLRES METRO JAKARTA BARAT,POLSEK TAMBORA,KRAMAT JATI,,1,blank crime type
2024,POLDA METRO JAYA,POLRES METRO JAKARTA BARAT,POLSEK TAMBORA,PALMERAH,,1,blank crime type
2024,POLDA METRO JAYA,POLRES METRO JAKARTA BARAT,POLSEK TAMBORA,TAMBORA,,40,blank crime type
2024,POLDA METRO JAYA,POLRES METRO JAKARTA BARAT,POLSEK TANJUNG DUREN,,Curanmor R-2,2,blank kecamatan
2024,POLDA METRO JAYA,POLRES METRO JAKARTA BARAT,POLSEK TANJUNG DUREN,,Judi,2,blank kecamatan
2024,POLDA METRO JAYA,POLRES METRO JAKARTA BARAT,POLSEK TANJUNG DUREN,,Kejahatan Tentang Pornografi,1,blank kecamatan
2024,POLDA METRO JAYA,POLRES METRO JAKARTA BARAT,POLSEK TANJUNG DUREN,,Kejahatan Terkait Senjata Tajam ( Sajam ) ( Premanisme ),1,blank kecamatan
2024,POLDA METRO JAYA,POLRES METRO JAKARTA BARAT,POLSEK TANJUNG DUREN,,Manipulasi data autentik secara elektronik (ITE),1,blank kecamatan
2024,POLDA METRO JAYA,POLRES METRO JAKARTA BARAT,POLSEK TANJUNG DUREN,,Narkotika ( Narkoba ),7,blank kecamatan
2024,POLDA METRO JAYA,POLRES METRO JAKARTA BARAT,POLSEK TANJUNG DUREN,,Pencurian Biasa,2,blank kecamatan
2024,POLDA METRO JAYA,POLRES METRO JAKARTA BARAT,POLSEK TANJUNG DUREN,,Pencurian Dengan Kekerasan ( Curas ),1,blank kecamatan
2024,POLDA METRO JAYA,POLRES METRO JAKARTA BARAT,POLSEK TANJUNG DUREN,,Pencurian Dengan Pemberatan ( Curat ),12,blank kecamatan
2024,POLDA METRO JAYA,POLRES METRO JAKARTA BARAT,POLSEK TANJUNG DUREN,,Pengancaman,1,blank kecamatan
2024,POLDA METRO JAYA,POLRES METRO JAKARTA BARAT,POLSEK TANJUNG DUREN,,Penganiayaan,3,blank kecamatan
2024,POLDA METRO JAYA,POLRES METRO JAKARTA BARAT,POLSEK TANJUNG DUREN,,Penggelapan,2,blank kecamatan
2024,POLDA METRO JAYA,POLRES METRO JAKARTA BARAT,POLSEK TANJUNG DUREN,,Penipuan / Perbuatan Curang,2,blank kecamatan
2024,POLDA METRO JAYA,POLRES METRO JAKARTA BARAT,POLSEK TANJUNG DUREN,,Terhadap ketertiban umum,1,blank kecamatan
2024,POLDA METRO JAYA,POLRES METRO JAKARTA BARAT,POLSEK TANJUNG DUREN,CENGKARENG,,3,blank crime type
2024,POLDA METRO JAYA,POLRES METRO JAKARTA BARAT,POLSEK TANJUNG DUREN,GROGOL PETAMBURAN,,26,blank crime type
2024,POLDA METRO JAYA,POLRES METRO JAKARTA BARAT,POLSEK TANJUNG DUREN,KEBON JERUK,,1,blank crime type
2024,POLDA METRO JAYA,POLRES METRO JAKARTA BARAT,POLSEK TANJUNG DUREN,TAMAN SARI,,1,blank crime type
2024,POLDA METRO JAYA,POLRES METRO JAKARTA PUSAT,,,,2,blank kecamatan
2024,POLDA METRO JAYA,POLRES METRO JAKARTA PUSAT,,,Cabul,2,blank kecamatan
2024,POLDA METRO JAYA,POLRES METRO JAKARTA PUSAT,,,Curanmor R-2,18,blank kecamatan
2024,POLDA METRO JAYA,POLRES METRO JAKARTA PUSAT,,,Kejahatan Tentang Jaminan Fidusia,6,blank kecamatan
2024,POLDA METRO JAYA,POLRES METRO JAKARTA PUSAT,,,Kejahatan Tentang Tenaga Kerja,3,blank kecamatan
2024,POLDA METRO JAYA,POLRES METRO JAKARTA PUSAT,,,Kejahatan Terhadap Jiwa Orang / Pembunuhan,1,blank kecamatan
2024,POLDA METRO JAYA,POLRES METRO JAKARTA PUSAT,,,Kejahatan Terkait Merek,10,blank kecamatan
2024,POLDA METRO JAYA,POLRES METRO JAKARTA PUSAT,,,Kejahatan Terkait Perlindungan Data Pribadi,2,blank kecamatan
2024,POLDA METRO JAYA,POLRES METRO JAKARTA PUSAT,,,Kekerasan Dalam Rumah Tangga,62,blank kecamatan
2024,POLDA METRO JAYA,POLRES METRO JAKARTA PUSAT,,,Kekerasan Seksual (KDRT),10,blank kecamatan
2024,POLDA METRO JAYA,POLRES METRO JAKARTA PUSAT,,,Manipulasi data autentik secara elektronik (ITE),103,blank kecamatan
2024,POLDA METRO JAYA,POLRES METRO JAKARTA PUSAT,,,Memasuki Pekarangan Tanpa Ijin,3,blank kecamatan
2024,POLDA METRO JAYA,POLRES METRO JAKARTA PUSAT,,,Narkotika ( Narkoba ),101,blank kecamatan
2024,POLDA METRO JAYA,POLRES METRO JAKARTA PUSAT,,,Pemalsuan Surat Otentik,20,blank kecamatan
2024,POLDA METRO JAYA,POLRES METRO JAKARTA PUSAT,,,Pemerasan Dan Pengancaman,12,blank kecamatan
2024,POLDA METRO JAYA,POLRES METRO JAKARTA PUSAT,,,Pencemaran Nama Baik,12,blank kecamatan
2024,POLDA METRO JAYA,POLRES METRO JAKARTA PUSAT,,,Penculikan,1,blank kecamatan
2024,POLDA METRO JAYA,POLRES METRO JAKARTA PUSAT,,,Pencurian Biasa,143,blank kecamatan
2024,POLDA METRO JAYA,POLRES METRO JAKARTA PUSAT,,,Pencurian Dengan Kekerasan ( Curas ),8,blank kecamatan
2024,POLDA METRO JAYA,POLRES METRO JAKARTA PUSAT,,,Pencurian Dengan Pemberatan ( Curat ),204,blank kecamatan
2024,POLDA METRO JAYA,POLRES METRO JAKARTA PUSAT,,,Pencurian dalam lingkungan keluarga,1,blank kecamatan
2024,POLDA METRO JAYA,POLRES METRO JAKARTA PUSAT,,,Pengaduan Palsu,3,blank kecamatan
2024,POLDA METRO JAYA,POLRES METRO JAKARTA PUSAT,,,Pengancaman,2,blank kecamatan
2024,POLDA METRO JAYA,POLRES METRO JAKARTA PUSAT,,,Penganiayaan,40,blank kecamatan
2024,POLDA METRO JAYA,POLRES METRO JAKARTA PUSAT,,,Penganiayaan Berat ( Anirat ),9,blank kecamatan
2024,POLDA METRO JAYA,POLRES METRO JAKARTA PUSAT,,,Pengeroyokan,24,blank kecamatan
2024,POLDA METRO JAYA,POLRES METRO JAKARTA PUSAT,,,Pengerusakan,13,blank kecamatan
2024,POLDA METRO JAYA,POLRES METRO JAKARTA PUSAT,,,Penggelapan,108,blank kecamatan
2024,POLDA METRO JAYA,POLRES METRO JAKARTA PUSAT,,,Penipuan / Perbuatan Curang,542,blank kecamatan
2024,POLDA METRO JAYA,POLRES METRO JAKARTA PUSAT,,,Penyekapan,3,blank kecamatan
2024,POLDA METRO JAYA,POLRES METRO JAKARTA PUSAT,,,Penyerobotan Tanah,8,blank kecamatan
2024,POLDA METRO JAYA,POLRES METRO JAKARTA PUSAT,,,Perampasan ( Premanisme ),4,blank kecamatan
2024,POLDA METRO JAYA,POLRES METRO JAKARTA PUSAT,,,Perbuatan Yang Tidak Menyenangkan,15,blank kecamatan
2024,POLDA METRO JAYA,POLRES METRO JAKARTA PUSAT,,,Percobaan Pencurian,2,blank kecamatan
2024,POLDA METRO JAYA,POLRES METRO JAKARTA PUSAT,,,Perdagangan Manusia / Trafficking In Person / Tppo (dalam Negeri),1,blank kecamatan
2024,POLDA METRO JAYA,POLRES METRO JAKARTA PUSAT,,,Perlindungan Konsumen,1,blank kecamatan
2024,POLDA METRO JAYA,POLRES METRO JAKARTA PUSAT,,,Persetubuhan Terhadap Anak / Cabul Terhadap Anak,1,blank kecamatan
2024,POLDA METRO JAYA,POLRES METRO JAKARTA PUSAT,,,Perzinahan,11,blank kecamatan
2024,POLDA METRO JAYA,POLRES METRO JAKARTA PUSAT,,,Sumpah Palsu Dan Keterangan Palsu,6,blank kecamatan
2024,POLDA METRO JAYA,POLRES METRO JAKARTA PUSAT,,,Tindak Pidana Dalam Perlindungan Anak,37,blank kecamatan
2024,POLDA METRO JAYA,POLRES METRO JAKARTA PUSAT,,,Tindakan Asusila,2,blank kecamatan
2024,POLDA METRO JAYA,POLRES METRO JAKARTA PUSAT,,CAKUNG,,1,blank crime type
2024,POLDA METRO JAYA,POLRES METRO JAKARTA PUSAT,,CEMPAKA PUTIH,,37,blank crime type
2024,POLDA METRO JAYA,POLRES METRO JAKARTA PUSAT,,CENGKARENG,,3,blank crime type
2024,POLDA METRO JAYA,POLRES METRO JAKARTA PUSAT,,CILINCING,,2,blank crime type
2024,POLDA METRO JAYA,POLRES METRO JAKARTA PUSAT,,DUREN SAWIT,,2,blank crime type
2024,POLDA METRO JAYA,POLRES METRO JAKARTA PUSAT,,GAMBIR,,84,blank crime type
2024,POLDA METRO JAYA,POLRES METRO JAKARTA PUSAT,,GROGOL PETAMBURAN,,5,blank crime type
2024,POLDA METRO JAYA,POLRES METRO JAKARTA PUSAT,,JATINEGARA,,2,blank crime type
2024,POLDA METRO JAYA,POLRES METRO JAKARTA PUSAT,,JOHAR BARU,,21,blank crime type
2024,POLDA METRO JAYA,POLRES METRO JAKARTA PUSAT,,KALI DERES,,3,blank crime type
2024,POLDA METRO JAYA,POLRES METRO JAKARTA PUSAT,,KEBON JERUK,,1,blank crime type
2024,POLDA METRO JAYA,POLRES METRO JAKARTA PUSAT,,KELAPA GADING,,1,blank crime type
2024,POLDA METRO JAYA,POLRES METRO JAKARTA PUSAT,,KEMAYORAN,,181,blank crime type
2024,POLDA METRO JAYA,POLRES METRO JAKARTA PUSAT,,KEMBANGAN,,1,blank crime type
2024,POLDA METRO JAYA,POLRES METRO JAKARTA PUSAT,,KRAMAT JATI,,1,blank crime type
2024,POLDA METRO JAYA,POLRES METRO JAKARTA PUSAT,,MAKASAR,,1,blank crime type
2024,POLDA METRO JAYA,POLRES METRO JAKARTA PUSAT,,MENTENG,,83,blank crime type
2024,POLDA METRO JAYA,POLRES METRO JAKARTA PUSAT,,PADEMANGAN,,1,blank crime type
2024,POLDA METRO JAYA,POLRES METRO JAKARTA PUSAT,,PALMERAH,,1,blank crime type
2024,POLDA METRO JAYA,POLRES METRO JAKARTA PUSAT,,PANCORAN,,1,blank crime type
2024,POLDA METRO JAYA,POLRES METRO JAKARTA PUSAT,,PENJARINGAN,,3,blank crime type
2024,POLDA METRO JAYA,POLRES METRO JAKARTA PUSAT,,SAWAH BESAR,,77,blank crime type
2024,POLDA METRO JAYA,POLRES METRO JAKARTA PUSAT,,SENEN,,51,blank crime type
2024,POLDA METRO JAYA,POLRES METRO JAKARTA PUSAT,,TAMAN SARI,,2,blank crime type
2024,POLDA METRO JAYA,POLRES METRO JAKARTA PUSAT,,TAMBORA,,2,blank crime type
2024,POLDA METRO JAYA,POLRES METRO JAKARTA PUSAT,,TANAH ABANG,,75,blank crime type
2024,POLDA METRO JAYA,POLRES METRO JAKARTA PUSAT,,TANJUNG PRIOK,,1,blank crime type
2024,POLDA METRO JAYA,POLRES METRO JAKARTA PUSAT,,TEBET,,1,blank crime type
2024,POLDA METRO JAYA,POLRES METRO JAKARTA PUSAT,POLSEK CEMPAKA PUTIH,,Curanmor R-2,11,blank kecamatan
2024,POLDA METRO JAYA,POLRES METRO JAKARTA PUSAT,POLSEK CEMPAKA PUTIH,,Karena Alpa  Menimbulkan  Kebakaran/ Meletus/banjir,1,blank kecamatan
2024,POLDA METRO JAYA,POLRES METRO JAKARTA PUSAT,POLSEK CEMPAKA PUTIH,,Kejahatan Terkait Senjata Tajam ( Sajam ) ( Premanisme ),1,blank kecamatan
2024,POLDA METRO JAYA,POLRES METRO JAKARTA PUSAT,POLSEK CEMPAKA PUTIH,,Manipulasi data autentik secara elektronik (ITE),4,blank kecamatan
2024,POLDA METRO JAYA,POLRES METRO JAKARTA PUSAT,POLSEK CEMPAKA PUTIH,,Narkotika ( Narkoba ),4,blank kecamatan
2024,POLDA METRO JAYA,POLRES METRO JAKARTA PUSAT,POLSEK CEMPAKA PUTIH,,Pemalsuan Surat Otentik,1,blank kecamatan
2024,POLDA METRO JAYA,POLRES METRO JAKARTA PUSAT,POLSEK CEMPAKA PUTIH,,Pemerasan Dan Pengancaman,2,blank kecamatan
2024,POLDA METRO JAYA,POLRES METRO JAKARTA PUSAT,POLSEK CEMPAKA PUTIH,,Pencurian Biasa,8,blank kecamatan
2024,POLDA METRO JAYA,POLRES METRO JAKARTA PUSAT,POLSEK CEMPAKA PUTIH,,Pencurian Dengan Pemberatan ( Curat ),59,blank kecamatan
2024,POLDA METRO JAYA,POLRES METRO JAKARTA PUSAT,POLSEK CEMPAKA PUTIH,,Penganiayaan,5,blank kecamatan
2024,POLDA METRO JAYA,POLRES METRO JAKARTA PUSAT,POLSEK CEMPAKA PUTIH,,Pengeroyokan,1,blank kecamatan
2024,POLDA METRO JAYA,POLRES METRO JAKARTA PUSAT,POLSEK CEMPAKA PUTIH,,Penggelapan,3,blank kecamatan
2024,POLDA METRO JAYA,POLRES METRO JAKARTA PUSAT,POLSEK CEMPAKA PUTIH,,Penghinaan,1,blank kecamatan
2024,POLDA METRO JAYA,POLRES METRO JAKARTA PUSAT,POLSEK CEMPAKA PUTIH,,Penipuan / Perbuatan Curang,37,blank kecamatan
2024,POLDA METRO JAYA,POLRES METRO JAKARTA PUSAT,POLSEK CEMPAKA PUTIH,CEMPAKA PUTIH,,70,blank crime type
2024,POLDA METRO JAYA,POLRES METRO JAKARTA PUSAT,POLSEK CEMPAKA PUTIH,KEMAYORAN,,1,blank crime type
2024,POLDA METRO JAYA,POLRES METRO JAKARTA PUSAT,POLSEK JOHAR BARU,,Judi,1,blank kecamatan
2024,POLDA METRO JAYA,POLRES METRO JAKARTA PUSAT,POLSEK JOHAR BARU,,Karena Alpa  Menimbulkan  Kebakaran/ Meletus/banjir,3,blank kecamatan
2024,POLDA METRO JAYA,POLRES METRO JAKARTA PUSAT,POLSEK JOHAR BARU,,Kejahatan Tentang Minyak Dan Gas  ( MIGAS ),1,blank kecamatan
2024,POLDA METRO JAYA,POLRES METRO JAKARTA PUSAT,POLSEK JOHAR BARU,,Kejahatan Terhadap Jiwa Orang / Pembunuhan,2,blank kecamatan
2024,POLDA METRO JAYA,POLRES METRO JAKARTA PUSAT,POLSEK JOHAR BARU,,Kejahatan Terkait Senjata Tajam ( Sajam ) ( Premanisme ),11,blank kecamatan
2024,POLDA METRO JAYA,POLRES METRO JAKARTA PUSAT,POLSEK JOHAR BARU,,Manipulasi data autentik secara elektronik (ITE),2,blank kecamatan
2024,POLDA METRO JAYA,POLRES METRO JAKARTA PUSAT,POLSEK JOHAR BARU,,Menjual atau mengedarkan obat keras / bebas terbatas tanpa ijin,1,blank kecamatan
2024,POLDA METRO JAYA,POLRES METRO JAKARTA PUSAT,POLSEK JOHAR BARU,,Narkotika ( Narkoba ),40,blank kecamatan
2024,POLDA METRO JAYA,POLRES METRO JAKARTA PUSAT,POLSEK JOHAR BARU,,Penadahan,1,blank kecamatan
2024,POLDA METRO JAYA,POLRES METRO JAKARTA PUSAT,POLSEK JOHAR BARU,,Pencurian Biasa,12,blank kecamatan
2024,POLDA METRO JAYA,POLRES METRO JAKARTA PUSAT,POLSEK JOHAR BARU,,Pencurian Dengan Pemberatan ( Curat ),12,blank kecamatan
2024,POLDA METRO JAYA,POLRES METRO JAKARTA PUSAT,POLSEK JOHAR BARU,,Penganiayaan,9,blank kecamatan
2024,POLDA METRO JAYA,POLRES METRO JAKARTA PUSAT,POLSEK JOHAR BARU,,Pengeroyokan,12,blank kecamatan
2024,POLDA METRO JAYA,POLRES METRO JAKARTA PUSAT,POLSEK JOHAR BARU,,Penggelapan,1,blank kecamatan
2024,POLDA METRO JAYA,POLRES METRO JAKARTA PUSAT,POLSEK JOHAR BARU,,Penipuan / Perbuatan Curang,13,blank kecamatan
2024,POLDA METRO JAYA,POLRES METRO JAKARTA PUSAT,POLSEK JOHAR BARU,,Perbuatan Yang Tidak Menyenangkan,2,blank kecamatan
2024,POLDA METRO JAYA,POLRES METRO JAKARTA PUSAT,POLSEK JOHAR BARU,,Percobaan Pencurian,1,blank kecamatan
2024,POLDA METRO JAYA,POLRES METRO JAKARTA PUSAT,POLSEK JOHAR BARU,CEMPAKA PUTIH,,2,blank crime type
2024,POLDA METRO JAYA,POLRES METRO JAKARTA PUSAT,POLSEK JOHAR BARU,JOHAR BARU,,44,blank crime type
2024,POLDA METRO JAYA,POLRES METRO JAKARTA PUSAT,POLSEK JOHAR BARU,KEMAYORAN,,2,blank crime type
2024,POLDA METRO JAYA,POLRES METRO JAKARTA PUSAT,POLSEK JOHAR BARU,MAKASAR,,1,blank crime type
2024,POLDA METRO JAYA,POLRES METRO JAKARTA PUSAT,POLSEK JOHAR BARU,PASAR MINGGU,,1,blank crime type
2024,POLDA METRO JAYA,POLRES METRO JAKARTA PUSAT,POLSEK JOHAR BARU,SAWAH BESAR,,2,blank crime type
2024,POLDA METRO JAYA,POLRES METRO JAKARTA PUSAT,POLSEK JOHAR BARU,SENEN,,1,blank crime type
2024,POLDA METRO JAYA,POLRES METRO JAKARTA PUSAT,POLSEK JOHAR BARU,TAMBORA,,1,blank crime type
2024,POLDA METRO JAYA,POLRES METRO JAKARTA PUSAT,POLSEK JOHAR BARU,TEBET,,1,blank crime type
2024,POLDA METRO JAYA,POLRES METRO JAKARTA PUSAT,POLSEK KEMAYORAN,,Curanmor R-2,121,blank kecamatan
2024,POLDA METRO JAYA,POLRES METRO JAKARTA PUSAT,POLSEK KEMAYORAN,,Manipulasi data autentik secara elektronik (ITE),1,blank kecamatan
2024,POLDA METRO JAYA,POLRES METRO JAKARTA PUSAT,POLSEK KEMAYORAN,,Pemalsuan Surat Otentik,1,blank kecamatan
2024,POLDA METRO JAYA,POLRES METRO JAKARTA PUSAT,POLSEK KEMAYORAN,,Pemerasan Dan Pengancaman,2,blank kecamatan
2024,POLDA METRO JAYA,POLRES METRO JAKARTA PUSAT,POLSEK KEMAYORAN,,Pencemaran Nama Baik,1,blank kecamatan
2024,POLDA METRO JAYA,POLRES METRO JAKARTA PUSAT,POLSEK KEMAYORAN,,Pencurian Biasa,54,blank kecamatan
2024,POLDA METRO JAYA,POLRES METRO JAKARTA PUSAT,POLSEK KEMAYORAN,,Pencurian Dengan Kekerasan ( Curas ),2,blank kecamatan
2024,POLDA METRO JAYA,POLRES METRO JAKARTA PUSAT,POLSEK KEMAYORAN,,Pencurian Dengan Pemberatan ( Curat ),118,blank kecamatan
2024,POLDA METRO JAYA,POLRES METRO JAKARTA PUSAT,POLSEK KEMAYORAN,,Penganiayaan,9,blank kecamatan
2024,POLDA METRO JAYA,POLRES METRO JAKARTA PUSAT,POLSEK KEMAYORAN,,Penganiayaan Berat ( Anirat ),5,blank kecamatan
2024,POLDA METRO JAYA,POLRES METRO JAKARTA PUSAT,POLSEK KEMAYORAN,,Pengeroyokan,2,blank kecamatan
2024,POLDA METRO JAYA,POLRES METRO JAKARTA PUSAT,POLSEK KEMAYORAN,,Pengerusakan,3,blank kecamatan
2024,POLDA METRO JAYA,POLRES METRO JAKARTA PUSAT,POLSEK KEMAYORAN,,Penggelapan,7,blank kecamatan
2024,POLDA METRO JAYA,POLRES METRO JAKARTA PUSAT,POLSEK KEMAYORAN,,Penipuan / Perbuatan Curang,81,blank kecamatan
2024,POLDA METRO JAYA,POLRES METRO JAKARTA PUSAT,POLSEK KEMAYORAN,,Perampasan ( Premanisme ),1,blank kecamatan
2024,POLDA METRO JAYA,POLRES METRO JAKARTA PUSAT,POLSEK KEMAYORAN,,Perbuatan Yang Tidak Menyenangkan,1,blank kecamatan
2024,POLDA METRO JAYA,POLRES METRO JAKARTA PUSAT,POLSEK KEMAYORAN,,Percobaan Pencurian,1,blank kecamatan
2024,POLDA METRO JAYA,POLRES METRO JAKARTA PUSAT,POLSEK KEMAYORAN,,Perdagangan Manusia / Trafficking In Person / Tppo (dalam Negeri),1,blank kecamatan
2024,POLDA METRO JAYA,POLRES METRO JAKARTA PUSAT,POLSEK KEMAYORAN,,Tindak Pidana Transfer Dana,1,blank kecamatan
2024,POLDA METRO JAYA,POLRES METRO JAKARTA PUSAT,POLSEK KEMAYORAN,KEMAYORAN,,192,blank crime type
2024,POLDA METRO JAYA,POLRES METRO JAKARTA PUSAT,POLSEK METRO GAMBIR,,Karena Alpa  Menimbulkan  Kebakaran/ Meletus/banjir,2,blank kecamatan
2024,POLDA METRO JAYA,POLRES METRO JAKARTA PUSAT,POLSEK METRO GAMBIR,,Manipulasi data autentik secara elektronik (ITE),1,blank kecamatan
2024,POLDA METRO JAYA,POLRES METRO JAKARTA PUSAT,POLSEK METRO GAMBIR,,Narkotika ( Narkoba ),6,blank kecamatan
2024,POLDA METRO JAYA,POLRES METRO JAKARTA PUSAT,POLSEK METRO GAMBIR,,Pemalsuan Mata Uang Dan Uang Kertas,2,blank kecamatan
2024,POLDA METRO JAYA,POLRES METRO JAKARTA PUSAT,POLSEK METRO GAMBIR,,Pemalsuan Surat Otentik,3,blank kecamatan
2024,POLDA METRO JAYA,POLRES METRO JAKARTA PUSAT,POLSEK METRO GAMBIR,,Pencemaran Nama Baik,1,blank kecamatan
2024,POLDA METRO JAYA,POLRES METRO JAKARTA PUSAT,POLSEK METRO GAMBIR,,Pencurian Biasa,7,blank kecamatan
2024,POLDA METRO JAYA,POLRES METRO JAKARTA PUSAT,POLSEK METRO GAMBIR,,Pencurian Dengan Pemberatan ( Curat ),6,blank kecamatan
2024,POLDA METRO JAYA,POLRES METRO JAKARTA PUSAT,POLSEK METRO GAMBIR,,Penganiayaan,2,blank kecamatan
2024,POLDA METRO JAYA,POLRES METRO JAKARTA PUSAT,POLSEK METRO GAMBIR,,Penganiayaan Berat ( Anirat ),3,blank kecamatan
2024,POLDA METRO JAYA,POLRES METRO JAKARTA PUSAT,POLSEK METRO GAMBIR,,Pengeroyokan,1,blank kecamatan
2024,POLDA METRO JAYA,POLRES METRO JAKARTA PUSAT,POLSEK METRO GAMBIR,,Penggelapan,11,blank kecamatan
2024,POLDA METRO JAYA,POLRES METRO JAKARTA PUSAT,POLSEK METRO GAMBIR,,Penipuan / Perbuatan Curang,21,blank kecamatan
2024,POLDA METRO JAYA,POLRES METRO JAKARTA PUSAT,POLSEK METRO GAMBIR,,Perbuatan Yang Tidak Menyenangkan,1,blank kecamatan
2024,POLDA METRO JAYA,POLRES METRO JAKARTA PUSAT,POLSEK METRO GAMBIR,,Percobaan Pencurian,1,blank kecamatan
2024,POLDA METRO JAYA,POLRES METRO JAKARTA PUSAT,POLSEK METRO GAMBIR,,Terhadap ketertiban umum,9,blank kecamatan
2024,POLDA METRO JAYA,POLRES METRO JAKARTA PUSAT,POLSEK METRO GAMBIR,GAMBIR,,16,blank crime type
2024,POLDA METRO JAYA,POLRES METRO JAKARTA PUSAT,POLSEK METRO GAMBIR,SENEN,,1,blank crime type
2024,POLDA METRO JAYA,POLRES METRO JAKARTA PUSAT,POLSEK METRO MENTENG,,Manipulasi data autentik secara elektronik (ITE),1,blank kecamatan
2024,POLDA METRO JAYA,POLRES METRO JAKARTA PUSAT,POLSEK METRO MENTENG,,Pemerasan Dan Pengancaman,1,blank kecamatan
2024,POLDA METRO JAYA,POLRES METRO JAKARTA PUSAT,POLSEK METRO MENTENG,,Pencurian Biasa,33,blank kecamatan
2024,POLDA METRO JAYA,POLRES METRO JAKARTA PUSAT,POLSEK METRO MENTENG,,Pencurian Dengan Kekerasan ( Curas ),1,blank kecamatan
2024,POLDA METRO JAYA,POLRES METRO JAKARTA PUSAT,POLSEK METRO MENTENG,,Pencurian Dengan Pemberatan ( Curat ),92,blank kecamatan
2024,POLDA METRO JAYA,POLRES METRO JAKARTA PUSAT,POLSEK METRO MENTENG,,Pencurian dalam lingkungan keluarga,1,blank kecamatan
2024,POLDA METRO JAYA,POLRES METRO JAKARTA PUSAT,POLSEK METRO MENTENG,,Penganiayaan,6,blank kecamatan
2024,POLDA METRO JAYA,POLRES METRO JAKARTA PUSAT,POLSEK METRO MENTENG,,Penganiayaan Berat ( Anirat ),1,blank kecamatan
2024,POLDA METRO JAYA,POLRES METRO JAKARTA PUSAT,POLSEK METRO MENTENG,,Pengeroyokan,3,blank kecamatan
2024,POLDA METRO JAYA,POLRES METRO JAKARTA PUSAT,POLSEK METRO MENTENG,,Penggelapan,15,blank kecamatan
2024,POLDA METRO JAYA,POLRES METRO JAKARTA PUSAT,POLSEK METRO MENTENG,,Penipuan / Perbuatan Curang,51,blank kecamatan
2024,POLDA METRO JAYA,POLRES METRO JAKARTA PUSAT,POLSEK METRO MENTENG,,Perbuatan Yang Tidak Menyenangkan,1,blank kecamatan
2024,POLDA METRO JAYA,POLRES METRO JAKARTA PUSAT,POLSEK METRO MENTENG,MENTENG,,75,blank crime type
2024,POLDA METRO JAYA,POLRES METRO JAKARTA PUSAT,POLSEK METRO TANAH ABANG,,,1,blank kecamatan
2024,POLDA METRO JAYA,POLRES METRO JAKARTA PUSAT,POLSEK METRO TANAH ABANG,,Kejahatan Terkait Senjata Tajam ( Sajam ) ( Premanisme ),4,blank kecamatan
2024,POLDA METRO JAYA,POLRES METRO JAKARTA PUSAT,POLSEK METRO TANAH ABANG,,Kekerasan Dalam Rumah Tangga,1,blank kecamatan
2024,POLDA METRO JAYA,POLRES METRO JAKARTA PUSAT,POLSEK METRO TANAH ABANG,,Manipulasi data autentik secara elektronik (ITE),1,blank kecamatan
2024,POLDA METRO JAYA,POLRES METRO JAKARTA PUSAT,POLSEK METRO TANAH ABANG,,Narkotika ( Narkoba ),9,blank kecamatan
2024,POLDA METRO JAYA,POLRES METRO JAKARTA PUSAT,POLSEK METRO TANAH ABANG,,Pemerasan Dan Pengancaman,7,blank kecamatan
2024,POLDA METRO JAYA,POLRES METRO JAKARTA PUSAT,POLSEK METRO TANAH ABANG,,Penadahan,1,blank kecamatan
2024,POLDA METRO JAYA,POLRES METRO JAKARTA PUSAT,POLSEK METRO TANAH ABANG,,Pencemaran Nama Baik,2,blank kecamatan
2024,POLDA METRO JAYA,POLRES METRO JAKARTA PUSAT,POLSEK METRO TANAH ABANG,,Pencurian Biasa,37,blank kecamatan
2024,POLDA METRO JAYA,POLRES METRO JAKARTA PUSAT,POLSEK METRO TANAH ABANG,,Pencurian Dengan Kekerasan ( Curas ),3,blank kecamatan
2024,POLDA METRO JAYA,POLRES METRO JAKARTA PUSAT,POLSEK METRO TANAH ABANG,,Pencurian Dengan Pemberatan ( Curat ),30,blank kecamatan
2024,POLDA METRO JAYA,POLRES METRO JAKARTA PUSAT,POLSEK METRO TANAH ABANG,,Penganiayaan,19,blank kecamatan
2024,POLDA METRO JAYA,POLRES METRO JAKARTA PUSAT,POLSEK METRO TANAH ABANG,,Penganiayaan Berat ( Anirat ),7,blank kecamatan
2024,POLDA METRO JAYA,POLRES METRO JAKARTA PUSAT,POLSEK METRO TANAH ABANG,,Pengeroyokan,12,blank kecamatan
2024,POLDA METRO JAYA,POLRES METRO JAKARTA PUSAT,POLSEK METRO TANAH ABANG,,Pengerusakan,3,blank kecamatan
2024,POLDA METRO JAYA,POLRES METRO JAKARTA PUSAT,POLSEK METRO TANAH ABANG,,Penggelapan,21,blank kecamatan
2024,POLDA METRO JAYA,POLRES METRO JAKARTA PUSAT,POLSEK METRO TANAH ABANG,,Penipuan / Perbuatan Curang,19,blank kecamatan
2024,POLDA METRO JAYA,POLRES METRO JAKARTA PUSAT,POLSEK METRO TANAH ABANG,,Tindak Pidana Dalam Perlindungan Anak,1,blank kecamatan
2024,POLDA METRO JAYA,POLRES METRO JAKARTA PUSAT,POLSEK METRO TANAH ABANG,GROGOL PETAMBURAN,,1,blank crime type
2024,POLDA METRO JAYA,POLRES METRO JAKARTA PUSAT,POLSEK METRO TANAH ABANG,KEBON JERUK,,1,blank crime type
2024,POLDA METRO JAYA,POLRES METRO JAKARTA PUSAT,POLSEK METRO TANAH ABANG,PALMERAH,,1,blank crime type
2024,POLDA METRO JAYA,POLRES METRO JAKARTA PUSAT,POLSEK METRO TANAH ABANG,SENEN,,1,blank crime type
2024,POLDA METRO JAYA,POLRES METRO JAKARTA PUSAT,POLSEK METRO TANAH ABANG,TANAH ABANG,,60,blank crime type
2024,POLDA METRO JAYA,POLRES METRO JAKARTA PUSAT,POLSEK SAWAH BESAR,,Curanmor R-2,1,blank kecamatan
2024,POLDA METRO JAYA,POLRES METRO JAKARTA PUSAT,POLSEK SAWAH BESAR,,Kejahatan Terkait Senjata Tajam ( Sajam ) ( Premanisme ),4,blank kecamatan
2024,POLDA METRO JAYA,POLRES METRO JAKARTA PUSAT,POLSEK SAWAH BESAR,,Narkotika ( Narkoba ),4,blank kecamatan
2024,POLDA METRO JAYA,POLRES METRO JAKARTA PUSAT,POLSEK SAWAH BESAR,,Penadahan,1,blank kecamatan
2024,POLDA METRO JAYA,POLRES METRO JAKARTA PUSAT,POLSEK SAWAH BESAR,,Pencurian Biasa,22,blank kecamatan
2024,POLDA METRO JAYA,POLRES METRO JAKARTA PUSAT,POLSEK SAWAH BESAR,,Pencurian Dengan Pemberatan ( Curat ),23,blank kecamatan
2024,POLDA METRO JAYA,POLRES METRO JAKARTA PUSAT,POLSEK SAWAH BESAR,,Penganiayaan,6,blank kecamatan
2024,POLDA METRO JAYA,POLRES METRO JAKARTA PUSAT,POLSEK SAWAH BESAR,,Penganiayaan Berat ( Anirat ),4,blank kecamatan
2024,POLDA METRO JAYA,POLRES METRO JAKARTA PUSAT,POLSEK SAWAH BESAR,,Pengeroyokan,2,blank kecamatan
2024,POLDA METRO JAYA,POLRES METRO JAKARTA PUSAT,POLSEK SAWAH BESAR,,Penggelapan,7,blank kecamatan
2024,POLDA METRO JAYA,POLRES METRO JAKARTA PUSAT,POLSEK SAWAH BESAR,,Penipuan / Perbuatan Curang,15,blank kecamatan
2024,POLDA METRO JAYA,POLRES METRO JAKARTA PUSAT,POLSEK SAWAH BESAR,SAWAH BESAR,,13,blank crime type
2024,POLDA METRO JAYA,POLRES METRO JAKARTA PUSAT,POLSEK SENEN,,Curanmor R-2,1,blank kecamatan
2024,POLDA METRO JAYA,POLRES METRO JAKARTA PUSAT,POLSEK SENEN,,Kejahatan Terhadap Jiwa Orang / Pembunuhan,1,blank kecamatan
2024,POLDA METRO JAYA,POLRES METRO JAKARTA PUSAT,POLSEK SENEN,,Kejahatan Terkait Senjata Tajam ( Sajam ) ( Premanisme ),2,blank kecamatan
2024,POLDA METRO JAYA,POLRES METRO JAKARTA PUSAT,POLSEK SENEN,,Narkotika ( Narkoba ),5,blank kecamatan
2024,POLDA METRO JAYA,POLRES METRO JAKARTA PUSAT,POLSEK SENEN,,Pemerasan Dan Pengancaman,1,blank kecamatan
2024,POLDA METRO JAYA,POLRES METRO JAKARTA PUSAT,POLSEK SENEN,,Pencurian Biasa,10,blank kecamatan
2024,POLDA METRO JAYA,POLRES METRO JAKARTA PUSAT,POLSEK SENEN,,Pencurian Dengan Pemberatan ( Curat ),9,blank kecamatan
2024,POLDA METRO JAYA,POLRES METRO JAKARTA PUSAT,POLSEK SENEN,,Penganiayaan Berat ( Anirat ),1,blank kecamatan
2024,POLDA METRO JAYA,POLRES METRO JAKARTA PUSAT,POLSEK SENEN,,Pengeroyokan,2,blank kecamatan
2024,POLDA METRO JAYA,POLRES METRO JAKARTA PUSAT,POLSEK SENEN,,Pengerusakan,1,blank kecamatan
2024,POLDA METRO JAYA,POLRES METRO JAKARTA PUSAT,POLSEK SENEN,,Penggelapan,4,blank kecamatan
2024,POLDA METRO JAYA,POLRES METRO JAKARTA PUSAT,POLSEK SENEN,,Penipuan / Perbuatan Curang,21,blank kecamatan
2024,POLDA METRO JAYA,POLRES METRO JAKARTA PUSAT,POLSEK SENEN,JOHAR BARU,,1,blank crime type
2024,POLDA METRO JAYA,POLRES METRO JAKARTA PUSAT,POLSEK SENEN,MENTENG,,1,blank crime type
2024,POLDA METRO JAYA,POLRES METRO JAKARTA PUSAT,POLSEK SENEN,SENEN,,22,blank crime type
2024,POLDA METRO JAYA,POLRES METRO JAKARTA SELATAN,,,Curanmor R-2,70,blank kecamatan
2024,POLDA METRO JAYA,POLRES METRO JAKARTA SELATAN,,,Hak Atas Kekayaan Intelektual ( HAKI ),3,blank kecamatan
2024,POLDA METRO JAYA,POLRES METRO JAKARTA SELATAN,,,Judi Togel,1,blank kecamatan
2024,POLDA METRO JAYA,POLRES METRO JAKARTA SELATAN,,,Kejahatan Tentang Jaminan Fidusia,24,blank kecamatan
2024,POLDA METRO JAYA,POLRES METRO JAKARTA SELATAN,,,Kejahatan Tentang Minyak Dan Gas  ( MIGAS ),2,blank kecamatan
2024,POLDA METRO JAYA,POLRES METRO JAKARTA SELATAN,,,Kejahatan Tentang Pornografi,4,blank kecamatan
2024,POLDA METRO JAYA,POLRES METRO JAKARTA SELATAN,,,Kejahatan Tentang Serikat Pekerja,1,blank kecamatan
2024,POLDA METRO JAYA,POLRES METRO JAKARTA SELATAN,,,Kejahatan Tentang Tenaga Kerja,1,blank kecamatan
2024,POLDA METRO JAYA,POLRES METRO JAKARTA SELATAN,,,Kejahatan Terkait Merek,2,blank kecamatan
2024,POLDA METRO JAYA,POLRES METRO JAKARTA SELATAN,,,Kejahatan Terkait Perlindungan Data Pribadi,8,blank kecamatan
2024,POLDA METRO JAYA,POLRES METRO JAKARTA SELATAN,,,Kejahatan Terkait Rahasia Dagang,1,blank kecamatan
2024,POLDA METRO JAYA,POLRES METRO JAKARTA SELATAN,,,Kejahatan Terkait Senjata Tajam ( Sajam ),1,blank kecamatan
2024,POLDA METRO JAYA,POLRES METRO JAKARTA SELATAN,,,Kejahatan Terkait Senjata Tajam ( Sajam ) ( Premanisme ),1,blank kecamatan
2024,POLDA METRO JAYA,POLRES METRO JAKARTA SELATAN,,,Kejahatan terkait Tenaga Kesehatan,2,blank kecamatan
2024,POLDA METRO JAYA,POLRES METRO JAKARTA SELATAN,,,Kekerasan Dalam Rumah Tangga,107,blank kecamatan
2024,POLDA METRO JAYA,POLRES METRO JAKARTA SELATAN,,,Kekerasan Seksual (KDRT),24,blank kecamatan
2024,POLDA METRO JAYA,POLRES METRO JAKARTA SELATAN,,,Manipulasi data autentik secara elektronik (ITE),491,blank kecamatan
2024,POLDA METRO JAYA,POLRES METRO JAKARTA SELATAN,,,Memasuki Pekarangan Tanpa Ijin,14,blank kecamatan
2024,POLDA METRO JAYA,POLRES METRO JAKARTA SELATAN,,,Mengakibatkan Orang Luka,3,blank kecamatan
2024,POLDA METRO JAYA,POLRES METRO JAKARTA SELATAN,,,Menghambat Penyidikan,1,blank kecamatan
2024,POLDA METRO JAYA,POLRES METRO JAKARTA SELATAN,,,Menjual atau mengedarkan obat keras / bebas terbatas tanpa ijin,1,blank kecamatan
2024,POLDA METRO JAYA,POLRES METRO JAKARTA SELATAN,,,Menyebabkan Orang Mati Karena Kelalaian,1,blank kecamatan
2024,POLDA METRO JAYA,POLRES METRO JAKARTA SELATAN,,,Narkotika ( Narkoba ),316,blank kecamatan
2024,POLDA METRO JAYA,POLRES METRO JAKARTA SELATAN,,,Pemalsuan Surat Otentik,41,blank kecamatan
2024,POLDA METRO JAYA,POLRES METRO JAKARTA SELATAN,,,Pemerasan Dan Pengancaman,5,blank kecamatan
2024,POLDA METRO JAYA,POLRES METRO JAKARTA SELATAN,,,Pencemaran Nama Baik,32,blank kecamatan
2024,POLDA METRO JAYA,POLRES METRO JAKARTA SELATAN,,,Penculikan,1,blank kecamatan
2024,POLDA METRO JAYA,POLRES METRO JAKARTA SELATAN,,,Pencurian Biasa,154,blank kecamatan
2024,POLDA METRO JAYA,POLRES METRO JAKARTA SELATAN,,,Pencurian Dengan Kekerasan ( Curas ),8,blank kecamatan
2024,POLDA METRO JAYA,POLRES METRO JAKARTA SELATAN,,,Pencurian Dengan Pemberatan ( Curat ),164,blank kecamatan
2024,POLDA METRO JAYA,POLRES METRO JAKARTA SELATAN,,,Pencurian dalam lingkungan keluarga,3,blank kecamatan
2024,POLDA METRO JAYA,POLRES METRO JAKARTA SELATAN,,,Pengaduan Palsu,5,blank kecamatan
2024,POLDA METRO JAYA,POLRES METRO JAKARTA SELATAN,,,Pengancaman,12,blank kecamatan
2024,POLDA METRO JAYA,POLRES METRO JAKARTA SELATAN,,,Penganiayaan,98,blank kecamatan
2024,POLDA METRO JAYA,POLRES METRO JAKARTA SELATAN,,,Penganiayaan Berat ( Anirat ),4,blank kecamatan
2024,POLDA METRO JAYA,POLRES METRO JAKARTA SELATAN,,,Pengeroyokan,50,blank kecamatan
2024,POLDA METRO JAYA,POLRES METRO JAKARTA SELATAN,,,Pengerusakan,16,blank kecamatan
2024,POLDA METRO JAYA,POLRES METRO JAKARTA SELATAN,,,Penggelapan,165,blank kecamatan
2024,POLDA METRO JAYA,POLRES METRO JAKARTA SELATAN,,,Penghinaan,4,blank kecamatan
2024,POLDA METRO JAYA,POLRES METRO JAKARTA SELATAN,,,Penipuan / Perbuatan Curang,711,blank kecamatan
2024,POLDA METRO JAYA,POLRES METRO JAKARTA SELATAN,,,Penyekapan,1,blank kecamatan
2024,POLDA METRO JAYA,POLRES METRO JAKARTA SELATAN,,,Penyerobotan Tanah,1,blank kecamatan
2024,POLDA METRO JAYA,POLRES METRO JAKARTA SELATAN,,,Perampasan ( Premanisme ),20,blank kecamatan
2024,POLDA METRO JAYA,POLRES METRO JAKARTA SELATAN,,,Perbankan,2,blank kecamatan
2024,POLDA METRO JAYA,POLRES METRO JAKARTA SELATAN,,,Perbuatan Yang Tidak Menyenangkan,25,blank kecamatan
2024,POLDA METRO JAYA,POLRES METRO JAKARTA SELATAN,,,Perdagangan Manusia / Trafficking In Person / Tppo (dalam Negeri),2,blank kecamatan
2024,POLDA METRO JAYA,POLRES METRO JAKARTA SELATAN,,,Perkelahian Tanding,1,blank kecamatan
2024,POLDA METRO JAYA,POLRES METRO JAKARTA SELATAN,,,Perlindungan Konsumen,4,blank kecamatan
2024,POLDA METRO JAYA,POLRES METRO JAKARTA SELATAN,,,Perzinahan,6,blank kecamatan
2024,POLDA METRO JAYA,POLRES METRO JAKARTA SELATAN,,,Psikotropika ( Narkoba ),4,blank kecamatan
2024,POLDA METRO JAYA,POLRES METRO JAKARTA SELATAN,,,Sengaja Menimbulkan Kebakaran/banjir (pembakaran),1,blank kecamatan
2024,POLDA METRO JAYA,POLRES METRO JAKARTA SELATAN,,,Sumpah Palsu Dan Keterangan Palsu,5,blank kecamatan
2024,POLDA METRO JAYA,POLRES METRO JAKARTA SELATAN,,,Terhadap ketertiban umum,1,blank kecamatan
2024,POLDA METRO JAYA,POLRES METRO JAKARTA SELATAN,,,Tindak Pidana Dalam Perlindungan Anak,99,blank kecamatan
2024,POLDA METRO JAYA,POLRES METRO JAKARTA SELATAN,,,Tindak Pidana Transfer Dana,3,blank kecamatan
2024,POLDA METRO JAYA,POLRES METRO JAKARTA SELATAN,,CAKUNG,,2,blank crime type
2024,POLDA METRO JAYA,POLRES METRO JAKARTA SELATAN,,CEMPAKA PUTIH,,5,blank crime type
2024,POLDA METRO JAYA,POLRES METRO JAKARTA SELATAN,,CENGKARENG,,2,blank crime type
2024,POLDA METRO JAYA,POLRES METRO JAKARTA SELATAN,,CILANDAK,,131,blank crime type
2024,POLDA METRO JAYA,POLRES METRO JAKARTA SELATAN,,CIPAYUNG,,3,blank crime type
2024,POLDA METRO JAYA,POLRES METRO JAKARTA SELATAN,,CIRACAS,,4,blank crime type
2024,POLDA METRO JAYA,POLRES METRO JAKARTA SELATAN,,DUREN SAWIT,,9,blank crime type
2024,POLDA METRO JAYA,POLRES METRO JAKARTA SELATAN,,GAMBIR,,3,blank crime type
2024,POLDA METRO JAYA,POLRES METRO JAKARTA SELATAN,,GROGOL PETAMBURAN,,1,blank crime type
2024,POLDA METRO JAYA,POLRES METRO JAKARTA SELATAN,,JAGAKARSA,,89,blank crime type
2024,POLDA METRO JAYA,POLRES METRO JAKARTA SELATAN,,JATINEGARA,,9,blank crime type
2024,POLDA METRO JAYA,POLRES METRO JAKARTA SELATAN,,JOHAR BARU,,4,blank crime type
2024,POLDA METRO JAYA,POLRES METRO JAKARTA SELATAN,,KEBAYORAN BARU,,231,blank crime type
2024,POLDA METRO JAYA,POLRES METRO JAKARTA SELATAN,,KEBAYORAN LAMA,,117,blank crime type
2024,POLDA METRO JAYA,POLRES METRO JAKARTA SELATAN,,KEBON JERUK,,8,blank crime type
2024,POLDA METRO JAYA,POLRES METRO JAKARTA SELATAN,,KELAPA GADING,,2,blank crime type
2024,POLDA METRO JAYA,POLRES METRO JAKARTA SELATAN,,KEMAYORAN,,1,blank crime type
2024,POLDA METRO JAYA,POLRES METRO JAKARTA SELATAN,,KEMBANGAN,,7,blank crime type
2024,POLDA METRO JAYA,POLRES METRO JAKARTA SELATAN,,KRAMAT JATI,,3,blank crime type
2024,POLDA METRO JAYA,POLRES METRO JAKARTA SELATAN,,MAKASAR,,1,blank crime type
2024,POLDA METRO JAYA,POLRES METRO JAKARTA SELATAN,,MAMPANG PRAPATAN,,87,blank crime type
2024,POLDA METRO JAYA,POLRES METRO JAKARTA SELATAN,,MATRAMAN,,3,blank crime type
2024,POLDA METRO JAYA,POLRES METRO JAKARTA SELATAN,,MENTENG,,3,blank crime type
2024,POLDA METRO JAYA,POLRES METRO JAKARTA SELATAN,,PADEMANGAN,,1,blank crime type
2024,POLDA METRO JAYA,POLRES METRO JAKARTA SELATAN,,PALMERAH,,2,blank crime type
2024,POLDA METRO JAYA,POLRES METRO JAKARTA SELATAN,,PANCORAN,,60,blank crime type
2024,POLDA METRO JAYA,POLRES METRO JAKARTA SELATAN,,PASAR MINGGU,,108,blank crime type
2024,POLDA METRO JAYA,POLRES METRO JAKARTA SELATAN,,PASAR REBO,,2,blank crime type
2024,POLDA METRO JAYA,POLRES METRO JAKARTA SELATAN,,PENJARINGAN,,2,blank crime type
2024,POLDA METRO JAYA,POLRES METRO JAKARTA SELATAN,,PESANGGRAHAN,,49,blank crime type
2024,POLDA METRO JAYA,POLRES METRO JAKARTA SELATAN,,PULO GADUNG,,4,blank crime type
2024,POLDA METRO JAYA,POLRES METRO JAKARTA SELATAN,,SAWAH BESAR,,1,blank crime type
2024,POLDA METRO JAYA,POLRES METRO JAKARTA SELATAN,,SENEN,,6,blank crime type
2024,POLDA METRO JAYA,POLRES METRO JAKARTA SELATAN,,SETIA BUDI,,104,blank crime type
2024,POLDA METRO JAYA,POLRES METRO JAKARTA SELATAN,,TAMAN SARI,,1,blank crime type
2024,POLDA METRO JAYA,POLRES METRO JAKARTA SELATAN,,TANAH ABANG,,4,blank crime type
2024,POLDA METRO JAYA,POLRES METRO JAKARTA SELATAN,,TEBET,,67,blank crime type
2024,POLDA METRO JAYA,POLRES METRO JAKARTA SELATAN,POLSEK CILANDAK,,Curanmor R-2,33,blank kecamatan
2024,POLDA METRO JAYA,POLRES METRO JAKARTA SELATAN,POLSEK CILANDAK,,Kejahatan Narkotika / narkoba (dalam Negeri/ Lokal),1,blank kecamatan
2024,POLDA METRO JAYA,POLRES METRO JAKARTA SELATAN,POLSEK CILANDAK,,Memasuki Pekarangan Tanpa Ijin,1,blank kecamatan
2024,POLDA METRO JAYA,POLRES METRO JAKARTA SELATAN,POLSEK CILANDAK,,Narkotika ( Narkoba ),4,blank kecamatan
2024,POLDA METRO JAYA,POLRES METRO JAKARTA SELATAN,POLSEK CILANDAK,,Pemalsuan Surat Otentik,1,blank kecamatan
2024,POLDA METRO JAYA,POLRES METRO JAKARTA SELATAN,POLSEK CILANDAK,,Pemerasan Dan Pengancaman,1,blank kecamatan
2024,POLDA METRO JAYA,POLRES METRO JAKARTA SELATAN,POLSEK CILANDAK,,Pencurian Biasa,15,blank kecamatan
2024,POLDA METRO JAYA,POLRES METRO JAKARTA SELATAN,POLSEK CILANDAK,,Pencurian Dengan Kekerasan ( Curas ),1,blank kecamatan
2024,POLDA METRO JAYA,POLRES METRO JAKARTA SELATAN,POLSEK CILANDAK,,Pencurian Dengan Pemberatan ( Curat ),52,blank kecamatan
2024,POLDA METRO JAYA,POLRES METRO JAKARTA SELATAN,POLSEK CILANDAK,,Penganiayaan,12,blank kecamatan
2024,POLDA METRO JAYA,POLRES METRO JAKARTA SELATAN,POLSEK CILANDAK,,Penganiayaan Berat ( Anirat ),4,blank kecamatan
2024,POLDA METRO JAYA,POLRES METRO JAKARTA SELATAN,POLSEK CILANDAK,,Pengeroyokan,5,blank kecamatan
2024,POLDA METRO JAYA,POLRES METRO JAKARTA SELATAN,POLSEK CILANDAK,,Pengerusakan,2,blank kecamatan
2024,POLDA METRO JAYA,POLRES METRO JAKARTA SELATAN,POLSEK CILANDAK,,Penggelapan,17,blank kecamatan
2024,POLDA METRO JAYA,POLRES METRO JAKARTA SELATAN,POLSEK CILANDAK,,Penipuan / Perbuatan Curang,34,blank kecamatan
2024,POLDA METRO JAYA,POLRES METRO JAKARTA SELATAN,POLSEK CILANDAK,,Penyekapan,1,blank kecamatan
2024,POLDA METRO JAYA,POLRES METRO JAKARTA SELATAN,POLSEK CILANDAK,,Perbuatan Yang Tidak Menyenangkan,1,blank kecamatan
2024,POLDA METRO JAYA,POLRES METRO JAKARTA SELATAN,POLSEK CILANDAK,CILANDAK,,95,blank crime type
2024,POLDA METRO JAYA,POLRES METRO JAKARTA SELATAN,POLSEK CILANDAK,KEBAYORAN LAMA,,1,blank crime type
2024,POLDA METRO JAYA,POLRES METRO JAKARTA SELATAN,POLSEK JAGAKARSA,,Curanmor R-2,19,blank kecamatan
2024,POLDA METRO JAYA,POLRES METRO JAKARTA SELATAN,POLSEK JAGAKARSA,,Narkotika ( Narkoba ),1,blank kecamatan
2024,POLDA METRO JAYA,POLRES METRO JAKARTA SELATAN,POLSEK JAGAKARSA,,Pemerasan Dan Pengancaman,3,blank kecamatan
2024,POLDA METRO JAYA,POLRES METRO JAKARTA SELATAN,POLSEK JAGAKARSA,,Pencurian Biasa,25,blank kecamatan
2024,POLDA METRO JAYA,POLRES METRO JAKARTA SELATAN,POLSEK JAGAKARSA,,Pencurian Dengan Pemberatan ( Curat ),62,blank kecamatan
2024,POLDA METRO JAYA,POLRES METRO JAKARTA SELATAN,POLSEK JAGAKARSA,,Penganiayaan,4,blank kecamatan
2024,POLDA METRO JAYA,POLRES METRO JAKARTA SELATAN,POLSEK JAGAKARSA,,Penganiayaan Berat ( Anirat ),3,blank kecamatan
2024,POLDA METRO JAYA,POLRES METRO JAKARTA SELATAN,POLSEK JAGAKARSA,,Pengeroyokan,4,blank kecamatan
2024,POLDA METRO JAYA,POLRES METRO JAKARTA SELATAN,POLSEK JAGAKARSA,,Pengerusakan,2,blank kecamatan
2024,POLDA METRO JAYA,POLRES METRO JAKARTA SELATAN,POLSEK JAGAKARSA,,Penggelapan,18,blank kecamatan
2024,POLDA METRO JAYA,POLRES METRO JAKARTA SELATAN,POLSEK JAGAKARSA,,Penipuan / Perbuatan Curang,31,blank kecamatan
2024,POLDA METRO JAYA,POLRES METRO JAKARTA SELATAN,POLSEK JAGAKARSA,,Perampasan ( Premanisme ),3,blank kecamatan
2024,POLDA METRO JAYA,POLRES METRO JAKARTA SELATAN,POLSEK JAGAKARSA,JAGAKARSA,,86,blank crime type
2024,POLDA METRO JAYA,POLRES METRO JAKARTA SELATAN,POLSEK JAGAKARSA,PASAR MINGGU,,2,blank crime type
2024,POLDA METRO JAYA,POLRES METRO JAKARTA SELATAN,POLSEK KEBAYORAN LAMA,,Curanmor R-2,19,blank kecamatan
2024,POLDA METRO JAYA,POLRES METRO JAKARTA SELATAN,POLSEK KEBAYORAN LAMA,,Membawa Senjata Tajam,1,blank kecamatan
2024,POLDA METRO JAYA,POLRES METRO JAKARTA SELATAN,POLSEK KEBAYORAN LAMA,,Narkotika ( Narkoba ),2,blank kecamatan
2024,POLDA METRO JAYA,POLRES METRO JAKARTA SELATAN,POLSEK KEBAYORAN LAMA,,Pemerasan Dan Pengancaman,4,blank kecamatan
2024,POLDA METRO JAYA,POLRES METRO JAKARTA SELATAN,POLSEK KEBAYORAN LAMA,,Pencurian Biasa,17,blank kecamatan
2024,POLDA METRO JAYA,POLRES METRO JAKARTA SELATAN,POLSEK KEBAYORAN LAMA,,Pencurian Dengan Kekerasan ( Curas ),1,blank kecamatan
2024,POLDA METRO JAYA,POLRES METRO JAKARTA SELATAN,POLSEK KEBAYORAN LAMA,,Pencurian Dengan Pemberatan ( Curat ),36,blank kecamatan
2024,POLDA METRO JAYA,POLRES METRO JAKARTA SELATAN,POLSEK KEBAYORAN LAMA,,Pengancaman,1,blank kecamatan
2024,POLDA METRO JAYA,POLRES METRO JAKARTA SELATAN,POLSEK KEBAYORAN LAMA,,Penganiayaan,3,blank kecamatan
2024,POLDA METRO JAYA,POLRES METRO JAKARTA SELATAN,POLSEK KEBAYORAN LAMA,,Penganiayaan Berat ( Anirat ),4,blank kecamatan
2024,POLDA METRO JAYA,POLRES METRO JAKARTA SELATAN,POLSEK KEBAYORAN LAMA,,Pengeroyokan,3,blank kecamatan
2024,POLDA METRO JAYA,POLRES METRO JAKARTA SELATAN,POLSEK KEBAYORAN LAMA,,Penggelapan,15,blank kecamatan
2024,POLDA METRO JAYA,POLRES METRO JAKARTA SELATAN,POLSEK KEBAYORAN LAMA,,Penipuan / Perbuatan Curang,14,blank kecamatan
2024,POLDA METRO JAYA,POLRES METRO JAKARTA SELATAN,POLSEK KEBAYORAN LAMA,,Perampasan ( Premanisme ),6,blank kecamatan
2024,POLDA METRO JAYA,POLRES METRO JAKARTA SELATAN,POLSEK KEBAYORAN LAMA,,Perbuatan Yang Tidak Menyenangkan,1,blank kecamatan
2024,POLDA METRO JAYA,POLRES METRO JAKARTA SELATAN,POLSEK KEBAYORAN LAMA,,Tindak Pidana Dalam Perlindungan Anak,1,blank kecamatan
2024,POLDA METRO JAYA,POLRES METRO JAKARTA SELATAN,POLSEK KEBAYORAN LAMA,KEBAYORAN LAMA,,66,blank crime type
2024,POLDA METRO JAYA,POLRES METRO JAKARTA SELATAN,POLSEK MAMPANG PRAPATAN,,Curanmor R-2,33,blank kecamatan
2024,POLDA METRO JAYA,POLRES METRO JAKARTA SELATAN,POLSEK MAMPANG PRAPATAN,,Karena Alpa  Menimbulkan  Kebakaran/ Meletus/banjir,2,blank kecamatan
2024,POLDA METRO JAYA,POLRES METRO JAKARTA SELATAN,POLSEK MAMPANG PRAPATAN,,Kejahatan Terkait Senjata Tajam ( Sajam ) ( Premanisme ),3,blank kecamatan
2024,POLDA METRO JAYA,POLRES METRO JAKARTA SELATAN,POLSEK MAMPANG PRAPATAN,,Narkotika ( Narkoba ),6,blank kecamatan
2024,POLDA METRO JAYA,POLRES METRO JAKARTA SELATAN,POLSEK MAMPANG PRAPATAN,,Pemerasan Dan Pengancaman,3,blank kecamatan
2024,POLDA METRO JAYA,POLRES METRO JAKARTA SELATAN,POLSEK MAMPANG PRAPATAN,,Pencemaran Nama Baik,1,blank kecamatan
2024,POLDA METRO JAYA,POLRES METRO JAKARTA SELATAN,POLSEK MAMPANG PRAPATAN,,Pencurian Biasa,49,blank kecamatan
2024,POLDA METRO JAYA,POLRES METRO JAKARTA SELATAN,POLSEK MAMPANG PRAPATAN,,Pencurian Dengan Pemberatan ( Curat ),43,blank kecamatan
2024,POLDA METRO JAYA,POLRES METRO JAKARTA SELATAN,POLSEK MAMPANG PRAPATAN,,Pengancaman,1,blank kecamatan
2024,POLDA METRO JAYA,POLRES METRO JAKARTA SELATAN,POLSEK MAMPANG PRAPATAN,,Penganiayaan,6,blank kecamatan
2024,POLDA METRO JAYA,POLRES METRO JAKARTA SELATAN,POLSEK MAMPANG PRAPATAN,,Penganiayaan Berat ( Anirat ),5,blank kecamatan
2024,POLDA METRO JAYA,POLRES METRO JAKARTA SELATAN,POLSEK MAMPANG PRAPATAN,,Pengeroyokan,5,blank kecamatan
2024,POLDA METRO JAYA,POLRES METRO JAKARTA SELATAN,POLSEK MAMPANG PRAPATAN,,Pengerusakan,1,blank kecamatan
2024,POLDA METRO JAYA,POLRES METRO JAKARTA SELATAN,POLSEK MAMPANG PRAPATAN,,Penggelapan,19,blank kecamatan
2024,POLDA METRO JAYA,POLRES METRO JAKARTA SELATAN,POLSEK MAMPANG PRAPATAN,,Penipuan / Perbuatan Curang,47,blank kecamatan
2024,POLDA METRO JAYA,POLRES METRO JAKARTA SELATAN,POLSEK MAMPANG PRAPATAN,,Perbuatan Yang Tidak Menyenangkan,1,blank kecamatan
2024,POLDA METRO JAYA,POLRES METRO JAKARTA SELATAN,POLSEK MAMPANG PRAPATAN,,Percobaan Pencurian,1,blank kecamatan
2024,POLDA METRO JAYA,POLRES METRO JAKARTA SELATAN,POLSEK MAMPANG PRAPATAN,,Terhadap ketertiban umum,1,blank kecamatan
2024,POLDA METRO JAYA,POLRES METRO JAKARTA SELATAN,POLSEK MAMPANG PRAPATAN,KEBAYORAN BARU,,2,blank crime type
2024,POLDA METRO JAYA,POLRES METRO JAKARTA SELATAN,POLSEK MAMPANG PRAPATAN,KEBAYORAN LAMA,,1,blank crime type
2024,POLDA METRO JAYA,POLRES METRO JAKARTA SELATAN,POLSEK MAMPANG PRAPATAN,MAMPANG PRAPATAN,,108,blank crime type
2024,POLDA METRO JAYA,POLRES METRO JAKARTA SELATAN,POLSEK METRO KEBAYORAN BARU,,Kejahatan Terkait Perlindungan Data Pribadi,1,blank kecamatan
2024,POLDA METRO JAYA,POLRES METRO JAKARTA SELATAN,POLSEK METRO KEBAYORAN BARU,,Kejahatan Terkait Senjata Tajam ( Sajam ) ( Premanisme ),2,blank kecamatan
2024,POLDA METRO JAYA,POLRES METRO JAKARTA SELATAN,POLSEK METRO KEBAYORAN BARU,,Manipulasi data autentik secara elektronik (ITE),2,blank kecamatan
2024,POLDA METRO JAYA,POLRES METRO JAKARTA SELATAN,POLSEK METRO KEBAYORAN BARU,,Narkotika ( Narkoba ),16,blank kecamatan
2024,POLDA METRO JAYA,POLRES METRO JAKARTA SELATAN,POLSEK METRO KEBAYORAN BARU,,Pencemaran Nama Baik,2,blank kecamatan
2024,POLDA METRO JAYA,POLRES METRO JAKARTA SELATAN,POLSEK METRO KEBAYORAN BARU,,Pencurian Biasa,30,blank kecamatan
2024,POLDA METRO JAYA,POLRES METRO JAKARTA SELATAN,POLSEK METRO KEBAYORAN BARU,,Pencurian Dengan Kekerasan ( Curas ),1,blank kecamatan
2024,POLDA METRO JAYA,POLRES METRO JAKARTA SELATAN,POLSEK METRO KEBAYORAN BARU,,Pencurian Dengan Pemberatan ( Curat ),64,blank kecamatan
2024,POLDA METRO JAYA,POLRES METRO JAKARTA SELATAN,POLSEK METRO KEBAYORAN BARU,,Pengancaman,2,blank kecamatan
2024,POLDA METRO JAYA,POLRES METRO JAKARTA SELATAN,POLSEK METRO KEBAYORAN BARU,,Penganiayaan,11,blank kecamatan
2024,POLDA METRO JAYA,POLRES METRO JAKARTA SELATAN,POLSEK METRO KEBAYORAN BARU,,Penganiayaan Berat ( Anirat ),1,blank kecamatan
2024,POLDA METRO JAYA,POLRES METRO JAKARTA SELATAN,POLSEK METRO KEBAYORAN BARU,,Pengeroyokan,11,blank kecamatan
2024,POLDA METRO JAYA,POLRES METRO JAKARTA SELATAN,POLSEK METRO KEBAYORAN BARU,,Pengerusakan,3,blank kecamatan
2024,POLDA METRO JAYA,POLRES METRO JAKARTA SELATAN,POLSEK METRO KEBAYORAN BARU,,Penggelapan,12,blank kecamatan
2024,POLDA METRO JAYA,POLRES METRO JAKARTA SELATAN,POLSEK METRO KEBAYORAN BARU,,Penipuan / Perbuatan Curang,69,blank kecamatan
2024,POLDA METRO JAYA,POLRES METRO JAKARTA SELATAN,POLSEK METRO KEBAYORAN BARU,,Perampasan ( Premanisme ),1,blank kecamatan
2024,POLDA METRO JAYA,POLRES METRO JAKARTA SELATAN,POLSEK METRO KEBAYORAN BARU,,Perbuatan Yang Tidak Menyenangkan,2,blank kecamatan
2024,POLDA METRO JAYA,POLRES METRO JAKARTA SELATAN,POLSEK METRO KEBAYORAN BARU,,Terhadap ketertiban umum,1,blank kecamatan
2024,POLDA METRO JAYA,POLRES METRO JAKARTA SELATAN,POLSEK METRO KEBAYORAN BARU,,Tindak Pidana Transfer Dana,1,blank kecamatan
2024,POLDA METRO JAYA,POLRES METRO JAKARTA SELATAN,POLSEK METRO KEBAYORAN BARU,CILANDAK,,1,blank crime type
2024,POLDA METRO JAYA,POLRES METRO JAKARTA SELATAN,POLSEK METRO KEBAYORAN BARU,GROGOL PETAMBURAN,,1,blank crime type
2024,POLDA METRO JAYA,POLRES METRO JAKARTA SELATAN,POLSEK METRO KEBAYORAN BARU,JAGAKARSA,,1,blank crime type
2024,POLDA METRO JAYA,POLRES METRO JAKARTA SELATAN,POLSEK METRO KEBAYORAN BARU,KEBAYORAN BARU,,133,blank crime type
2024,POLDA METRO JAYA,POLRES METRO JAKARTA SELATAN,POLSEK METRO KEBAYORAN BARU,KEBAYORAN LAMA,,2,blank crime type
2024,POLDA METRO JAYA,POLRES METRO JAKARTA SELATAN,POLSEK METRO KEBAYORAN BARU,MAMPANG PRAPATAN,,1,blank crime type
2024,POLDA METRO JAYA,POLRES METRO JAKARTA SELATAN,POLSEK METRO SETIABUDI,,Kejahatan Terkait Senjata Tajam ( Sajam ) ( Premanisme ),3,blank kecamatan
2024,POLDA METRO JAYA,POLRES METRO JAKARTA SELATAN,POLSEK METRO SETIABUDI,,Kekerasan Seksual (KDRT),1,blank kecamatan
2024,POLDA METRO JAYA,POLRES METRO JAKARTA SELATAN,POLSEK METRO SETIABUDI,,Narkotika ( Narkoba ),8,blank kecamatan
2024,POLDA METRO JAYA,POLRES METRO JAKARTA SELATAN,POLSEK METRO SETIABUDI,,Pemalsuan Surat Otentik,1,blank kecamatan
2024,POLDA METRO JAYA,POLRES METRO JAKARTA SELATAN,POLSEK METRO SETIABUDI,,Pemerasan Dan Pengancaman,1,blank kecamatan
2024,POLDA METRO JAYA,POLRES METRO JAKARTA SELATAN,POLSEK METRO SETIABUDI,,Pencemaran Nama Baik,1,blank kecamatan
2024,POLDA METRO JAYA,POLRES METRO JAKARTA SELATAN,POLSEK METRO SETIABUDI,,Pencurian Biasa,66,blank kecamatan
2024,POLDA METRO JAYA,POLRES METRO JAKARTA SELATAN,POLSEK METRO SETIABUDI,,Pencurian Dengan Kekerasan ( Curas ),2,blank kecamatan
2024,POLDA METRO JAYA,POLRES METRO JAKARTA SELATAN,POLSEK METRO SETIABUDI,,Pencurian Dengan Pemberatan ( Curat ),112,blank kecamatan
2024,POLDA METRO JAYA,POLRES METRO JAKARTA SELATAN,POLSEK METRO SETIABUDI,,Pengancaman,1,blank kecamatan
2024,POLDA METRO JAYA,POLRES METRO JAKARTA SELATAN,POLSEK METRO SETIABUDI,,Penganiayaan,15,blank kecamatan
2024,POLDA METRO JAYA,POLRES METRO JAKARTA SELATAN,POLSEK METRO SETIABUDI,,Penganiayaan Berat ( Anirat ),1,blank kecamatan
2024,POLDA METRO JAYA,POLRES METRO JAKARTA SELATAN,POLSEK METRO SETIABUDI,,Pengeroyokan,10,blank kecamatan
2024,POLDA METRO JAYA,POLRES METRO JAKARTA SELATAN,POLSEK METRO SETIABUDI,,Pengerusakan,3,blank kecamatan
2024,POLDA METRO JAYA,POLRES METRO JAKARTA SELATAN,POLSEK METRO SETIABUDI,,Penggelapan,13,blank kecamatan
2024,POLDA METRO JAYA,POLRES METRO JAKARTA SELATAN,POLSEK METRO SETIABUDI,,Penipuan / Perbuatan Curang,80,blank kecamatan
2024,POLDA METRO JAYA,POLRES METRO JAKARTA SELATAN,POLSEK METRO SETIABUDI,,Perampasan ( Premanisme ),1,blank kecamatan
2024,POLDA METRO JAYA,POLRES METRO JAKARTA SELATAN,POLSEK METRO SETIABUDI,,Perbuatan Yang Tidak Menyenangkan,2,blank kecamatan
2024,POLDA METRO JAYA,POLRES METRO JAKARTA SELATAN,POLSEK METRO SETIABUDI,,Percobaan Pencurian,1,blank kecamatan
2024,POLDA METRO JAYA,POLRES METRO JAKARTA SELATAN,POLSEK METRO SETIABUDI,,Perzinahan,1,blank kecamatan
2024,POLDA METRO JAYA,POLRES METRO JAKARTA SELATAN,POLSEK METRO SETIABUDI,,Terhadap ketertiban umum,1,blank kecamatan
2024,POLDA METRO JAYA,POLRES METRO JAKARTA SELATAN,POLSEK METRO SETIABUDI,KRAMAT JATI,,1,blank crime type
2024,POLDA METRO JAYA,POLRES METRO JAKARTA SELATAN,POLSEK METRO SETIABUDI,PASAR REBO,,2,blank crime type
2024,POLDA METRO JAYA,POLRES METRO JAKARTA SELATAN,POLSEK METRO SETIABUDI,SENEN,,1,blank crime type
2024,POLDA METRO JAYA,POLRES METRO JAKARTA SELATAN,POLSEK METRO SETIABUDI,SETIA BUDI,,163,blank crime type
2024,POLDA METRO JAYA,POLRES METRO JAKARTA SELATAN,POLSEK PANCORAN,,Curanmor R-2,57,blank kecamatan
2024,POLDA METRO JAYA,POLRES METRO JAKARTA SELATAN,POLSEK PANCORAN,,Kejahatan Terkait Senjata Tajam ( Sajam ) ( Premanisme ),2,blank kecamatan
2024,POLDA METRO JAYA,POLRES METRO JAKARTA SELATAN,POLSEK PANCORAN,,Manipulasi data autentik secara elektronik (ITE),13,blank kecamatan
2024,POLDA METRO JAYA,POLRES METRO JAKARTA SELATAN,POLSEK PANCORAN,,Narkotika ( Narkoba ),2,blank kecamatan
2024,POLDA METRO JAYA,POLRES METRO JAKARTA SELATAN,POLSEK PANCORAN,,Pencurian Biasa,12,blank kecamatan
2024,POLDA METRO JAYA,POLRES METRO JAKARTA SELATAN,POLSEK PANCORAN,,Pencurian Dengan Kekerasan ( Curas ),1,blank kecamatan
2024,POLDA METRO JAYA,POLRES METRO JAKARTA SELATAN,POLSEK PANCORAN,,Pencurian Dengan Pemberatan ( Curat ),73,blank kecamatan
2024,POLDA METRO JAYA,POLRES METRO JAKARTA SELATAN,POLSEK PANCORAN,,Pencurian dalam lingkungan keluarga,1,blank kecamatan
2024,POLDA METRO JAYA,POLRES METRO JAKARTA SELATAN,POLSEK PANCORAN,,Penganiayaan,7,blank kecamatan
2024,POLDA METRO JAYA,POLRES METRO JAKARTA SELATAN,POLSEK PANCORAN,,Penganiayaan Berat ( Anirat ),1,blank kecamatan
2024,POLDA METRO JAYA,POLRES METRO JAKARTA SELATAN,POLSEK PANCORAN,,Pengeroyokan,3,blank kecamatan
2024,POLDA METRO JAYA,POLRES METRO JAKARTA SELATAN,POLSEK PANCORAN,,Pengerusakan,1,blank kecamatan
2024,POLDA METRO JAYA,POLRES METRO JAKARTA SELATAN,POLSEK PANCORAN,,Penggelapan,8,blank kecamatan
2024,POLDA METRO JAYA,POLRES METRO JAKARTA SELATAN,POLSEK PANCORAN,,Penipuan / Perbuatan Curang,31,blank kecamatan
2024,POLDA METRO JAYA,POLRES METRO JAKARTA SELATAN,POLSEK PANCORAN,,Perampasan ( Premanisme ),8,blank kecamatan
2024,POLDA METRO JAYA,POLRES METRO JAKARTA SELATAN,POLSEK PANCORAN,,Perbuatan Yang Tidak Menyenangkan,1,blank kecamatan
2024,POLDA METRO JAYA,POLRES METRO JAKARTA SELATAN,POLSEK PANCORAN,MAKASAR,,1,blank crime type
2024,POLDA METRO JAYA,POLRES METRO JAKARTA SELATAN,POLSEK PANCORAN,PANCORAN,,131,blank crime type
2024,POLDA METRO JAYA,POLRES METRO JAKARTA SELATAN,POLSEK PASAR MINGGU,,Curanmor R-2,18,blank kecamatan
2024,POLDA METRO JAYA,POLRES METRO JAKARTA SELATAN,POLSEK PASAR MINGGU,,Judi,1,blank kecamatan
2024,POLDA METRO JAYA,POLRES METRO JAKARTA SELATAN,POLSEK PASAR MINGGU,,Kejahatan Tentang Tenaga Kerja,1,blank kecamatan
2024,POLDA METRO JAYA,POLRES METRO JAKARTA SELATAN,POLSEK PASAR MINGGU,,Kejahatan Terkait Senjata Tajam ( Sajam ) ( Premanisme ),1,blank kecamatan
2024,POLDA METRO JAYA,POLRES METRO JAKARTA SELATAN,POLSEK PASAR MINGGU,,Narkotika ( Narkoba ),1,blank kecamatan
2024,POLDA METRO JAYA,POLRES METRO JAKARTA SELATAN,POLSEK PASAR MINGGU,,Pemerasan Dan Pengancaman,2,blank kecamatan
2024,POLDA METRO JAYA,POLRES METRO JAKARTA SELATAN,POLSEK PASAR MINGGU,,Pencurian Biasa,14,blank kecamatan
2024,POLDA METRO JAYA,POLRES METRO JAKARTA SELATAN,POLSEK PASAR MINGGU,,Pencurian Dengan Kekerasan ( Curas ),2,blank kecamatan
2024,POLDA METRO JAYA,POLRES METRO JAKARTA SELATAN,POLSEK PASAR MINGGU,,Pencurian Dengan Pemberatan ( Curat ),42,blank kecamatan
2024,POLDA METRO JAYA,POLRES METRO JAKARTA SELATAN,POLSEK PASAR MINGGU,,Pengancaman,1,blank kecamatan
2024,POLDA METRO JAYA,POLRES METRO JAKARTA SELATAN,POLSEK PASAR MINGGU,,Penganiayaan,7,blank kecamatan
2024,POLDA METRO JAYA,POLRES METRO JAKARTA SELATAN,POLSEK PASAR MINGGU,,Penganiayaan Berat ( Anirat ),5,blank kecamatan
2024,POLDA METRO JAYA,POLRES METRO JAKARTA SELATAN,POLSEK PASAR MINGGU,,Pengeroyokan,3,blank kecamatan
2024,POLDA METRO JAYA,POLRES METRO JAKARTA SELATAN,POLSEK PASAR MINGGU,,Penggelapan,6,blank kecamatan
2024,POLDA METRO JAYA,POLRES METRO JAKARTA SELATAN,POLSEK PASAR MINGGU,,Penipuan / Perbuatan Curang,35,blank kecamatan
2024,POLDA METRO JAYA,POLRES METRO JAKARTA SELATAN,POLSEK PASAR MINGGU,,Perampasan ( Premanisme ),2,blank kecamatan
2024,POLDA METRO JAYA,POLRES METRO JAKARTA SELATAN,POLSEK PASAR MINGGU,,Perbuatan Yang Tidak Menyenangkan,2,blank kecamatan
2024,POLDA METRO JAYA,POLRES METRO JAKARTA SELATAN,POLSEK PASAR MINGGU,,Percobaan Pencurian,1,blank kecamatan
2024,POLDA METRO JAYA,POLRES METRO JAKARTA SELATAN,POLSEK PASAR MINGGU,PANCORAN,,1,blank crime type
2024,POLDA METRO JAYA,POLRES METRO JAKARTA SELATAN,POLSEK PASAR MINGGU,PASAR MINGGU,,96,blank crime type
2024,POLDA METRO JAYA,POLRES METRO JAKARTA SELATAN,POLSEK PASAR MINGGU,PESANGGRAHAN,,1,blank crime type
2024,POLDA METRO JAYA,POLRES METRO JAKARTA SELATAN,POLSEK PESANGGRAHAN,,Curanmor R-2,6,blank kecamatan
2024,POLDA METRO JAYA,POLRES METRO JAKARTA SELATAN,POLSEK PESANGGRAHAN,,Kejahatan Terkait Senjata Tajam ( Sajam ) ( Premanisme ),1,blank kecamatan
2024,POLDA METRO JAYA,POLRES METRO JAKARTA SELATAN,POLSEK PESANGGRAHAN,,Narkotika ( Narkoba ),2,blank kecamatan
2024,POLDA METRO JAYA,POLRES METRO JAKARTA SELATAN,POLSEK PESANGGRAHAN,,Pemerasan Dan Pengancaman,1,blank kecamatan
2024,POLDA METRO JAYA,POLRES METRO JAKARTA SELATAN,POLSEK PESANGGRAHAN,,Pencurian Biasa,22,blank kecamatan
2024,POLDA METRO JAYA,POLRES METRO JAKARTA SELATAN,POLSEK PESANGGRAHAN,,Pencurian Dengan Kekerasan ( Curas ),1,blank kecamatan
2024,POLDA METRO JAYA,POLRES METRO JAKARTA SELATAN,POLSEK PESANGGRAHAN,,Pencurian Dengan Pemberatan ( Curat ),34,blank kecamatan
2024,POLDA METRO JAYA,POLRES METRO JAKARTA SELATAN,POLSEK PESANGGRAHAN,,Penganiayaan,7,blank kecamatan
2024,POLDA METRO JAYA,POLRES METRO JAKARTA SELATAN,POLSEK PESANGGRAHAN,,Pengeroyokan,4,blank kecamatan
2024,POLDA METRO JAYA,POLRES METRO JAKARTA SELATAN,POLSEK PESANGGRAHAN,,Pengerusakan,2,blank kecamatan
2024,POLDA METRO JAYA,POLRES METRO JAKARTA SELATAN,POLSEK PESANGGRAHAN,,Penggelapan,13,blank kecamatan
2024,POLDA METRO JAYA,POLRES METRO JAKARTA SELATAN,POLSEK PESANGGRAHAN,,Penipuan / Perbuatan Curang,44,blank kecamatan
2024,POLDA METRO JAYA,POLRES METRO JAKARTA SELATAN,POLSEK PESANGGRAHAN,,Perampasan ( Premanisme ),1,blank kecamatan
2024,POLDA METRO JAYA,POLRES METRO JAKARTA SELATAN,POLSEK PESANGGRAHAN,,Perbuatan Yang Tidak Menyenangkan,1,blank kecamatan
2024,POLDA METRO JAYA,POLRES METRO JAKARTA SELATAN,POLSEK PESANGGRAHAN,,Percobaan Pencurian,1,blank kecamatan
2024,POLDA METRO JAYA,POLRES METRO JAKARTA SELATAN,POLSEK PESANGGRAHAN,JAGAKARSA,,1,blank crime type
2024,POLDA METRO JAYA,POLRES METRO JAKARTA SELATAN,POLSEK PESANGGRAHAN,PESANGGRAHAN,,98,blank crime type
2024,POLDA METRO JAYA,POLRES METRO JAKARTA SELATAN,POLSEK TEBET,,Curanmor R-2,5,blank kecamatan
2024,POLDA METRO JAYA,POLRES METRO JAKARTA SELATAN,POLSEK TEBET,,Kejahatan Tentang Jaminan Fidusia,1,blank kecamatan
2024,POLDA METRO JAYA,POLRES METRO JAKARTA SELATAN,POLSEK TEBET,,Kejahatan Tentang Keterbatasan Informasi Publik,1,blank kecamatan
2024,POLDA METRO JAYA,POLRES METRO JAKARTA SELATAN,POLSEK TEBET,,Kejahatan Terhadap Jiwa Orang / Pembunuhan,1,blank kecamatan
2024,POLDA METRO JAYA,POLRES METRO JAKARTA SELATAN,POLSEK TEBET,,Kejahatan Terkait Senjata Tajam ( Sajam ) ( Premanisme ),1,blank kecamatan
2024,POLDA METRO JAYA,POLRES METRO JAKARTA SELATAN,POLSEK TEBET,,Manipulasi data autentik secara elektronik (ITE),7,blank kecamatan
2024,POLDA METRO JAYA,POLRES METRO JAKARTA SELATAN,POLSEK TEBET,,Narkotika ( Narkoba ),8,blank kecamatan
2024,POLDA METRO JAYA,POLRES METRO JAKARTA SELATAN,POLSEK TEBET,,Pencurian Biasa,13,blank kecamatan
2024,POLDA METRO JAYA,POLRES METRO JAKARTA SELATAN,POLSEK TEBET,,Pencurian Dengan Pemberatan ( Curat ),75,blank kecamatan
2024,POLDA METRO JAYA,POLRES METRO JAKARTA SELATAN,POLSEK TEBET,,Pencurian dalam lingkungan keluarga,1,blank kecamatan
2024,POLDA METRO JAYA,POLRES METRO JAKARTA SELATAN,POLSEK TEBET,,Penganiayaan,16,blank kecamatan
2024,POLDA METRO JAYA,POLRES METRO JAKARTA SELATAN,POLSEK TEBET,,Penganiayaan Berat ( Anirat ),4,blank kecamatan
2024,POLDA METRO JAYA,POLRES METRO JAKARTA SELATAN,POLSEK TEBET,,Pengeroyokan,7,blank kecamatan
2024,POLDA METRO JAYA,POLRES METRO JAKARTA SELATAN,POLSEK TEBET,,Pengerusakan,2,blank kecamatan
2024,POLDA METRO JAYA,POLRES METRO JAKARTA SELATAN,POLSEK TEBET,,Penggelapan,7,blank kecamatan
2024,POLDA METRO JAYA,POLRES METRO JAKARTA SELATAN,POLSEK TEBET,,Penipuan / Perbuatan Curang,31,blank kecamatan
2024,POLDA METRO JAYA,POLRES METRO JAKARTA SELATAN,POLSEK TEBET,,Perampasan ( Premanisme ),1,blank kecamatan
2024,POLDA METRO JAYA,POLRES METRO JAKARTA SELATAN,POLSEK TEBET,,Perbuatan Yang Tidak Menyenangkan,1,blank kecamatan
2024,POLDA METRO JAYA,POLRES METRO JAKARTA SELATAN,POLSEK TEBET,,Terhadap ketertiban umum,1,blank kecamatan
2024,POLDA METRO JAYA,POLRES METRO JAKARTA SELATAN,POLSEK TEBET,SETIA BUDI,,5,blank crime type
2024,POLDA METRO JAYA,POLRES METRO JAKARTA SELATAN,POLSEK TEBET,TEBET,,97,blank crime type
2024,POLDA METRO JAYA,POLRES METRO JAKARTA TIMUR,,,,4,blank kecamatan
2024,POLDA METRO JAYA,POLRES METRO JAKARTA TIMUR,,,Cabul,2,blank kecamatan
2024,POLDA METRO JAYA,POLRES METRO JAKARTA TIMUR,,,Curanmor R-2,46,blank kecamatan
2024,POLDA METRO JAYA,POLRES METRO JAKARTA TIMUR,,,Kawin halangan/kawin tanpa ijin,2,blank kecamatan
2024,POLDA METRO JAYA,POLRES METRO JAKARTA TIMUR,,,Kejahatan Tentang Jaminan Fidusia,28,blank kecamatan
2024,POLDA METRO JAYA,POLRES METRO JAKARTA TIMUR,,,Kejahatan Tentang Perdagangan,1,blank kecamatan
2024,POLDA METRO JAYA,POLRES METRO JAKARTA TIMUR,,,Kejahatan Terhadap Jiwa Orang / Pembunuhan,2,blank kecamatan
2024,POLDA METRO JAYA,POLRES METRO JAKARTA TIMUR,,,Kejahatan Terkait Senjata Tajam ( Sajam ) ( Premanisme ),12,blank kecamatan
2024,POLDA METRO JAYA,POLRES METRO JAKARTA TIMUR,,,Kejahatan tentang perlindungan pekerja migran indonesia,1,blank kecamatan
2024,POLDA METRO JAYA,POLRES METRO JAKARTA TIMUR,,,Kejahatan terkait Pemilihan Umum,1,blank kecamatan
2024,POLDA METRO JAYA,POLRES METRO JAKARTA TIMUR,,,Kejahatan terkait Tenaga Kesehatan,1,blank kecamatan
2024,POLDA METRO JAYA,POLRES METRO JAKARTA TIMUR,,,Kekerasan Dalam Rumah Tangga,80,blank kecamatan
2024,POLDA METRO JAYA,POLRES METRO JAKARTA TIMUR,,,Kekerasan Seksual (KDRT),11,blank kecamatan
2024,POLDA METRO JAYA,POLRES METRO JAKARTA TIMUR,,,Korupsi ( Tipikor ),1,blank kecamatan
2024,POLDA METRO JAYA,POLRES METRO JAKARTA TIMUR,,,Manipulasi data autentik secara elektronik (ITE),1067,blank kecamatan
2024,POLDA METRO JAYA,POLRES METRO JAKARTA TIMUR,,,Memasuki Pekarangan Tanpa Ijin,22,blank kecamatan
2024,POLDA METRO JAYA,POLRES METRO JAKARTA TIMUR,,,Mengakibatkan Orang Mati,1,blank kecamatan
2024,POLDA METRO JAYA,POLRES METRO JAKARTA TIMUR,,,Narkotika ( Narkoba ),78,blank kecamatan
2024,POLDA METRO JAYA,POLRES METRO JAKARTA TIMUR,,,Pemalsuan Surat Otentik,25,blank kecamatan
2024,POLDA METRO JAYA,POLRES METRO JAKARTA TIMUR,,,Pemerasan Dan Pengancaman,28,blank kecamatan
2024,POLDA METRO JAYA,POLRES METRO JAKARTA TIMUR,,,Pencemaran Nama Baik,9,blank kecamatan
2024,POLDA METRO JAYA,POLRES METRO JAKARTA TIMUR,,,Penculikan,1,blank kecamatan
2024,POLDA METRO JAYA,POLRES METRO JAKARTA TIMUR,,,Pencurian Biasa,113,blank kecamatan
2024,POLDA METRO JAYA,POLRES METRO JAKARTA TIMUR,,,Pencurian Dengan Kekerasan ( Curas ),12,blank kecamatan
2024,POLDA METRO JAYA,POLRES METRO JAKARTA TIMUR,,,Pencurian Dengan Pemberatan ( Curat ),160,blank kecamatan
2024,POLDA METRO JAYA,POLRES METRO JAKARTA TIMUR,,,Pencurian dalam lingkungan keluarga,3,blank kecamatan
2024,POLDA METRO JAYA,POLRES METRO JAKARTA TIMUR,,,Pengaduan Palsu,1,blank kecamatan
2024,POLDA METRO JAYA,POLRES METRO JAKARTA TIMUR,,,Pengancaman,1,blank kecamatan
2024,POLDA METRO JAYA,POLRES METRO JAKARTA TIMUR,,,Penganiayaan,97,blank kecamatan
2024,POLDA METRO JAYA,POLRES METRO JAKARTA TIMUR,,,Penganiayaan Berat ( Anirat ),25,blank kecamatan
2024,POLDA METRO JAYA,POLRES METRO JAKARTA TIMUR,,,Pengeroyokan,37,blank kecamatan
2024,POLDA METRO JAYA,POLRES METRO JAKARTA TIMUR,,,Pengerusakan,19,blank kecamatan
2024,POLDA METRO JAYA,POLRES METRO JAKARTA TIMUR,,,Penggelapan,92,blank kecamatan
2024,POLDA METRO JAYA,POLRES METRO JAKARTA TIMUR,,,Penghinaan,6,blank kecamatan
2024,POLDA METRO JAYA,POLRES METRO JAKARTA TIMUR,,,Penipuan / Perbuatan Curang,414,blank kecamatan
2024,POLDA METRO JAYA,POLRES METRO JAKARTA TIMUR,,,Penyalahgunaan Wewenang,1,blank kecamatan
2024,POLDA METRO JAYA,POLRES METRO JAKARTA TIMUR,,,Penyekapan,1,blank kecamatan
2024,POLDA METRO JAYA,POLRES METRO JAKARTA TIMUR,,,Penyelundupan Senjata api (senpi),1,blank kecamatan
2024,POLDA METRO JAYA,POLRES METRO JAKARTA TIMUR,,,Penyerobotan Tanah,1,blank kecamatan
2024,POLDA METRO JAYA,POLRES METRO JAKARTA TIMUR,,,Perampasan ( Premanisme ),12,blank kecamatan
2024,POLDA METRO JAYA,POLRES METRO JAKARTA TIMUR,,,Perbankan,1,blank kecamatan
2024,POLDA METRO JAYA,POLRES METRO JAKARTA TIMUR,,,Perbuatan Yang Tidak Menyenangkan,16,blank kecamatan
2024,POLDA METRO JAYA,POLRES METRO JAKARTA TIMUR,,,Percobaan Pencurian,1,blank kecamatan
2024,POLDA METRO JAYA,POLRES METRO JAKARTA TIMUR,,,Perdagangan Manusia / Trafficking In Person / Tppo (dalam Negeri),1,blank kecamatan
2024,POLDA METRO JAYA,POLRES METRO JAKARTA TIMUR,,,Perkelahian Pelajar / Mahasiswa,1,blank kecamatan
2024,POLDA METRO JAYA,POLRES METRO JAKARTA TIMUR,,,Perkosaan,1,blank kecamatan
2024,POLDA METRO JAYA,POLRES METRO JAKARTA TIMUR,,,Perlindungan Konsumen,1,blank kecamatan
2024,POLDA METRO JAYA,POLRES METRO JAKARTA TIMUR,,,Persetubuhan Terhadap Anak / Cabul Terhadap Anak,1,blank kecamatan
2024,POLDA METRO JAYA,POLRES METRO JAKARTA TIMUR,,,Perzinahan,8,blank kecamatan
2024,POLDA METRO JAYA,POLRES METRO JAKARTA TIMUR,,,Sumpah Palsu Dan Keterangan Palsu,4,blank kecamatan
2024,POLDA METRO JAYA,POLRES METRO JAKARTA TIMUR,,,Tindak Pidana Dalam Perlindungan Anak,77,blank kecamatan
2024,POLDA METRO JAYA,POLRES METRO JAKARTA TIMUR,,,Tindak Pidana Transfer Dana,1,blank kecamatan
2024,POLDA METRO JAYA,POLRES METRO JAKARTA TIMUR,,CAKUNG,,204,blank crime type
2024,POLDA METRO JAYA,POLRES METRO JAKARTA TIMUR,,CENGKARENG,,1,blank crime type
2024,POLDA METRO JAYA,POLRES METRO JAKARTA TIMUR,,CIPAYUNG,,101,blank crime type
2024,POLDA METRO JAYA,POLRES METRO JAKARTA TIMUR,,CIRACAS,,112,blank crime type
2024,POLDA METRO JAYA,POLRES METRO JAKARTA TIMUR,,DUREN SAWIT,,157,blank crime type
2024,POLDA METRO JAYA,POLRES METRO JAKARTA TIMUR,,GAMBIR,,1,blank crime type
2024,POLDA METRO JAYA,POLRES METRO JAKARTA TIMUR,,JAGAKARSA,,1,blank crime type
2024,POLDA METRO JAYA,POLRES METRO JAKARTA TIMUR,,JATINEGARA,,179,blank crime type
2024,POLDA METRO JAYA,POLRES METRO JAKARTA TIMUR,,KEMAYORAN,,4,blank crime type
2024,POLDA METRO JAYA,POLRES METRO JAKARTA TIMUR,,KOJA,,1,blank crime type
2024,POLDA METRO JAYA,POLRES METRO JAKARTA TIMUR,,KRAMAT JATI,,131,blank crime type
2024,POLDA METRO JAYA,POLRES METRO JAKARTA TIMUR,,MAKASAR,,65,blank crime type
2024,POLDA METRO JAYA,POLRES METRO JAKARTA TIMUR,,MATRAMAN,,49,blank crime type
2024,POLDA METRO JAYA,POLRES METRO JAKARTA TIMUR,,MENTENG,,3,blank crime type
2024,POLDA METRO JAYA,POLRES METRO JAKARTA TIMUR,,PALMERAH,,1,blank crime type
2024,POLDA METRO JAYA,POLRES METRO JAKARTA TIMUR,,PANCORAN,,1,blank crime type
2024,POLDA METRO JAYA,POLRES METRO JAKARTA TIMUR,,PASAR REBO,,53,blank crime type
2024,POLDA METRO JAYA,POLRES METRO JAKARTA TIMUR,,PULO GADUNG,,126,blank crime type
2024,POLDA METRO JAYA,POLRES METRO JAKARTA TIMUR,,SAWAH BESAR,,1,blank crime type
2024,POLDA METRO JAYA,POLRES METRO JAKARTA TIMUR,,SENEN,,2,blank crime type
2024,POLDA METRO JAYA,POLRES METRO JAKARTA TIMUR,,SETIA BUDI,,1,blank crime type
2024,POLDA METRO JAYA,POLRES METRO JAKARTA TIMUR,,TAMBORA,,1,blank crime type
2024,POLDA METRO JAYA,POLRES METRO JAKARTA TIMUR,POLSEK METRO CAKUNG,,Kejahatan Terkait Senjata Tajam ( Sajam ) ( Premanisme ),10,blank kecamatan
2024,POLDA METRO JAYA,POLRES METRO JAKARTA TIMUR,POLSEK METRO CAKUNG,,Membahayakan Keamanan Umum Bagi  Orang / Barang,1,blank kecamatan
2024,POLDA METRO JAYA,POLRES METRO JAKARTA TIMUR,POLSEK METRO CAKUNG,,Mengakibatkan Orang Mati,1,blank kecamatan
2024,POLDA METRO JAYA,POLRES METRO JAKARTA TIMUR,POLSEK METRO CAKUNG,,Narkotika ( Narkoba ),8,blank kecamatan
2024,POLDA METRO JAYA,POLRES METRO JAKARTA TIMUR,POLSEK METRO CAKUNG,,Pemalsuan Surat Otentik,1,blank kecamatan
2024,POLDA METRO JAYA,POLRES METRO JAKARTA TIMUR,POLSEK METRO CAKUNG,,Pemerasan Dan Pengancaman,14,blank kecamatan
2024,POLDA METRO JAYA,POLRES METRO JAKARTA TIMUR,POLSEK METRO CAKUNG,,Pencurian Biasa,23,blank kecamatan
2024,POLDA METRO JAYA,POLRES METRO JAKARTA TIMUR,POLSEK METRO CAKUNG,,Pencurian Dengan Kekerasan ( Curas ),1,blank kecamatan
2024,POLDA METRO JAYA,POLRES METRO JAKARTA TIMUR,POLSEK METRO CAKUNG,,Pencurian Dengan Pemberatan ( Curat ),137,blank kecamatan
2024,POLDA METRO JAYA,POLRES METRO JAKARTA TIMUR,POLSEK METRO CAKUNG,,Pengancaman,2,blank kecamatan
2024,POLDA METRO JAYA,POLRES METRO JAKARTA TIMUR,POLSEK METRO CAKUNG,,Penganiayaan,11,blank kecamatan
2024,POLDA METRO JAYA,POLRES METRO JAKARTA TIMUR,POLSEK METRO CAKUNG,,Penganiayaan Berat ( Anirat ),11,blank kecamatan
2024,POLDA METRO JAYA,POLRES METRO JAKARTA TIMUR,POLSEK METRO CAKUNG,,Pengeroyokan,29,blank kecamatan
2024,POLDA METRO JAYA,POLRES METRO JAKARTA TIMUR,POLSEK METRO CAKUNG,,Pengerusakan,2,blank kecamatan
2024,POLDA METRO JAYA,POLRES METRO JAKARTA TIMUR,POLSEK METRO CAKUNG,,Penggelapan,16,blank kecamatan
2024,POLDA METRO JAYA,POLRES METRO JAKARTA TIMUR,POLSEK METRO CAKUNG,,Penghinaan,1,blank kecamatan
2024,POLDA METRO JAYA,POLRES METRO JAKARTA TIMUR,POLSEK METRO CAKUNG,,Penipuan / Perbuatan Curang,62,blank kecamatan
2024,POLDA METRO JAYA,POLRES METRO JAKARTA TIMUR,POLSEK METRO CAKUNG,,Percobaan Pencurian,2,blank kecamatan
2024,POLDA METRO JAYA,POLRES METRO JAKARTA TIMUR,POLSEK METRO CAKUNG,,Terhadap ketertiban umum,1,blank kecamatan
2024,POLDA METRO JAYA,POLRES METRO JAKARTA TIMUR,POLSEK METRO CAKUNG,,Tindak Pidana Dalam Perlindungan Anak,1,blank kecamatan
2024,POLDA METRO JAYA,POLRES METRO JAKARTA TIMUR,POLSEK METRO CAKUNG,CAKUNG,,143,blank crime type
2024,POLDA METRO JAYA,POLRES METRO JAKARTA TIMUR,POLSEK METRO CIPAYUNG,,Kejahatan Terkait Senjata Tajam ( Sajam ) ( Premanisme ),1,blank kecamatan
2024,POLDA METRO JAYA,POLRES METRO JAKARTA TIMUR,POLSEK METRO CIPAYUNG,,Narkotika ( Narkoba ),3,blank kecamatan
2024,POLDA METRO JAYA,POLRES METRO JAKARTA TIMUR,POLSEK METRO CIPAYUNG,,Pencurian Biasa,6,blank kecamatan
2024,POLDA METRO JAYA,POLRES METRO JAKARTA TIMUR,POLSEK METRO CIPAYUNG,,Pencurian Dengan Kekerasan ( Curas ),3,blank kecamatan
2024,POLDA METRO JAYA,POLRES METRO JAKARTA TIMUR,POLSEK METRO CIPAYUNG,,Pencurian Dengan Pemberatan ( Curat ),10,blank kecamatan
2024,POLDA METRO JAYA,POLRES METRO JAKARTA TIMUR,POLSEK METRO CIPAYUNG,,Pencurian dalam lingkungan keluarga,1,blank kecamatan
2024,POLDA METRO JAYA,POLRES METRO JAKARTA TIMUR,POLSEK METRO CIPAYUNG,,Penganiayaan,12,blank kecamatan
2024,POLDA METRO JAYA,POLRES METRO JAKARTA TIMUR,POLSEK METRO CIPAYUNG,,Penganiayaan Berat ( Anirat ),1,blank kecamatan
2024,POLDA METRO JAYA,POLRES METRO JAKARTA TIMUR,POLSEK METRO CIPAYUNG,,Pengeroyokan,9,blank kecamatan
2024,POLDA METRO JAYA,POLRES METRO JAKARTA TIMUR,POLSEK METRO CIPAYUNG,,Penggelapan,13,blank kecamatan
2024,POLDA METRO JAYA,POLRES METRO JAKARTA TIMUR,POLSEK METRO CIPAYUNG,,Penghinaan,1,blank kecamatan
2024,POLDA METRO JAYA,POLRES METRO JAKARTA TIMUR,POLSEK METRO CIPAYUNG,,Penipuan / Perbuatan Curang,16,blank kecamatan
2024,POLDA METRO JAYA,POLRES METRO JAKARTA TIMUR,POLSEK METRO CIPAYUNG,,Perbuatan Yang Tidak Menyenangkan,1,blank kecamatan
2024,POLDA METRO JAYA,POLRES METRO JAKARTA TIMUR,POLSEK METRO CIPAYUNG,CIPAYUNG,,21,blank crime type
2024,POLDA METRO JAYA,POLRES METRO JAKARTA TIMUR,POLSEK METRO CIPAYUNG,KRAMAT JATI,,3,blank crime type
2024,POLDA METRO JAYA,POLRES METRO JAKARTA TIMUR,POLSEK METRO CIRACAS,,Curanmor R-2,5,blank kecamatan
2024,POLDA METRO JAYA,POLRES METRO JAKARTA TIMUR,POLSEK METRO CIRACAS,,Karena Alpa  Menimbulkan  Kebakaran/ Meletus/banjir,2,blank kecamatan
2024,POLDA METRO JAYA,POLRES METRO JAKARTA TIMUR,POLSEK METRO CIRACAS,,Kejahatan Terkait Senjata Tajam ( Sajam ) ( Premanisme ),3,blank kecamatan
2024,POLDA METRO JAYA,POLRES METRO JAKARTA TIMUR,POLSEK METRO CIRACAS,,Manipulasi data autentik secara elektronik (ITE),1,blank kecamatan
2024,POLDA METRO JAYA,POLRES METRO JAKARTA TIMUR,POLSEK METRO CIRACAS,,Narkotika ( Narkoba ),8,blank kecamatan
2024,POLDA METRO JAYA,POLRES METRO JAKARTA TIMUR,POLSEK METRO CIRACAS,,Pemalsuan Mata Uang Dan Uang Kertas,1,blank kecamatan
2024,POLDA METRO JAYA,POLRES METRO JAKARTA TIMUR,POLSEK METRO CIRACAS,,Pemerasan Dan Pengancaman,2,blank kecamatan
2024,POLDA METRO JAYA,POLRES METRO JAKARTA TIMUR,POLSEK METRO CIRACAS,,Pencurian Biasa,18,blank kecamatan
2024,POLDA METRO JAYA,POLRES METRO JAKARTA TIMUR,POLSEK METRO CIRACAS,,Pencurian Dengan Kekerasan ( Curas ),1,blank kecamatan
2024,POLDA METRO JAYA,POLRES METRO JAKARTA TIMUR,POLSEK METRO CIRACAS,,Pencurian Dengan Pemberatan ( Curat ),24,blank kecamatan
2024,POLDA METRO JAYA,POLRES METRO JAKARTA TIMUR,POLSEK METRO CIRACAS,,Penganiayaan,17,blank kecamatan
2024,POLDA METRO JAYA,POLRES METRO JAKARTA TIMUR,POLSEK METRO CIRACAS,,Penganiayaan Berat ( Anirat ),3,blank kecamatan
2024,POLDA METRO JAYA,POLRES METRO JAKARTA TIMUR,POLSEK METRO CIRACAS,,Pengeroyokan,9,blank kecamatan
2024,POLDA METRO JAYA,POLRES METRO JAKARTA TIMUR,POLSEK METRO CIRACAS,,Pengerusakan,1,blank kecamatan
2024,POLDA METRO JAYA,POLRES METRO JAKARTA TIMUR,POLSEK METRO CIRACAS,,Penggelapan,11,blank kecamatan
2024,POLDA METRO JAYA,POLRES METRO JAKARTA TIMUR,POLSEK METRO CIRACAS,,Penipuan / Perbuatan Curang,18,blank kecamatan
2024,POLDA METRO JAYA,POLRES METRO JAKARTA TIMUR,POLSEK METRO CIRACAS,,Perbuatan Yang Tidak Menyenangkan,2,blank kecamatan
2024,POLDA METRO JAYA,POLRES METRO JAKARTA TIMUR,POLSEK METRO CIRACAS,,Sengaja Menimbulkan Kebakaran/banjir (pembakaran),1,blank kecamatan
2024,POLDA METRO JAYA,POLRES METRO JAKARTA TIMUR,POLSEK METRO CIRACAS,CIRACAS,,30,blank crime type
2024,POLDA METRO JAYA,POLRES METRO JAKARTA TIMUR,POLSEK METRO DUREN SAWIT,,Kejahatan Terkait Senjata Tajam ( Sajam ) ( Premanisme ),3,blank kecamatan
2024,POLDA METRO JAYA,POLRES METRO JAKARTA TIMUR,POLSEK METRO DUREN SAWIT,,Narkotika ( Narkoba ),3,blank kecamatan
2024,POLDA METRO JAYA,POLRES METRO JAKARTA TIMUR,POLSEK METRO DUREN SAWIT,,Pemalsuan Surat Otentik,1,blank kecamatan
2024,POLDA METRO JAYA,POLRES METRO JAKARTA TIMUR,POLSEK METRO DUREN SAWIT,,Pemerasan Dan Pengancaman,2,blank kecamatan
2024,POLDA METRO JAYA,POLRES METRO JAKARTA TIMUR,POLSEK METRO DUREN SAWIT,,Pencurian Biasa,7,blank kecamatan
2024,POLDA METRO JAYA,POLRES METRO JAKARTA TIMUR,POLSEK METRO DUREN SAWIT,,Pencurian Dengan Kekerasan ( Curas ),4,blank kecamatan
2024,POLDA METRO JAYA,POLRES METRO JAKARTA TIMUR,POLSEK METRO DUREN SAWIT,,Pencurian Dengan Pemberatan ( Curat ),42,blank kecamatan
2024,POLDA METRO JAYA,POLRES METRO JAKARTA TIMUR,POLSEK METRO DUREN SAWIT,,Penganiayaan,12,blank kecamatan
2024,POLDA METRO JAYA,POLRES METRO JAKARTA TIMUR,POLSEK METRO DUREN SAWIT,,Penganiayaan Berat ( Anirat ),4,blank kecamatan
2024,POLDA METRO JAYA,POLRES METRO JAKARTA TIMUR,POLSEK METRO DUREN SAWIT,,Pengeroyokan,11,blank kecamatan
2024,POLDA METRO JAYA,POLRES METRO JAKARTA TIMUR,POLSEK METRO DUREN SAWIT,,Penggelapan,6,blank kecamatan
2024,POLDA METRO JAYA,POLRES METRO JAKARTA TIMUR,POLSEK METRO DUREN SAWIT,,Penipuan / Perbuatan Curang,21,blank kecamatan
2024,POLDA METRO JAYA,POLRES METRO JAKARTA TIMUR,POLSEK METRO DUREN SAWIT,,Penyekapan,1,blank kecamatan
2024,POLDA METRO JAYA,POLRES METRO JAKARTA TIMUR,POLSEK METRO DUREN SAWIT,,Perampasan ( Premanisme ),3,blank kecamatan
2024,POLDA METRO JAYA,POLRES METRO JAKARTA TIMUR,POLSEK METRO DUREN SAWIT,,Perbuatan Yang Tidak Menyenangkan,1,blank kecamatan
2024,POLDA METRO JAYA,POLRES METRO JAKARTA TIMUR,POLSEK METRO DUREN SAWIT,,Percobaan Pencurian,4,blank kecamatan
2024,POLDA METRO JAYA,POLRES METRO JAKARTA TIMUR,POLSEK METRO DUREN SAWIT,,Sengaja Menimbulkan Kebakaran/banjir (pembakaran),1,blank kecamatan
2024,POLDA METRO JAYA,POLRES METRO JAKARTA TIMUR,POLSEK METRO DUREN SAWIT,,Terhadap ketertiban umum,1,blank kecamatan
2024,POLDA METRO JAYA,POLRES METRO JAKARTA TIMUR,POLSEK METRO DUREN SAWIT,,Tindak Pidana Dalam Perlindungan Anak,1,blank kecamatan
2024,POLDA METRO JAYA,POLRES METRO JAKARTA TIMUR,POLSEK METRO DUREN SAWIT,CAKUNG,,1,blank crime type
2024,POLDA METRO JAYA,POLRES METRO JAKARTA TIMUR,POLSEK METRO DUREN SAWIT,DUREN SAWIT,,42,blank crime type
2024,POLDA METRO JAYA,POLRES METRO JAKARTA TIMUR,POLSEK METRO DUREN SAWIT,PULO GADUNG,,1,blank crime type
2024,POLDA METRO JAYA,POLRES METRO JAKARTA TIMUR,POLSEK METRO JATINEGARA,,Kejahatan Terkait Senjata Tajam ( Sajam ) ( Premanisme ),6,blank kecamatan
2024,POLDA METRO JAYA,POLRES METRO JAKARTA TIMUR,POLSEK METRO JATINEGARA,,Memasuki Pekarangan Tanpa Ijin,1,blank kecamatan
2024,POLDA METRO JAYA,POLRES METRO JAKARTA TIMUR,POLSEK METRO JATINEGARA,,Narkotika ( Narkoba ),16,blank kecamatan
2024,POLDA METRO JAYA,POLRES METRO JAKARTA TIMUR,POLSEK METRO JATINEGARA,,Pencurian Biasa,14,blank kecamatan
2024,POLDA METRO JAYA,POLRES METRO JAKARTA TIMUR,POLSEK METRO JATINEGARA,,Pencurian Dengan Kekerasan ( Curas ),1,blank kecamatan
2024,POLDA METRO JAYA,POLRES METRO JAKARTA TIMUR,POLSEK METRO JATINEGARA,,Pencurian Dengan Pemberatan ( Curat ),14,blank kecamatan
2024,POLDA METRO JAYA,POLRES METRO JAKARTA TIMUR,POLSEK METRO JATINEGARA,,Penganiayaan,8,blank kecamatan
2024,POLDA METRO JAYA,POLRES METRO JAKARTA TIMUR,POLSEK METRO JATINEGARA,,Penganiayaan Berat ( Anirat ),4,blank kecamatan
2024,POLDA METRO JAYA,POLRES METRO JAKARTA TIMUR,POLSEK METRO JATINEGARA,,Pengeroyokan,3,blank kecamatan
2024,POLDA METRO JAYA,POLRES METRO JAKARTA TIMUR,POLSEK METRO JATINEGARA,,Pengerusakan,3,blank kecamatan
2024,POLDA METRO JAYA,POLRES METRO JAKARTA TIMUR,POLSEK METRO JATINEGARA,,Penggelapan,8,blank kecamatan
2024,POLDA METRO JAYA,POLRES METRO JAKARTA TIMUR,POLSEK METRO JATINEGARA,,Penipuan / Perbuatan Curang,14,blank kecamatan
2024,POLDA METRO JAYA,POLRES METRO JAKARTA TIMUR,POLSEK METRO JATINEGARA,,Perampasan ( Premanisme ),1,blank kecamatan
2024,POLDA METRO JAYA,POLRES METRO JAKARTA TIMUR,POLSEK METRO JATINEGARA,,Percobaan Pencurian,1,blank kecamatan
2024,POLDA METRO JAYA,POLRES METRO JAKARTA TIMUR,POLSEK METRO JATINEGARA,JATINEGARA,,24,blank crime type
2024,POLDA METRO JAYA,POLRES METRO JAKARTA TIMUR,POLSEK METRO KRAMATJATI,,Curanmor R-2,3,blank kecamatan
2024,POLDA METRO JAYA,POLRES METRO JAKARTA TIMUR,POLSEK METRO KRAMATJATI,,Kejahatan Terkait Senjata Tajam ( Sajam ) ( Premanisme ),6,blank kecamatan
2024,POLDA METRO JAYA,POLRES METRO JAKARTA TIMUR,POLSEK METRO KRAMATJATI,,Narkotika ( Narkoba ),7,blank kecamatan
2024,POLDA METRO JAYA,POLRES METRO JAKARTA TIMUR,POLSEK METRO KRAMATJATI,,Pemalsuan Mata Uang Dan Uang Kertas,1,blank kecamatan
2024,POLDA METRO JAYA,POLRES METRO JAKARTA TIMUR,POLSEK METRO KRAMATJATI,,Pemerasan Dan Pengancaman,1,blank kecamatan
2024,POLDA METRO JAYA,POLRES METRO JAKARTA TIMUR,POLSEK METRO KRAMATJATI,,Pencurian Biasa,32,blank kecamatan
2024,POLDA METRO JAYA,POLRES METRO JAKARTA TIMUR,POLSEK METRO KRAMATJATI,,Pencurian Dengan Pemberatan ( Curat ),24,blank kecamatan
2024,POLDA METRO JAYA,POLRES METRO JAKARTA TIMUR,POLSEK METRO KRAMATJATI,,Pencurian dalam lingkungan keluarga,1,blank kecamatan
2024,POLDA METRO JAYA,POLRES METRO JAKARTA TIMUR,POLSEK METRO KRAMATJATI,,Penganiayaan,16,blank kecamatan
2024,POLDA METRO JAYA,POLRES METRO JAKARTA TIMUR,POLSEK METRO KRAMATJATI,,Penganiayaan Berat ( Anirat ),3,blank kecamatan
2024,POLDA METRO JAYA,POLRES METRO JAKARTA TIMUR,POLSEK METRO KRAMATJATI,,Pengeroyokan,10,blank kecamatan
2024,POLDA METRO JAYA,POLRES METRO JAKARTA TIMUR,POLSEK METRO KRAMATJATI,,Pengerusakan,2,blank kecamatan
2024,POLDA METRO JAYA,POLRES METRO JAKARTA TIMUR,POLSEK METRO KRAMATJATI,,Penggelapan,6,blank kecamatan
2024,POLDA METRO JAYA,POLRES METRO JAKARTA TIMUR,POLSEK METRO KRAMATJATI,,Penipuan / Perbuatan Curang,23,blank kecamatan
2024,POLDA METRO JAYA,POLRES METRO JAKARTA TIMUR,POLSEK METRO KRAMATJATI,,Perampasan ( Premanisme ),1,blank kecamatan
2024,POLDA METRO JAYA,POLRES METRO JAKARTA TIMUR,POLSEK METRO KRAMATJATI,,Perbuatan Yang Tidak Menyenangkan,7,blank kecamatan
2024,POLDA METRO JAYA,POLRES METRO JAKARTA TIMUR,POLSEK METRO KRAMATJATI,,Percobaan Pencurian,3,blank kecamatan
2024,POLDA METRO JAYA,POLRES METRO JAKARTA TIMUR,POLSEK METRO KRAMATJATI,KRAMAT JATI,,29,blank crime type
2024,POLDA METRO JAYA,POLRES METRO JAKARTA TIMUR,POLSEK METRO MAKASAR,,Curanmor R-2,82,blank kecamatan
2024,POLDA METRO JAYA,POLRES METRO JAKARTA TIMUR,POLSEK METRO MAKASAR,,Kejahatan Terkait Senjata Tajam ( Sajam ) ( Premanisme ),3,blank kecamatan
2024,POLDA METRO JAYA,POLRES METRO JAKARTA TIMUR,POLSEK METRO MAKASAR,,Narkotika ( Narkoba ),5,blank kecamatan
2024,POLDA METRO JAYA,POLRES METRO JAKARTA TIMUR,POLSEK METRO MAKASAR,,Pemerasan Dan Pengancaman,3,blank kecamatan
2024,POLDA METRO JAYA,POLRES METRO JAKARTA TIMUR,POLSEK METRO MAKASAR,,Pencurian Biasa,27,blank kecamatan
2024,POLDA METRO JAYA,POLRES METRO JAKARTA TIMUR,POLSEK METRO MAKASAR,,Pencurian Dengan Kekerasan ( Curas ),6,blank kecamatan
2024,POLDA METRO JAYA,POLRES METRO JAKARTA TIMUR,POLSEK METRO MAKASAR,,Pencurian Dengan Pemberatan ( Curat ),50,blank kecamatan
2024,POLDA METRO JAYA,POLRES METRO JAKARTA TIMUR,POLSEK METRO MAKASAR,,Pengaduan Palsu,1,blank kecamatan
2024,POLDA METRO JAYA,POLRES METRO JAKARTA TIMUR,POLSEK METRO MAKASAR,,Penganiayaan,13,blank kecamatan
2024,POLDA METRO JAYA,POLRES METRO JAKARTA TIMUR,POLSEK METRO MAKASAR,,Penganiayaan Berat ( Anirat ),1,blank kecamatan
2024,POLDA METRO JAYA,POLRES METRO JAKARTA TIMUR,POLSEK METRO MAKASAR,,Pengeroyokan,8,blank kecamatan
2024,POLDA METRO JAYA,POLRES METRO JAKARTA TIMUR,POLSEK METRO MAKASAR,,Pengerusakan,5,blank kecamatan
2024,POLDA METRO JAYA,POLRES METRO JAKARTA TIMUR,POLSEK METRO MAKASAR,,Penggelapan,6,blank kecamatan
2024,POLDA METRO JAYA,POLRES METRO JAKARTA TIMUR,POLSEK METRO MAKASAR,,Penipuan / Perbuatan Curang,57,blank kecamatan
2024,POLDA METRO JAYA,POLRES METRO JAKARTA TIMUR,POLSEK METRO MAKASAR,,Perampasan ( Premanisme ),16,blank kecamatan
2024,POLDA METRO JAYA,POLRES METRO JAKARTA TIMUR,POLSEK METRO MAKASAR,,Perbuatan Yang Tidak Menyenangkan,3,blank kecamatan
2024,POLDA METRO JAYA,POLRES METRO JAKARTA TIMUR,POLSEK METRO MAKASAR,,Sengaja Menimbulkan Kebakaran/banjir (pembakaran),1,blank kecamatan
2024,POLDA METRO JAYA,POLRES METRO JAKARTA TIMUR,POLSEK METRO MAKASAR,KEMAYORAN,,1,blank crime type
2024,POLDA METRO JAYA,POLRES METRO JAKARTA TIMUR,POLSEK METRO MAKASAR,MAKASAR,,152,blank crime type
2024,POLDA METRO JAYA,POLRES METRO JAKARTA TIMUR,POLSEK METRO MATRAMAN,,Curanmor R-2,67,blank kecamatan
2024,POLDA METRO JAYA,POLRES METRO JAKARTA TIMUR,POLSEK METRO MATRAMAN,,Kejahatan Terkait Senjata Tajam ( Sajam ) ( Premanisme ),5,blank kecamatan
2024,POLDA METRO JAYA,POLRES METRO JAKARTA TIMUR,POLSEK METRO MATRAMAN,,Narkotika ( Narkoba ),4,blank kecamatan
2024,POLDA METRO JAYA,POLRES METRO JAKARTA TIMUR,POLSEK METRO MATRAMAN,,Pemerasan Dan Pengancaman,2,blank kecamatan
2024,POLDA METRO JAYA,POLRES METRO JAKARTA TIMUR,POLSEK METRO MATRAMAN,,Pencurian Biasa,18,blank kecamatan
2024,POLDA METRO JAYA,POLRES METRO JAKARTA TIMUR,POLSEK METRO MATRAMAN,,Pencurian Dengan Pemberatan ( Curat ),49,blank kecamatan
2024,POLDA METRO JAYA,POLRES METRO JAKARTA TIMUR,POLSEK METRO MATRAMAN,,Penganiayaan,4,blank kecamatan
2024,POLDA METRO JAYA,POLRES METRO JAKARTA TIMUR,POLSEK METRO MATRAMAN,,Penganiayaan Berat ( Anirat ),2,blank kecamatan
2024,POLDA METRO JAYA,POLRES METRO JAKARTA TIMUR,POLSEK METRO MATRAMAN,,Pengeroyokan,3,blank kecamatan
2024,POLDA METRO JAYA,POLRES METRO JAKARTA TIMUR,POLSEK METRO MATRAMAN,,Penggelapan,3,blank kecamatan
2024,POLDA METRO JAYA,POLRES METRO JAKARTA TIMUR,POLSEK METRO MATRAMAN,,Penipuan / Perbuatan Curang,39,blank kecamatan
2024,POLDA METRO JAYA,POLRES METRO JAKARTA TIMUR,POLSEK METRO MATRAMAN,,Perbuatan Yang Tidak Menyenangkan,1,blank kecamatan
2024,POLDA METRO JAYA,POLRES METRO JAKARTA TIMUR,POLSEK METRO MATRAMAN,,Percobaan Pencurian,2,blank kecamatan
2024,POLDA METRO JAYA,POLRES METRO JAKARTA TIMUR,POLSEK METRO MATRAMAN,MATRAMAN,,99,blank crime type
2024,POLDA METRO JAYA,POLRES METRO JAKARTA TIMUR,POLSEK METRO MATRAMAN,SENEN,,1,blank crime type
2024,POLDA METRO JAYA,POLRES METRO JAKARTA TIMUR,POLSEK METRO PASAR REBO,,Curanmor R-2,49,blank kecamatan
2024,POLDA METRO JAYA,POLRES METRO JAKARTA TIMUR,POLSEK METRO PASAR REBO,,Kejahatan Terkait Senjata Tajam ( Sajam ) ( Premanisme ),3,blank kecamatan
2024,POLDA METRO JAYA,POLRES METRO JAKARTA TIMUR,POLSEK METRO PASAR REBO,,Narkotika ( Narkoba ),2,blank kecamatan
2024,POLDA METRO JAYA,POLRES METRO JAKARTA TIMUR,POLSEK METRO PASAR REBO,,Pemalsuan Surat Otentik,1,blank kecamatan
2024,POLDA METRO JAYA,POLRES METRO JAKARTA TIMUR,POLSEK METRO PASAR REBO,,Pemerasan Dan Pengancaman,1,blank kecamatan
2024,POLDA METRO JAYA,POLRES METRO JAKARTA TIMUR,POLSEK METRO PASAR REBO,,Pencemaran Nama Baik,1,blank kecamatan
2024,POLDA METRO JAYA,POLRES METRO JAKARTA TIMUR,POLSEK METRO PASAR REBO,,Pencurian Biasa,28,blank kecamatan
2024,POLDA METRO JAYA,POLRES METRO JAKARTA TIMUR,POLSEK METRO PASAR REBO,,Pencurian Dengan Pemberatan ( Curat ),58,blank kecamatan
2024,POLDA METRO JAYA,POLRES METRO JAKARTA TIMUR,POLSEK METRO PASAR REBO,,Penganiayaan,7,blank kecamatan
2024,POLDA METRO JAYA,POLRES METRO JAKARTA TIMUR,POLSEK METRO PASAR REBO,,Penganiayaan Berat ( Anirat ),2,blank kecamatan
2024,POLDA METRO JAYA,POLRES METRO JAKARTA TIMUR,POLSEK METRO PASAR REBO,,Pengeroyokan,5,blank kecamatan
2024,POLDA METRO JAYA,POLRES METRO JAKARTA TIMUR,POLSEK METRO PASAR REBO,,Penggelapan,4,blank kecamatan
2024,POLDA METRO JAYA,POLRES METRO JAKARTA TIMUR,POLSEK METRO PASAR REBO,,Penipuan / Perbuatan Curang,57,blank kecamatan
2024,POLDA METRO JAYA,POLRES METRO JAKARTA TIMUR,POLSEK METRO PASAR REBO,,Perampasan ( Premanisme ),3,blank kecamatan
2024,POLDA METRO JAYA,POLRES METRO JAKARTA TIMUR,POLSEK METRO PASAR REBO,,Perbuatan Yang Tidak Menyenangkan,1,blank kecamatan
2024,POLDA METRO JAYA,POLRES METRO JAKARTA TIMUR,POLSEK METRO PASAR REBO,,Sengaja Menimbulkan Kebakaran/banjir (pembakaran),1,blank kecamatan
2024,POLDA METRO JAYA,POLRES METRO JAKARTA TIMUR,POLSEK METRO PASAR REBO,CIPAYUNG,,1,blank crime type
2024,POLDA METRO JAYA,POLRES METRO JAKARTA TIMUR,POLSEK METRO PASAR REBO,CIRACAS,,1,blank crime type
2024,POLDA METRO JAYA,POLRES METRO JAKARTA TIMUR,POLSEK METRO PASAR REBO,PASAR REBO,,104,blank crime type
2024,POLDA METRO JAYA,POLRES METRO JAKARTA TIMUR,POLSEK METRO PULO GADUNG,,Kejahatan Terkait Senjata Tajam ( Sajam ) ( Premanisme ),4,blank kecamatan
2024,POLDA METRO JAYA,POLRES METRO JAKARTA TIMUR,POLSEK METRO PULO GADUNG,,Narkotika ( Narkoba ),8,blank kecamatan
2024,POLDA METRO JAYA,POLRES METRO JAKARTA TIMUR,POLSEK METRO PULO GADUNG,,Pemerasan Dan Pengancaman,4,blank kecamatan
2024,POLDA METRO JAYA,POLRES METRO JAKARTA TIMUR,POLSEK METRO PULO GADUNG,,Pencemaran Nama Baik,1,blank kecamatan
2024,POLDA METRO JAYA,POLRES METRO JAKARTA TIMUR,POLSEK METRO PULO GADUNG,,Pencurian Biasa,25,blank kecamatan
2024,POLDA METRO JAYA,POLRES METRO JAKARTA TIMUR,POLSEK METRO PULO GADUNG,,Pencurian Dengan Kekerasan ( Curas ),10,blank kecamatan
2024,POLDA METRO JAYA,POLRES METRO JAKARTA TIMUR,POLSEK METRO PULO GADUNG,,Pencurian Dengan Pemberatan ( Curat ),171,blank kecamatan
2024,POLDA METRO JAYA,POLRES METRO JAKARTA TIMUR,POLSEK METRO PULO GADUNG,,Pengancaman,2,blank kecamatan
2024,POLDA METRO JAYA,POLRES METRO JAKARTA TIMUR,POLSEK METRO PULO GADUNG,,Penganiayaan,14,blank kecamatan
2024,POLDA METRO JAYA,POLRES METRO JAKARTA TIMUR,POLSEK METRO PULO GADUNG,,Penganiayaan Berat ( Anirat ),8,blank kecamatan
2024,POLDA METRO JAYA,POLRES METRO JAKARTA TIMUR,POLSEK METRO PULO GADUNG,,Pengeroyokan,9,blank kecamatan
2024,POLDA METRO JAYA,POLRES METRO JAKARTA TIMUR,POLSEK METRO PULO GADUNG,,Penggelapan,15,blank kecamatan
2024,POLDA METRO JAYA,POLRES METRO JAKARTA TIMUR,POLSEK METRO PULO GADUNG,,Penghinaan,1,blank kecamatan
2024,POLDA METRO JAYA,POLRES METRO JAKARTA TIMUR,POLSEK METRO PULO GADUNG,,Penipuan / Perbuatan Curang,80,blank kecamatan
2024,POLDA METRO JAYA,POLRES METRO JAKARTA TIMUR,POLSEK METRO PULO GADUNG,,Perampasan ( Premanisme ),7,blank kecamatan
2024,POLDA METRO JAYA,POLRES METRO JAKARTA TIMUR,POLSEK METRO PULO GADUNG,,Percobaan Pencurian,1,blank kecamatan
2024,POLDA METRO JAYA,POLRES METRO JAKARTA TIMUR,POLSEK METRO PULO GADUNG,CAKUNG,,1,blank crime type
2024,POLDA METRO JAYA,POLRES METRO JAKARTA TIMUR,POLSEK METRO PULO GADUNG,PASAR REBO,,1,blank crime type
2024,POLDA METRO JAYA,POLRES METRO JAKARTA TIMUR,POLSEK METRO PULO GADUNG,PULO GADUNG,,222,blank crime type
2024,POLDA METRO JAYA,POLRES METRO JAKARTA TIMUR,POLSEK METRO PULO GADUNG,SAWAH BESAR,,2,blank crime type
2024,POLDA METRO JAYA,POLRES METRO JAKARTA TIMUR,POLSEK METRO PULO GADUNG,TEBET,,1,blank crime type
2024,POLDA METRO JAYA,POLRES METRO JAKARTA UTARA,,,,1,blank kecamatan
2024,POLDA METRO JAYA,POLRES METRO JAKARTA UTARA,,,Cabul,1,blank kecamatan
2024,POLDA METRO JAYA,POLRES METRO JAKARTA UTARA,,,Curanmor R-2,4,blank kecamatan
2024,POLDA METRO JAYA,POLRES METRO JAKARTA UTARA,,,Judi,4,blank kecamatan
2024,POLDA METRO JAYA,POLRES METRO JAKARTA UTARA,,,Kejahatan Tentang Jaminan Fidusia,18,blank kecamatan
2024,POLDA METRO JAYA,POLRES METRO JAKARTA UTARA,,,Kejahatan Tentang Minyak Dan Gas  ( MIGAS ),1,blank kecamatan
2024,POLDA METRO JAYA,POLRES METRO JAKARTA UTARA,,,Kejahatan Tentang Pornografi,3,blank kecamatan
2024,POLDA METRO JAYA,POLRES METRO JAKARTA UTARA,,,Kejahatan Tentang Tenaga Kerja,1,blank kecamatan
2024,POLDA METRO JAYA,POLRES METRO JAKARTA UTARA,,,Kejahatan Terhadap Jiwa Orang / Pembunuhan,1,blank kecamatan
2024,POLDA METRO JAYA,POLRES METRO JAKARTA UTARA,,,Kejahatan Terkait Merek,4,blank kecamatan
2024,POLDA METRO JAYA,POLRES METRO JAKARTA UTARA,,,Kejahatan Terkait Senjata Tajam ( Sajam ) ( Premanisme ),6,blank kecamatan
2024,POLDA METRO JAYA,POLRES METRO JAKARTA UTARA,,,Kejahatan terkait Tenaga Kesehatan,1,blank kecamatan
2024,POLDA METRO JAYA,POLRES METRO JAKARTA UTARA,,,Kekerasan Dalam Rumah Tangga,90,blank kecamatan
2024,POLDA METRO JAYA,POLRES METRO JAKARTA UTARA,,,Kekerasan Seksual (KDRT),9,blank kecamatan
2024,POLDA METRO JAYA,POLRES METRO JAKARTA UTARA,,,Manipulasi data autentik secara elektronik (ITE),90,blank kecamatan
2024,POLDA METRO JAYA,POLRES METRO JAKARTA UTARA,,,Memasuki Pekarangan Tanpa Ijin,3,blank kecamatan
2024,POLDA METRO JAYA,POLRES METRO JAKARTA UTARA,,,Membahayakan Keamanan Umum Bagi  Orang / Barang,1,blank kecamatan
2024,POLDA METRO JAYA,POLRES METRO JAKARTA UTARA,,,Narkotika ( Narkoba ),126,blank kecamatan
2024,POLDA METRO JAYA,POLRES METRO JAKARTA UTARA,,,Pemalsuan Surat Otentik,10,blank kecamatan
2024,POLDA METRO JAYA,POLRES METRO JAKARTA UTARA,,,Pemerasan Dan Pengancaman,5,blank kecamatan
2024,POLDA METRO JAYA,POLRES METRO JAKARTA UTARA,,,Pencemaran Nama Baik,6,blank kecamatan
2024,POLDA METRO JAYA,POLRES METRO JAKARTA UTARA,,,Pencurian Biasa,32,blank kecamatan
2024,POLDA METRO JAYA,POLRES METRO JAKARTA UTARA,,,Pencurian Dengan Kekerasan ( Curas ),10,blank kecamatan
2024,POLDA METRO JAYA,POLRES METRO JAKARTA UTARA,,,Pencurian Dengan Pemberatan ( Curat ),73,blank kecamatan
2024,POLDA METRO JAYA,POLRES METRO JAKARTA UTARA,,,Pencurian dalam lingkungan keluarga,1,blank kecamatan
2024,POLDA METRO JAYA,POLRES METRO JAKARTA UTARA,,,Pengaduan Palsu,2,blank kecamatan
2024,POLDA METRO JAYA,POLRES METRO JAKARTA UTARA,,,Pengancaman,1,blank kecamatan
2024,POLDA METRO JAYA,POLRES METRO JAKARTA UTARA,,,Penganiayaan,73,blank kecamatan
2024,POLDA METRO JAYA,POLRES METRO JAKARTA UTARA,,,Penganiayaan Berat ( Anirat ),6,blank kecamatan
2024,POLDA METRO JAYA,POLRES METRO JAKARTA UTARA,,,Pengeroyokan,29,blank kecamatan
2024,POLDA METRO JAYA,POLRES METRO JAKARTA UTARA,,,Pengerusakan,4,blank kecamatan
2024,POLDA METRO JAYA,POLRES METRO JAKARTA UTARA,,,Penggelapan,125,blank kecamatan
2024,POLDA METRO JAYA,POLRES METRO JAKARTA UTARA,,,Penghinaan,1,blank kecamatan
2024,POLDA METRO JAYA,POLRES METRO JAKARTA UTARA,,,Penipuan / Perbuatan Curang,181,blank kecamatan
2024,POLDA METRO JAYA,POLRES METRO JAKARTA UTARA,,,Penyekapan,2,blank kecamatan
2024,POLDA METRO JAYA,POLRES METRO JAKARTA UTARA,,,Penyerobotan Tanah,5,blank kecamatan
2024,POLDA METRO JAYA,POLRES METRO JAKARTA UTARA,,,Perampasan ( Premanisme ),3,blank kecamatan
2024,POLDA METRO JAYA,POLRES METRO JAKARTA UTARA,,,Perbuatan Yang Tidak Menyenangkan,12,blank kecamatan
2024,POLDA METRO JAYA,POLRES METRO JAKARTA UTARA,,,Perkosaan,1,blank kecamatan
2024,POLDA METRO JAYA,POLRES METRO JAKARTA UTARA,,,Perlindungan Konsumen,1,blank kecamatan
2024,POLDA METRO JAYA,POLRES METRO JAKARTA UTARA,,,Persetubuhan Terhadap Anak / Cabul Terhadap Anak,2,blank kecamatan
2024,POLDA METRO JAYA,POLRES METRO JAKARTA UTARA,,,Sumpah Palsu Dan Keterangan Palsu,2,blank kecamatan
2024,POLDA METRO JAYA,POLRES METRO JAKARTA UTARA,,,Telekomunikasi,1,blank kecamatan
2024,POLDA METRO JAYA,POLRES METRO JAKARTA UTARA,,,Tindak Pidana Dalam Perlindungan Anak,79,blank kecamatan
2024,POLDA METRO JAYA,POLRES METRO JAKARTA UTARA,,,Tindak Pidana Pencucian Uang ( TPPU / Money Laundering),2,blank kecamatan
2024,POLDA METRO JAYA,POLRES METRO JAKARTA UTARA,,CENGKARENG,,4,blank crime type
2024,POLDA METRO JAYA,POLRES METRO JAKARTA UTARA,,CILINCING,,61,blank crime type
2024,POLDA METRO JAYA,POLRES METRO JAKARTA UTARA,,JOHAR BARU,,1,blank crime type
2024,POLDA METRO JAYA,POLRES METRO JAKARTA UTARA,,KELAPA GADING,,50,blank crime type
2024,POLDA METRO JAYA,POLRES METRO JAKARTA UTARA,,KEMAYORAN,,1,blank crime type
2024,POLDA METRO JAYA,POLRES METRO JAKARTA UTARA,,KOJA,,57,blank crime type
2024,POLDA METRO JAYA,POLRES METRO JAKARTA UTARA,,MATRAMAN,,1,blank crime type
2024,POLDA METRO JAYA,POLRES METRO JAKARTA UTARA,,PADEMANGAN,,31,blank crime type
2024,POLDA METRO JAYA,POLRES METRO JAKARTA UTARA,,PENJARINGAN,,52,blank crime type
2024,POLDA METRO JAYA,POLRES METRO JAKARTA UTARA,,TAMAN SARI,,1,blank crime type
2024,POLDA METRO JAYA,POLRES METRO JAKARTA UTARA,,TANAH ABANG,,1,blank crime type
2024,POLDA METRO JAYA,POLRES METRO JAKARTA UTARA,,TANJUNG PRIOK,,108,blank crime type
2024,POLDA METRO JAYA,POLRES METRO JAKARTA UTARA,POLSEK CILINCING JAKARTA UTARA,,Curanmor R-2,1,blank kecamatan
2024,POLDA METRO JAYA,POLRES METRO JAKARTA UTARA,POLSEK CILINCING JAKARTA UTARA,,Kejahatan Terkait Senjata Tajam ( Sajam ) ( Premanisme ),4,blank kecamatan
2024,POLDA METRO JAYA,POLRES METRO JAKARTA UTARA,POLSEK CILINCING JAKARTA UTARA,,Manipulasi data autentik secara elektronik (ITE),1,blank kecamatan
2024,POLDA METRO JAYA,POLRES METRO JAKARTA UTARA,POLSEK CILINCING JAKARTA UTARA,,Narkotika ( Narkoba ),8,blank kecamatan
2024,POLDA METRO JAYA,POLRES METRO JAKARTA UTARA,POLSEK CILINCING JAKARTA UTARA,,Pencurian Biasa,2,blank kecamatan
2024,POLDA METRO JAYA,POLRES METRO JAKARTA UTARA,POLSEK CILINCING JAKARTA UTARA,,Pencurian Dengan Kekerasan ( Curas ),1,blank kecamatan
2024,POLDA METRO JAYA,POLRES METRO JAKARTA UTARA,POLSEK CILINCING JAKARTA UTARA,,Pencurian Dengan Pemberatan ( Curat ),19,blank kecamatan
2024,POLDA METRO JAYA,POLRES METRO JAKARTA UTARA,POLSEK CILINCING JAKARTA UTARA,,Penganiayaan,7,blank kecamatan
2024,POLDA METRO JAYA,POLRES METRO JAKARTA UTARA,POLSEK CILINCING JAKARTA UTARA,,Penganiayaan Berat ( Anirat ),1,blank kecamatan
2024,POLDA METRO JAYA,POLRES METRO JAKARTA UTARA,POLSEK CILINCING JAKARTA UTARA,,Pengeroyokan,3,blank kecamatan
2024,POLDA METRO JAYA,POLRES METRO JAKARTA UTARA,POLSEK CILINCING JAKARTA UTARA,,Penggelapan,7,blank kecamatan
2024,POLDA METRO JAYA,POLRES METRO JAKARTA UTARA,POLSEK CILINCING JAKARTA UTARA,,Penipuan / Perbuatan Curang,3,blank kecamatan
2024,POLDA METRO JAYA,POLRES METRO JAKARTA UTARA,POLSEK CILINCING JAKARTA UTARA,,Perbuatan Yang Tidak Menyenangkan,1,blank kecamatan
2024,POLDA METRO JAYA,POLRES METRO JAKARTA UTARA,POLSEK CILINCING JAKARTA UTARA,,Percobaan Pencurian,1,blank kecamatan
2024,POLDA METRO JAYA,POLRES METRO JAKARTA UTARA,POLSEK CILINCING JAKARTA UTARA,,Sengaja Menimbulkan Kebakaran/banjir (pembakaran),1,blank kecamatan
2024,POLDA METRO JAYA,POLRES METRO JAKARTA UTARA,POLSEK CILINCING JAKARTA UTARA,,Tindak Pidana Dalam Perlindungan Anak,2,blank kecamatan
2024,POLDA METRO JAYA,POLRES METRO JAKARTA UTARA,POLSEK CILINCING JAKARTA UTARA,CILINCING,,20,blank crime type
2024,POLDA METRO JAYA,POLRES METRO JAKARTA UTARA,POLSEK CILINCING JAKARTA UTARA,SENEN,,1,blank crime type
2024,POLDA METRO JAYA,POLRES METRO JAKARTA UTARA,POLSEK KELAPA GADING JAKARTA UTARA,,Curanmor R-2,13,blank kecamatan
2024,POLDA METRO JAYA,POLRES METRO JAKARTA UTARA,POLSEK KELAPA GADING JAKARTA UTARA,,Kejahatan Terkait Senjata Tajam ( Sajam ) ( Premanisme ),1,blank kecamatan
2024,POLDA METRO JAYA,POLRES METRO JAKARTA UTARA,POLSEK KELAPA GADING JAKARTA UTARA,,Manipulasi data autentik secara elektronik (ITE),1,blank kecamatan
2024,POLDA METRO JAYA,POLRES METRO JAKARTA UTARA,POLSEK KELAPA GADING JAKARTA UTARA,,Mengakibatkan Orang Luka,1,blank kecamatan
2024,POLDA METRO JAYA,POLRES METRO JAKARTA UTARA,POLSEK KELAPA GADING JAKARTA UTARA,,Narkotika ( Narkoba ),17,blank kecamatan
2024,POLDA METRO JAYA,POLRES METRO JAKARTA UTARA,POLSEK KELAPA GADING JAKARTA UTARA,,Pencurian Biasa,22,blank kecamatan
2024,POLDA METRO JAYA,POLRES METRO JAKARTA UTARA,POLSEK KELAPA GADING JAKARTA UTARA,,Pencurian Dengan Pemberatan ( Curat ),27,blank kecamatan
2024,POLDA METRO JAYA,POLRES METRO JAKARTA UTARA,POLSEK KELAPA GADING JAKARTA UTARA,,Penganiayaan,8,blank kecamatan
2024,POLDA METRO JAYA,POLRES METRO JAKARTA UTARA,POLSEK KELAPA GADING JAKARTA UTARA,,Penganiayaan Berat ( Anirat ),6,blank kecamatan
2024,POLDA METRO JAYA,POLRES METRO JAKARTA UTARA,POLSEK KELAPA GADING JAKARTA UTARA,,Pengeroyokan,4,blank kecamatan
2024,POLDA METRO JAYA,POLRES METRO JAKARTA UTARA,POLSEK KELAPA GADING JAKARTA UTARA,,Pengerusakan,1,blank kecamatan
2024,POLDA METRO JAYA,POLRES METRO JAKARTA UTARA,POLSEK KELAPA GADING JAKARTA UTARA,,Penggelapan,10,blank kecamatan
2024,POLDA METRO JAYA,POLRES METRO JAKARTA UTARA,POLSEK KELAPA GADING JAKARTA UTARA,,Penipuan / Perbuatan Curang,7,blank kecamatan
2024,POLDA METRO JAYA,POLRES METRO JAKARTA UTARA,POLSEK KELAPA GADING JAKARTA UTARA,,Perbuatan Yang Tidak Menyenangkan,2,blank kecamatan
2024,POLDA METRO JAYA,POLRES METRO JAKARTA UTARA,POLSEK KELAPA GADING JAKARTA UTARA,,Percobaan Pencurian,1,blank kecamatan
2024,POLDA METRO JAYA,POLRES METRO JAKARTA UTARA,POLSEK KELAPA GADING JAKARTA UTARA,CENGKARENG,,1,blank crime type
2024,POLDA METRO JAYA,POLRES METRO JAKARTA UTARA,POLSEK KELAPA GADING JAKARTA UTARA,CILANDAK,,1,blank crime type
2024,POLDA METRO JAYA,POLRES METRO JAKARTA UTARA,POLSEK KELAPA GADING JAKARTA UTARA,KELAPA GADING,,32,blank crime type
2024,POLDA METRO JAYA,POLRES METRO JAKARTA UTARA,POLSEK KELAPA GADING JAKARTA UTARA,KEMAYORAN,,2,blank crime type
2024,POLDA METRO JAYA,POLRES METRO JAKARTA UTARA,POLSEK KELAPA GADING JAKARTA UTARA,KOJA,,1,blank crime type
2024,POLDA METRO JAYA,POLRES METRO JAKARTA UTARA,POLSEK KELAPA GADING JAKARTA UTARA,SAWAH BESAR,,1,blank crime type
2024,POLDA METRO JAYA,POLRES METRO JAKARTA UTARA,POLSEK KELAPA GADING JAKARTA UTARA,TANJUNG PRIOK,,1,blank crime type
2024,POLDA METRO JAYA,POLRES METRO JAKARTA UTARA,POLSEK KOJA JAKARTA UTARA,,Cabul,1,blank kecamatan
2024,POLDA METRO JAYA,POLRES METRO JAKARTA UTARA,POLSEK KOJA JAKARTA UTARA,,Kejahatan Terkait Senjata Tajam ( Sajam ) ( Premanisme ),5,blank kecamatan
2024,POLDA METRO JAYA,POLRES METRO JAKARTA UTARA,POLSEK KOJA JAKARTA UTARA,,Narkotika ( Narkoba ),6,blank kecamatan
2024,POLDA METRO JAYA,POLRES METRO JAKARTA UTARA,POLSEK KOJA JAKARTA UTARA,,Pencurian Biasa,14,blank kecamatan
2024,POLDA METRO JAYA,POLRES METRO JAKARTA UTARA,POLSEK KOJA JAKARTA UTARA,,Pencurian Dengan Kekerasan ( Curas ),2,blank kecamatan
2024,POLDA METRO JAYA,POLRES METRO JAKARTA UTARA,POLSEK KOJA JAKARTA UTARA,,Pencurian Dengan Pemberatan ( Curat ),29,blank kecamatan
2024,POLDA METRO JAYA,POLRES METRO JAKARTA UTARA,POLSEK KOJA JAKARTA UTARA,,Pencurian dalam lingkungan keluarga,1,blank kecamatan
2024,POLDA METRO JAYA,POLRES METRO JAKARTA UTARA,POLSEK KOJA JAKARTA UTARA,,Pengancaman,1,blank kecamatan
2024,POLDA METRO JAYA,POLRES METRO JAKARTA UTARA,POLSEK KOJA JAKARTA UTARA,,Penganiayaan,7,blank kecamatan
2024,POLDA METRO JAYA,POLRES METRO JAKARTA UTARA,POLSEK KOJA JAKARTA UTARA,,Penganiayaan Berat ( Anirat ),5,blank kecamatan
2024,POLDA METRO JAYA,POLRES METRO JAKARTA UTARA,POLSEK KOJA JAKARTA UTARA,,Pengeroyokan,4,blank kecamatan
2024,POLDA METRO JAYA,POLRES METRO JAKARTA UTARA,POLSEK KOJA JAKARTA UTARA,,Penggelapan,5,blank kecamatan
2024,POLDA METRO JAYA,POLRES METRO JAKARTA UTARA,POLSEK KOJA JAKARTA UTARA,,Penipuan / Perbuatan Curang,7,blank kecamatan
2024,POLDA METRO JAYA,POLRES METRO JAKARTA UTARA,POLSEK KOJA JAKARTA UTARA,,Perbuatan Yang Tidak Menyenangkan,1,blank kecamatan
2024,POLDA METRO JAYA,POLRES METRO JAKARTA UTARA,POLSEK KOJA JAKARTA UTARA,,Percobaan Pencurian,4,blank kecamatan
2024,POLDA METRO JAYA,POLRES METRO JAKARTA UTARA,POLSEK KOJA JAKARTA UTARA,,Perdagangan Manusia / Trafficking In Person / Tppo (dalam Negeri),1,blank kecamatan
2024,POLDA METRO JAYA,POLRES METRO JAKARTA UTARA,POLSEK KOJA JAKARTA UTARA,,Perzinahan,1,blank kecamatan
2024,POLDA METRO JAYA,POLRES METRO JAKARTA UTARA,POLSEK KOJA JAKARTA UTARA,,Tindak Pidana Dalam Perlindungan Anak,1,blank kecamatan
2024,POLDA METRO JAYA,POLRES METRO JAKARTA UTARA,POLSEK KOJA JAKARTA UTARA,CILINCING,,1,blank crime type
2024,POLDA METRO JAYA,POLRES METRO JAKARTA UTARA,POLSEK KOJA JAKARTA UTARA,KOJA,,37,blank crime type
2024,POLDA METRO JAYA,POLRES METRO JAKARTA UTARA,POLSEK METRO PENJARINGAN,,Curanmor R-2,11,blank kecamatan
2024,POLDA METRO JAYA,POLRES METRO JAKARTA UTARA,POLSEK METRO PENJARINGAN,,Kejahatan Terkait Senjata Tajam ( Sajam ) ( Premanisme ),1,blank kecamatan
2024,POLDA METRO JAYA,POLRES METRO JAKARTA UTARA,POLSEK METRO PENJARINGAN,,Manipulasi data autentik secara elektronik (ITE),2,blank kecamatan
2024,POLDA METRO JAYA,POLRES METRO JAKARTA UTARA,POLSEK METRO PENJARINGAN,,Memasuki Pekarangan Tanpa Ijin,1,blank kecamatan
2024,POLDA METRO JAYA,POLRES METRO JAKARTA UTARA,POLSEK METRO PENJARINGAN,,Narkotika ( Narkoba ),7,blank kecamatan
2024,POLDA METRO JAYA,POLRES METRO JAKARTA UTARA,POLSEK METRO PENJARINGAN,,Penadahan,1,blank kecamatan
2024,POLDA METRO JAYA,POLRES METRO JAKARTA UTARA,POLSEK METRO PENJARINGAN,,Pencurian Biasa,10,blank kecamatan
2024,POLDA METRO JAYA,POLRES METRO JAKARTA UTARA,POLSEK METRO PENJARINGAN,,Pencurian Dengan Kekerasan ( Curas ),2,blank kecamatan
2024,POLDA METRO JAYA,POLRES METRO JAKARTA UTARA,POLSEK METRO PENJARINGAN,,Pencurian Dengan Pemberatan ( Curat ),16,blank kecamatan
2024,POLDA METRO JAYA,POLRES METRO JAKARTA UTARA,POLSEK METRO PENJARINGAN,,Pengancaman,1,blank kecamatan
2024,POLDA METRO JAYA,POLRES METRO JAKARTA UTARA,POLSEK METRO PENJARINGAN,,Penganiayaan,12,blank kecamatan
2024,POLDA METRO JAYA,POLRES METRO JAKARTA UTARA,POLSEK METRO PENJARINGAN,,Penganiayaan Berat ( Anirat ),2,blank kecamatan
2024,POLDA METRO JAYA,POLRES METRO JAKARTA UTARA,POLSEK METRO PENJARINGAN,,Pengeroyokan,6,blank kecamatan
2024,POLDA METRO JAYA,POLRES METRO JAKARTA UTARA,POLSEK METRO PENJARINGAN,,Penggelapan,25,blank kecamatan
2024,POLDA METRO JAYA,POLRES METRO JAKARTA UTARA,POLSEK METRO PENJARINGAN,,Penipuan / Perbuatan Curang,21,blank kecamatan
2024,POLDA METRO JAYA,POLRES METRO JAKARTA UTARA,POLSEK METRO PENJARINGAN,,Penyelundupan Senjata api (senpi),3,blank kecamatan
2024,POLDA METRO JAYA,POLRES METRO JAKARTA UTARA,POLSEK METRO PENJARINGAN,,Percobaan Pencurian,2,blank kecamatan
2024,POLDA METRO JAYA,POLRES METRO JAKARTA UTARA,POLSEK METRO PENJARINGAN,,Perkosaan,1,blank kecamatan
2024,POLDA METRO JAYA,POLRES METRO JAKARTA UTARA,POLSEK METRO PENJARINGAN,PENJARINGAN,,33,blank crime type
2024,POLDA METRO JAYA,POLRES METRO JAKARTA UTARA,POLSEK METRO PENJARINGAN,TAMAN SARI,,1,blank crime type
2024,POLDA METRO JAYA,POLRES METRO JAKARTA UTARA,POLSEK PADEMANGAN,,Curanmor R-2,3,blank kecamatan
2024,POLDA METRO JAYA,POLRES METRO JAKARTA UTARA,POLSEK PADEMANGAN,,Menjual atau mengedarkan obat keras / bebas terbatas tanpa ijin,1,blank kecamatan
2024,POLDA METRO JAYA,POLRES METRO JAKARTA UTARA,POLSEK PADEMANGAN,,Narkotika ( Narkoba ),12,blank kecamatan
2024,POLDA METRO JAYA,POLRES METRO JAKARTA UTARA,POLSEK PADEMANGAN,,Pemalsuan Surat Otentik,1,blank kecamatan
2024,POLDA METRO JAYA,POLRES METRO JAKARTA UTARA,POLSEK PADEMANGAN,,Pencurian Biasa,13,blank kecamatan
2024,POLDA METRO JAYA,POLRES METRO JAKARTA UTARA,POLSEK PADEMANGAN,,Pencurian Dengan Kekerasan ( Curas ),1,blank kecamatan
2024,POLDA METRO JAYA,POLRES METRO JAKARTA UTARA,POLSEK PADEMANGAN,,Pencurian Dengan Pemberatan ( Curat ),24,blank kecamatan
2024,POLDA METRO JAYA,POLRES METRO JAKARTA UTARA,POLSEK PADEMANGAN,,Penganiayaan,6,blank kecamatan
2024,POLDA METRO JAYA,POLRES METRO JAKARTA UTARA,POLSEK PADEMANGAN,,Penganiayaan Berat ( Anirat ),4,blank kecamatan
2024,POLDA METRO JAYA,POLRES METRO JAKARTA UTARA,POLSEK PADEMANGAN,,Pengeroyokan,7,blank kecamatan
2024,POLDA METRO JAYA,POLRES METRO JAKARTA UTARA,POLSEK PADEMANGAN,,Penggelapan,7,blank kecamatan
2024,POLDA METRO JAYA,POLRES METRO JAKARTA UTARA,POLSEK PADEMANGAN,,Penipuan / Perbuatan Curang,6,blank kecamatan
2024,POLDA METRO JAYA,POLRES METRO JAKARTA UTARA,POLSEK PADEMANGAN,,Perbuatan Yang Tidak Menyenangkan,1,blank kecamatan
2024,POLDA METRO JAYA,POLRES METRO JAKARTA UTARA,POLSEK PADEMANGAN,,Percobaan Pencurian,2,blank kecamatan
2024,POLDA METRO JAYA,POLRES METRO JAKARTA UTARA,POLSEK PADEMANGAN,PADEMANGAN,,26,blank crime type
2024,POLDA METRO JAYA,POLRES METRO JAKARTA UTARA,POLSEK PADEMANGAN,TANJUNG PRIOK,,1,blank crime type
2024,POLDA METRO JAYA,POLRES METRO JAKARTA UTARA,POLSEK TANJUNG PRIOK,,Curanmor R-2,3,blank kecamatan
2024,POLDA METRO JAYA,POLRES METRO JAKARTA UTARA,POLSEK TANJUNG PRIOK,,Kejahatan Terhadap Jiwa Orang / Pembunuhan,1,blank kecamatan
2024,POLDA METRO JAYA,POLRES METRO JAKARTA UTARA,POLSEK TANJUNG PRIOK,,Kejahatan Terkait Senjata Tajam ( Sajam ) ( Premanisme ),2,blank kecamatan
2024,POLDA METRO JAYA,POLRES METRO JAKARTA UTARA,POLSEK TANJUNG PRIOK,,Narkotika ( Narkoba ),9,blank kecamatan
2024,POLDA METRO JAYA,POLRES METRO JAKARTA UTARA,POLSEK TANJUNG PRIOK,,Penadahan,1,blank kecamatan
2024,POLDA METRO JAYA,POLRES METRO JAKARTA UTARA,POLSEK TANJUNG PRIOK,,Pencurian Biasa,14,blank kecamatan
2024,POLDA METRO JAYA,POLRES METRO JAKARTA UTARA,POLSEK TANJUNG PRIOK,,Pencurian Dengan Kekerasan ( Curas ),2,blank kecamatan
2024,POLDA METRO JAYA,POLRES METRO JAKARTA UTARA,POLSEK TANJUNG PRIOK,,Pencurian Dengan Pemberatan ( Curat ),21,blank kecamatan
2024,POLDA METRO JAYA,POLRES METRO JAKARTA UTARA,POLSEK TANJUNG PRIOK,,Penganiayaan,12,blank kecamatan
2024,POLDA METRO JAYA,POLRES METRO JAKARTA UTARA,POLSEK TANJUNG PRIOK,,Penganiayaan Berat ( Anirat ),5,blank kecamatan
2024,POLDA METRO JAYA,POLRES METRO JAKARTA UTARA,POLSEK TANJUNG PRIOK,,Pengeroyokan,4,blank kecamatan
2024,POLDA METRO JAYA,POLRES METRO JAKARTA UTARA,POLSEK TANJUNG PRIOK,,Penggelapan,16,blank kecamatan
2024,POLDA METRO JAYA,POLRES METRO JAKARTA UTARA,POLSEK TANJUNG PRIOK,,Penipuan / Perbuatan Curang,12,blank kecamatan
2024,POLDA METRO JAYA,POLRES METRO JAKARTA UTARA,POLSEK TANJUNG PRIOK,,Perbuatan Yang Tidak Menyenangkan,2,blank kecamatan
2024,POLDA METRO JAYA,POLRES METRO JAKARTA UTARA,POLSEK TANJUNG PRIOK,,Percobaan Pencurian,1,blank kecamatan
2024,POLDA METRO JAYA,POLRES METRO JAKARTA UTARA,POLSEK TANJUNG PRIOK,,Sengaja Menimbulkan Kebakaran/banjir (pembakaran),1,blank kecamatan
2024,POLDA METRO JAYA,POLRES METRO JAKARTA UTARA,POLSEK TANJUNG PRIOK,TANJUNG PRIOK,,37,blank crime type
2024,POLDA METRO JAYA,POLRES METRO JAKARTA UTARA,POLSEK TANJUNG PRIOK,TEBET,,1,blank crime type
2024,POLDA METRO JAYA,POLRES METRO TANGERANG KOTA,,,Manipulasi data autentik secara elektronik (ITE),1,blank kecamatan
2024,POLDA METRO JAYA,POLRES METRO TANGERANG KOTA,,,Narkotika ( Narkoba ),12,blank kecamatan
2024,POLDA METRO JAYA,POLRES METRO TANGERANG KOTA,,,Pencurian Dengan Pemberatan ( Curat ),1,blank kecamatan
2024,POLDA METRO JAYA,POLRES METRO TANGERANG KOTA,,,Pengeroyokan,1,blank kecamatan
2024,POLDA METRO JAYA,POLRES METRO TANGERANG KOTA,,,Pengerusakan,1,blank kecamatan
2024,POLDA METRO JAYA,POLRES METRO TANGERANG KOTA,,,Penggelapan,3,blank kecamatan
2024,POLDA METRO JAYA,POLRES METRO TANGERANG KOTA,,,Penipuan / Perbuatan Curang,5,blank kecamatan
2024,POLDA METRO JAYA,POLRES METRO TANGERANG KOTA,,,Perkosaan,1,blank kecamatan
2024,POLDA METRO JAYA,POLRES METRO TANGERANG KOTA,,,Sengaja Menimbulkan Kebakaran/banjir (pembakaran),1,blank kecamatan
2024,POLDA METRO JAYA,POLRES METRO TANGERANG KOTA,,,Tindak Pidana Dalam Perlindungan Anak,2,blank kecamatan
2024,POLDA METRO JAYA,POLRES METRO TANGERANG KOTA,,CAKUNG,,1,blank crime type
2024,POLDA METRO JAYA,POLRES METRO TANGERANG KOTA,,CENGKARENG,,1,blank crime type
2024,POLDA METRO JAYA,POLRES METRO TANGERANG KOTA,,KALI DERES,,1,blank crime type
2024,POLDA METRO JAYA,POLRES METRO TANGERANG KOTA,,KEBAYORAN BARU,,1,blank crime type
2024,POLDA METRO JAYA,POLRES METRO TANGERANG KOTA,,PASAR MINGGU,,1,blank crime type
2024,POLDA METRO JAYA,POLRES METRO TANGERANG KOTA,,PESANGGRAHAN,,2,blank crime type
2024,POLDA METRO JAYA,POLRES METRO TANGERANG KOTA,POLSEK BATUCEPER,,Curanmor R-2,1,blank kecamatan
2024,POLDA METRO JAYA,POLRES METRO TANGERANG KOTA,POLSEK BATUCEPER,KALI DERES,,1,blank crime type
2024,POLDA METRO JAYA,POLRES METRO TANGERANG KOTA,POLSEK BENDA,,Narkotika ( Narkoba ),2,blank kecamatan
2024,POLDA METRO JAYA,POLRES METRO TANGERANG KOTA,POLSEK BENDA,CENGKARENG,,1,blank crime type
2024,POLDA METRO JAYA,POLRES METRO TANGERANG KOTA,POLSEK CILEDUG,,Narkotika ( Narkoba ),1,blank kecamatan
2024,POLDA METRO JAYA,POLRES METRO TANGERANG KOTA,POLSEK CILEDUG,,Pencurian Biasa,1,blank kecamatan
2024,POLDA METRO JAYA,POLRES METRO TANGERANG KOTA,POLSEK CILEDUG,,Pencurian Dengan Pemberatan ( Curat ),1,blank kecamatan
2024,POLDA METRO JAYA,POLRES METRO TANGERANG KOTA,POLSEK CILEDUG,,Penipuan / Perbuatan Curang,1,blank kecamatan
2024,POLDA METRO JAYA,POLRES METRO TANGERANG KOTA,POLSEK CILEDUG,,Perbuatan Yang Tidak Menyenangkan,1,blank kecamatan
2024,POLDA METRO JAYA,POLRES METRO TANGERANG KOTA,POLSEK CILEDUG,TANJUNG PRIOK,,1,blank crime type
2024,POLDA METRO JAYA,POLRES METRO TANGERANG KOTA,POLSEK CIPONDOH,,Narkotika ( Narkoba ),1,blank kecamatan
2024,POLDA METRO JAYA,POLRES METRO TANGERANG KOTA,POLSEK CIPONDOH,,Penipuan / Perbuatan Curang,1,blank kecamatan
2024,POLDA METRO JAYA,POLRES METRO TANGERANG KOTA,POLSEK JATIUWUNG,,Penganiayaan,1,blank kecamatan
2024,POLDA METRO JAYA,POLRES METRO TANGERANG KOTA,POLSEK KARAWACI,,Curanmor R-2,2,blank kecamatan
2024,POLDA METRO JAYA,POLRES METRO TANGERANG KOTA,POLSEK KARAWACI,KEBON JERUK,,1,blank crime type
2024,POLDA METRO JAYA,POLRES METRO TANGERANG KOTA,POLSEK NEGLASARI,,Narkotika ( Narkoba ),1,blank kecamatan
2024,POLDA METRO JAYA,POLRES METRO TANGERANG KOTA,POLSEK NEGLASARI,,Pencurian Dengan Pemberatan ( Curat ),1,blank kecamatan
2024,POLDA METRO JAYA,POLRES METRO TANGERANG KOTA,POLSEK NEGLASARI,,Penipuan / Perbuatan Curang,3,blank kecamatan
2024,POLDA METRO JAYA,POLRES METRO TANGERANG KOTA,POLSEK NEGLASARI,KALI DERES,,1,blank crime type
2024,POLDA METRO JAYA,POLRES METRO TANGERANG KOTA,POLSEK PINANG,,Pencurian Dengan Pemberatan ( Curat ),6,blank kecamatan
2024,POLDA METRO JAYA,POLRES METRO TANGERANG KOTA,POLSEK PINANG,,Penggelapan,1,blank kecamatan
2024,POLDA METRO JAYA,POLRES METRO TANGERANG KOTA,POLSEK PINANG,CENGKARENG,,1,blank crime type
2024,POLDA METRO JAYA,POLRES METRO TANGERANG KOTA,POLSEK TANGERANG,,Pengeroyokan,1,blank kecamatan
2024,POLDA METRO JAYA,POLRES METRO TANGERANG KOTA,POLSEK TELUKNAGA,,Pencurian Dengan Pemberatan ( Curat ),3,blank kecamatan
2024,POLDA METRO JAYA,POLRES PELABUHAN TANJUNG PRIOK,,,Judi,9,blank kecamatan
2024,POLDA METRO JAYA,POLRES PELABUHAN TANJUNG PRIOK,,,Karena Alpa  Menimbulkan  Kebakaran/ Meletus/banjir,2,blank kecamatan
2024,POLDA METRO JAYA,POLRES PELABUHAN TANJUNG PRIOK,,,Kejahatan Tentang Konservasi Sumber Daya Alam Hayati Dan Ekosistem,1,blank kecamatan
2024,POLDA METRO JAYA,POLRES PELABUHAN TANJUNG PRIOK,,,Kejahatan Tentang Minyak Dan Gas  ( MIGAS ),2,blank kecamatan
2024,POLDA METRO JAYA,POLRES PELABUHAN TANJUNG PRIOK,,,Kejahatan Tentang Pornografi,1,blank kecamatan
2024,POLDA METRO JAYA,POLRES PELABUHAN TANJUNG PRIOK,,,Kejahatan Terkait Perlindungan Data Pribadi,1,blank kecamatan
2024,POLDA METRO JAYA,POLRES PELABUHAN TANJUNG PRIOK,,,Kejahatan Terkait Senjata Tajam ( Sajam ) ( Premanisme ),1,blank kecamatan
2024,POLDA METRO JAYA,POLRES PELABUHAN TANJUNG PRIOK,,,Kejahatan terkait Tenaga Kesehatan,1,blank kecamatan
2024,POLDA METRO JAYA,POLRES PELABUHAN TANJUNG PRIOK,,,Manipulasi data autentik secara elektronik (ITE),2,blank kecamatan
2024,POLDA METRO JAYA,POLRES PELABUHAN TANJUNG PRIOK,,,Mucikari ( Pelacuran ),14,blank kecamatan
2024,POLDA METRO JAYA,POLRES PELABUHAN TANJUNG PRIOK,,,Narkotika ( Narkoba ),29,blank kecamatan
2024,POLDA METRO JAYA,POLRES PELABUHAN TANJUNG PRIOK,,,Pemalsuan Surat Otentik,10,blank kecamatan
2024,POLDA METRO JAYA,POLRES PELABUHAN TANJUNG PRIOK,,,Pencurian Biasa,3,blank kecamatan
2024,POLDA METRO JAYA,POLRES PELABUHAN TANJUNG PRIOK,,,Pencurian Dengan Pemberatan ( Curat ),3,blank kecamatan
2024,POLDA METRO JAYA,POLRES PELABUHAN TANJUNG PRIOK,,,Penganiayaan,3,blank kecamatan
2024,POLDA METRO JAYA,POLRES PELABUHAN TANJUNG PRIOK,,,Pengeroyokan,2,blank kecamatan
2024,POLDA METRO JAYA,POLRES PELABUHAN TANJUNG PRIOK,,,Penggelapan,5,blank kecamatan
2024,POLDA METRO JAYA,POLRES PELABUHAN TANJUNG PRIOK,,,Penipuan / Perbuatan Curang,2,blank kecamatan
2024,POLDA METRO JAYA,POLRES PELABUHAN TANJUNG PRIOK,,,Perlindungan Konsumen,1,blank kecamatan
2024,POLDA METRO JAYA,POLRES PELABUHAN TANJUNG PRIOK,,,Tindak Pidana Dalam Perlindungan Anak,2,blank kecamatan
2024,POLDA METRO JAYA,POLRES PELABUHAN TANJUNG PRIOK,,CAKUNG,,5,blank crime type
2024,POLDA METRO JAYA,POLRES PELABUHAN TANJUNG PRIOK,,CENGKARENG,,2,blank crime type
2024,POLDA METRO JAYA,POLRES PELABUHAN TANJUNG PRIOK,,CILINCING,,2,blank crime type
2024,POLDA METRO JAYA,POLRES PELABUHAN TANJUNG PRIOK,,DUREN SAWIT,,2,blank crime type
2024,POLDA METRO JAYA,POLRES PELABUHAN TANJUNG PRIOK,,GAMBIR,,1,blank crime type
2024,POLDA METRO JAYA,POLRES PELABUHAN TANJUNG PRIOK,,JOHAR BARU,,1,blank crime type
2024,POLDA METRO JAYA,POLRES PELABUHAN TANJUNG PRIOK,,KELAPA GADING,,2,blank crime type
2024,POLDA METRO JAYA,POLRES PELABUHAN TANJUNG PRIOK,,KEMAYORAN,,1,blank crime type
2024,POLDA METRO JAYA,POLRES PELABUHAN TANJUNG PRIOK,,KOJA,,4,blank crime type
2024,POLDA METRO JAYA,POLRES PELABUHAN TANJUNG PRIOK,,PADEMANGAN,,2,blank crime type
2024,POLDA METRO JAYA,POLRES PELABUHAN TANJUNG PRIOK,,PENJARINGAN,,6,blank crime type
2024,POLDA METRO JAYA,POLRES PELABUHAN TANJUNG PRIOK,,PULO GADUNG,,1,blank crime type
2024,POLDA METRO JAYA,POLRES PELABUHAN TANJUNG PRIOK,,SETIA BUDI,,1,blank crime type
2024,POLDA METRO JAYA,POLRES PELABUHAN TANJUNG PRIOK,,TAMAN SARI,,4,blank crime type
2024,POLDA METRO JAYA,POLRES PELABUHAN TANJUNG PRIOK,,TAMBORA,,4,blank crime type
2024,POLDA METRO JAYA,POLRES PELABUHAN TANJUNG PRIOK,,TANJUNG PRIOK,,18,blank crime type
2024,POLDA METRO JAYA,POLRES PELABUHAN TANJUNG PRIOK,POLSEK KAWASAN KALIBARU,,Narkotika ( Narkoba ),1,blank kecamatan
2024,POLDA METRO JAYA,POLRES PELABUHAN TANJUNG PRIOK,POLSEK KAWASAN KALIBARU,,Pemalsuan Surat Otentik,4,blank kecamatan
2024,POLDA METRO JAYA,POLRES PELABUHAN TANJUNG PRIOK,POLSEK KAWASAN KALIBARU,,Pencurian Dengan Pemberatan ( Curat ),3,blank kecamatan
2024,POLDA METRO JAYA,POLRES PELABUHAN TANJUNG PRIOK,POLSEK KAWASAN KALIBARU,,Penganiayaan,1,blank kecamatan
2024,POLDA METRO JAYA,POLRES PELABUHAN TANJUNG PRIOK,POLSEK KAWASAN KALIBARU,,Penggelapan,1,blank kecamatan
2024,POLDA METRO JAYA,POLRES PELABUHAN TANJUNG PRIOK,POLSEK KAWASAN KALIBARU,,Penipuan / Perbuatan Curang,1,blank kecamatan
2024,POLDA METRO JAYA,POLRES PELABUHAN TANJUNG PRIOK,POLSEK KAWASAN KALIBARU,,Tindak Pidana Dalam Perlindungan Anak,1,blank kecamatan
2024,POLDA METRO JAYA,POLRES PELABUHAN TANJUNG PRIOK,POLSEK KAWASAN KALIBARU,CILINCING,,7,blank crime type
2024,POLDA METRO JAYA,POLRES PELABUHAN TANJUNG PRIOK,POLSEK KAWASAN KALIBARU,KELAPA GADING,,1,blank crime type
2024,POLDA METRO JAYA,POLRES PELABUHAN TANJUNG PRIOK,POLSEK KAWASAN KALIBARU,KOJA,,2,blank crime type
2024,POLDA METRO JAYA,POLRES PELABUHAN TANJUNG PRIOK,POLSEK KAWASAN MUARA BARU,,Cabul,2,blank kecamatan
2024,POLDA METRO JAYA,POLRES PELABUHAN TANJUNG PRIOK,POLSEK KAWASAN MUARA BARU,,Judi,4,blank kecamatan
2024,POLDA METRO JAYA,POLRES PELABUHAN TANJUNG PRIOK,POLSEK KAWASAN MUARA BARU,,Narkotika ( Narkoba ),5,blank kecamatan
2024,POLDA METRO JAYA,POLRES PELABUHAN TANJUNG PRIOK,POLSEK KAWASAN MUARA BARU,,Pemalsuan Surat Otentik,1,blank kecamatan
2024,POLDA METRO JAYA,POLRES PELABUHAN TANJUNG PRIOK,POLSEK KAWASAN MUARA BARU,,Pencurian Dengan Pemberatan ( Curat ),2,blank kecamatan
2024,POLDA METRO JAYA,POLRES PELABUHAN TANJUNG PRIOK,POLSEK KAWASAN MUARA BARU,,Pengeroyokan,1,blank kecamatan
2024,POLDA METRO JAYA,POLRES PELABUHAN TANJUNG PRIOK,POLSEK KAWASAN MUARA BARU,,Penggelapan,3,blank kecamatan
2024,POLDA METRO JAYA,POLRES PELABUHAN TANJUNG PRIOK,POLSEK KAWASAN MUARA BARU,,Penipuan / Perbuatan Curang,2,blank kecamatan
2024,POLDA METRO JAYA,POLRES PELABUHAN TANJUNG PRIOK,POLSEK KAWASAN MUARA BARU,PENJARINGAN,,7,blank crime type
2024,POLDA METRO JAYA,POLRES PELABUHAN TANJUNG PRIOK,POLSEK KAWASAN MUARA BARU,TANJUNG PRIOK,,1,blank crime type
2024,POLDA METRO JAYA,POLRES PELABUHAN TANJUNG PRIOK,POLSEK KAWASAN SUNDA KELAPA,,Judi,1,blank kecamatan
2024,POLDA METRO JAYA,POLRES PELABUHAN TANJUNG PRIOK,POLSEK KAWASAN SUNDA KELAPA,,Kejahatan Terkait Senjata Tajam ( Sajam ) ( Premanisme ),1,blank kecamatan
2024,POLDA METRO JAYA,POLRES PELABUHAN TANJUNG PRIOK,POLSEK KAWASAN SUNDA KELAPA,,Narkotika ( Narkoba ),5,blank kecamatan
2024,POLDA METRO JAYA,POLRES PELABUHAN TANJUNG PRIOK,POLSEK KAWASAN SUNDA KELAPA,,Pencurian Biasa,8,blank kecamatan
2024,POLDA METRO JAYA,POLRES PELABUHAN TANJUNG PRIOK,POLSEK KAWASAN SUNDA KELAPA,,Pencurian Dengan Pemberatan ( Curat ),7,blank kecamatan
2024,POLDA METRO JAYA,POLRES PELABUHAN TANJUNG PRIOK,POLSEK KAWASAN SUNDA KELAPA,,Penganiayaan,1,blank kecamatan
2024,POLDA METRO JAYA,POLRES PELABUHAN TANJUNG PRIOK,POLSEK KAWASAN SUNDA KELAPA,,Penggelapan,2,blank kecamatan
2024,POLDA METRO JAYA,POLRES PELABUHAN TANJUNG PRIOK,POLSEK KAWASAN SUNDA KELAPA,,Penipuan / Perbuatan Curang,3,blank kecamatan
2024,POLDA METRO JAYA,POLRES PELABUHAN TANJUNG PRIOK,POLSEK KAWASAN SUNDA KELAPA,PENJARINGAN,,10,blank crime type
2024,POLDA METRO JAYA,POLRES TANGERANG SELATAN,,,,1,blank kecamatan
2024,POLDA METRO JAYA,POLRES TANGERANG SELATAN,,,Kejahatan Tentang Jaminan Fidusia,1,blank kecamatan
2024,POLDA METRO JAYA,POLRES TANGERANG SELATAN,,,Kejahatan Terkait Perlindungan Data Pribadi,1,blank kecamatan
2024,POLDA METRO JAYA,POLRES TANGERANG SELATAN,,,Kejahatan terkait Tenaga Kesehatan,1,blank kecamatan
2024,POLDA METRO JAYA,POLRES TANGERANG SELATAN,,,Kekerasan Dalam Rumah Tangga,1,blank kecamatan
2024,POLDA METRO JAYA,POLRES TANGERANG SELATAN,,,Manipulasi data autentik secara elektronik (ITE),10,blank kecamatan
2024,POLDA METRO JAYA,POLRES TANGERANG SELATAN,,,Narkotika ( Narkoba ),20,blank kecamatan
2024,POLDA METRO JAYA,POLRES TANGERANG SELATAN,,,Pencemaran Nama Baik,1,blank kecamatan
2024,POLDA METRO JAYA,POLRES TANGERANG SELATAN,,,Pencurian Biasa,1,blank kecamatan
2024,POLDA METRO JAYA,POLRES TANGERANG SELATAN,,,Penggelapan,2,blank kecamatan
2024,POLDA METRO JAYA,POLRES TANGERANG SELATAN,,,Penghinaan,1,blank kecamatan
2024,POLDA METRO JAYA,POLRES TANGERANG SELATAN,,,Penipuan / Perbuatan Curang,6,blank kecamatan
2024,POLDA METRO JAYA,POLRES TANGERANG SELATAN,,,Tindak Pidana Dalam Perlindungan Anak,2,blank kecamatan
2024,POLDA METRO JAYA,POLRES TANGERANG SELATAN,,CENGKARENG,,2,blank crime type
2024,POLDA METRO JAYA,POLRES TANGERANG SELATAN,,CIPAYUNG,,1,blank crime type
2024,POLDA METRO JAYA,POLRES TANGERANG SELATAN,,GROGOL PETAMBURAN,,2,blank crime type
2024,POLDA METRO JAYA,POLRES TANGERANG SELATAN,,JATINEGARA,,1,blank crime type
2024,POLDA METRO JAYA,POLRES TANGERANG SELATAN,,KEBAYORAN BARU,,1,blank crime type
2024,POLDA METRO JAYA,POLRES TANGERANG SELATAN,,KEBAYORAN LAMA,,1,blank crime type
2024,POLDA METRO JAYA,POLRES TANGERANG SELATAN,,KEBON JERUK,,2,blank crime type
2024,POLDA METRO JAYA,POLRES TANGERANG SELATAN,,KOJA,,1,blank crime type
2024,POLDA METRO JAYA,POLRES TANGERANG SELATAN,,MAMPANG PRAPATAN,,1,blank crime type
2024,POLDA METRO JAYA,POLRES TANGERANG SELATAN,,PENJARINGAN,,2,blank crime type
2024,POLDA METRO JAYA,POLRES TANGERANG SELATAN,,TAMAN SARI,,1,blank crime type
2024,POLDA METRO JAYA,POLRES TANGERANG SELATAN,,TANJUNG PRIOK,,1,blank crime type
2024,POLDA METRO JAYA,POLRES TANGERANG SELATAN,POLSEK CIPUTAT,,Manipulasi data autentik secara elektronik (ITE),1,blank kecamatan
2024,POLDA METRO JAYA,POLRES TANGERANG SELATAN,POLSEK CISAUK,,Manipulasi data autentik secara elektronik (ITE),1,blank kecamatan
2024,POLDA METRO JAYA,POLRES TANGERANG SELATAN,POLSEK CISAUK,,Penganiayaan Berat ( Anirat ),2,blank kecamatan
2024,POLDA METRO JAYA,POLRES TANGERANG SELATAN,POLSEK CISAUK,,Penggelapan,1,blank kecamatan
2024,POLDA METRO JAYA,POLRES TANGERANG SELATAN,POLSEK CURUG,,Manipulasi data autentik secara elektronik (ITE),2,blank kecamatan
2024,POLDA METRO JAYA,POLRES TANGERANG SELATAN,POLSEK CURUG,,Penipuan / Perbuatan Curang,1,blank kecamatan
2024,POLDA METRO JAYA,POLRES TANGERANG SELATAN,POLSEK KELAPA DUA,,Narkotika ( Narkoba ),2,blank kecamatan
2024,POLDA METRO JAYA,POLRES TANGERANG SELATAN,POLSEK KELAPA DUA,CENGKARENG,,1,blank crime type
2024,POLDA METRO JAYA,POLRES TANGERANG SELATAN,POLSEK LEGOK,,Manipulasi data autentik secara elektronik (ITE),1,blank kecamatan
2024,POLDA METRO JAYA,POLRES TANGERANG SELATAN,POLSEK LEGOK,,Pencurian Dengan Pemberatan ( Curat ),1,blank kecamatan
2024,POLDA METRO JAYA,POLRES TANGERANG SELATAN,POLSEK PAGEDANGAN,,Kejahatan Terkait Senjata Tajam ( Sajam ) ( Premanisme ),1,blank kecamatan
2024,POLDA METRO JAYA,POLRES TANGERANG SELATAN,POLSEK PAGEDANGAN,,Pencurian Biasa,1,blank kecamatan
2024,POLDA METRO JAYA,POLRES TANGERANG SELATAN,POLSEK PAGEDANGAN,,Pencurian Dengan Pemberatan ( Curat ),1,blank kecamatan
2024,POLDA METRO JAYA,POLRES TANGERANG SELATAN,POLSEK PAGEDANGAN,CENGKARENG,,1,blank crime type
2024,POLDA METRO JAYA,POLRES TANGERANG SELATAN,POLSEK PAGEDANGAN,PESANGGRAHAN,,1,blank crime type
2024,POLDA METRO JAYA,POLRES TANGERANG SELATAN,POLSEK PAMULANG,,Kejahatan Terkait Senjata Tajam ( Sajam ) ( Premanisme ),1,blank kecamatan
2024,POLDA METRO JAYA,POLRES TANGERANG SELATAN,POLSEK PAMULANG,,Manipulasi data autentik secara elektronik (ITE),1,blank kecamatan
2024,POLDA METRO JAYA,POLRES TANGERANG SELATAN,POLSEK PAMULANG,,Narkotika ( Narkoba ),2,blank kecamatan
2024,POLDA METRO JAYA,POLRES TANGERANG SELATAN,POLSEK PAMULANG,,Penganiayaan Berat ( Anirat ),1,blank kecamatan
2024,POLDA METRO JAYA,POLRES TANGERANG SELATAN,POLSEK PONDOK AREN,,Manipulasi data autentik secara elektronik (ITE),1,blank kecamatan
2024,POLDA METRO JAYA,POLRES TANGERANG SELATAN,POLSEK PONDOK AREN,,Pencurian Biasa,1,blank kecamatan
2024,POLDA METRO JAYA,POLRES TANGERANG SELATAN,POLSEK PONDOK AREN,,Penganiayaan Berat ( Anirat ),2,blank kecamatan
2024,POLDA METRO JAYA,POLRES TANGERANG SELATAN,POLSEK PONDOK AREN,,Perampasan ( Premanisme ),1,blank kecamatan
2024,POLDA METRO JAYA,POLRES TANGERANG SELATAN,POLSEK PONDOK AREN,PESANGGRAHAN,,1,blank crime type
2024,POLDA METRO JAYA,POLRES TANGERANG SELATAN,POLSEK SERPONG,,Manipulasi data autentik secara elektronik (ITE),3,blank kecamatan
2024,POLDA METRO JAYA,POLRES TANGERANG SELATAN,POLSEK SERPONG,,Narkotika ( Narkoba ),1,blank kecamatan
2024,POLDA METRO JAYA,POLRES TANGERANG SELATAN,POLSEK SERPONG,TAMBORA,,1,blank crime type
2024,POLDA METRO JAYA,POLRESTA BANDARA SOEKARNO HATTA,,,Karena Alpa  Menimbulkan  Kebakaran/ Meletus/banjir,1,blank kecamatan
2024,POLDA METRO JAYA,POLRESTA BANDARA SOEKARNO HATTA,,,Manipulasi data autentik secara elektronik (ITE),1,blank kecamatan
2024,POLDA METRO JAYA,POLRESTA BANDARA SOEKARNO HATTA,,,Narkotika ( Narkoba ),22,blank kecamatan
2024,POLDA METRO JAYA,POLRESTA BANDARA SOEKARNO HATTA,,,Pemalsuan Surat Otentik,1,blank kecamatan
2024,POLDA METRO JAYA,POLRESTA BANDARA SOEKARNO HATTA,,CENGKARENG,,8,blank crime type
2024,POLDA METRO JAYA,POLRESTA BANDARA SOEKARNO HATTA,,CILANDAK,,2,blank crime type
2024,POLDA METRO JAYA,POLRESTA BANDARA SOEKARNO HATTA,,KALI DERES,,3,blank crime type
2024,POLDA METRO JAYA,POLRESTA BANDARA SOEKARNO HATTA,,KEBON JERUK,,1,blank crime type
2024,POLDA METRO JAYA,POLRESTA BANDARA SOEKARNO HATTA,,MAKASAR,,1,blank crime type
2024,POLDA METRO JAYA,POLRESTA BANDARA SOEKARNO HATTA,,PALMERAH,,2,blank crime type
2024,POLDA METRO JAYA,POLRESTA BANDARA SOEKARNO HATTA,,PENJARINGAN,,3,blank crime type
2024,POLDA METRO JAYA,POLRESTA BANDARA SOEKARNO HATTA,,TAMBORA,,1,blank crime type
2025,POLDA METRO JAYA,,,,,3,blank kecamatan
2025,POLDA METRO JAYA,,,,Curanmor R-2,1,blank kecamatan
2025,POLDA METRO JAYA,,,,Kejahatan Tentang Pornografi,1,blank kecamatan
2025,POLDA METRO JAYA,,,,Kejahatan Terkait Merek,3,blank kecamatan
2025,POLDA METRO JAYA,,,,Kejahatan Terkait Perlindungan Data Pribadi,2,blank kecamatan
2025,POLDA METRO JAYA,,,,Kejahatan Terkait Senjata Tajam ( Sajam ) ( Premanisme ),1,blank kecamatan
2025,POLDA METRO JAYA,,,,Kejahatan terkait Tenaga Kesehatan,3,blank kecamatan
2025,POLDA METRO JAYA,,,,Kekerasan Dalam Rumah Tangga,1,blank kecamatan
2025,POLDA METRO JAYA,,,,Kekerasan Seksual (KDRT),2,blank kecamatan
2025,POLDA METRO JAYA,,,,Manipulasi data autentik secara elektronik (ITE),223,blank kecamatan
2025,POLDA METRO JAYA,,,,Memasuki Pekarangan Tanpa Ijin,2,blank kecamatan
2025,POLDA METRO JAYA,,,,Menjual atau mengedarkan obat keras / bebas terbatas tanpa ijin,1,blank kecamatan
2025,POLDA METRO JAYA,,,,Narkotika ( Narkoba ),13,blank kecamatan
2025,POLDA METRO JAYA,,,,Pemalsuan Surat Otentik,12,blank kecamatan
2025,POLDA METRO JAYA,,,,Pemerasan Dan Pengancaman,2,blank kecamatan
2025,POLDA METRO JAYA,,,,Pencemaran Nama Baik,1,blank kecamatan
2025,POLDA METRO JAYA,,,,Penculikan,1,blank kecamatan
2025,POLDA METRO JAYA,,,,Pencurian Biasa,4,blank kecamatan
2025,POLDA METRO JAYA,,,,Pencurian Dengan Pemberatan ( Curat ),10,blank kecamatan
2025,POLDA METRO JAYA,,,,Pengaduan Palsu,1,blank kecamatan
2025,POLDA METRO JAYA,,,,Penganiayaan,1,blank kecamatan
2025,POLDA METRO JAYA,,,,Penggelapan,11,blank kecamatan
2025,POLDA METRO JAYA,,,,Penipuan / Perbuatan Curang,61,blank kecamatan
2025,POLDA METRO JAYA,,,,Penyalahgunaan Wewenang,1,blank kecamatan
2025,POLDA METRO JAYA,,,,Penyelundupan Senjata api (senpi),1,blank kecamatan
2025,POLDA METRO JAYA,,,,Perampasan ( Premanisme ),1,blank kecamatan
2025,POLDA METRO JAYA,,,,Perbankan,2,blank kecamatan
2025,POLDA METRO JAYA,,,,Perzinahan,2,blank kecamatan
2025,POLDA METRO JAYA,,,,Sumpah Palsu Dan Keterangan Palsu,3,blank kecamatan
2025,POLDA METRO JAYA,,,,Tindak Pidana Dalam Perlindungan Anak,3,blank kecamatan
2025,POLDA METRO JAYA,,,CAKUNG,,5,blank crime type
2025,POLDA METRO JAYA,,,CEMPAKA PUTIH,,1,blank crime type
2025,POLDA METRO JAYA,,,CILANDAK,,4,blank crime type
2025,POLDA METRO JAYA,,,CILINCING,,1,blank crime type
2025,POLDA METRO JAYA,,,CIRACAS,,3,blank crime type
2025,POLDA METRO JAYA,,,DUREN SAWIT,,4,blank crime type
2025,POLDA METRO JAYA,,,GAMBIR,,4,blank crime type
2025,POLDA METRO JAYA,,,GROGOL PETAMBURAN,,4,blank crime type
2025,POLDA METRO JAYA,,,JAGAKARSA,,9,blank crime type
2025,POLDA METRO JAYA,,,JATINEGARA,,3,blank crime type
2025,POLDA METRO JAYA,,,KALI DERES,,1,blank crime type
2025,POLDA METRO JAYA,,,KEBAYORAN BARU,,13,blank crime type
2025,POLDA METRO JAYA,,,KEBAYORAN LAMA,,9,blank crime type
2025,POLDA METRO JAYA,,,KEBON JERUK,,6,blank crime type
2025,POLDA METRO JAYA,,,KELAPA GADING,,2,blank crime type
2025,POLDA METRO JAYA,,,KEMAYORAN,,4,blank crime type
2025,POLDA METRO JAYA,,,KEMBANGAN,,4,blank crime type
2025,POLDA METRO JAYA,,,KRAMAT JATI,,3,blank crime type
2025,POLDA METRO JAYA,,,MAKASAR,,1,blank crime type
2025,POLDA METRO JAYA,,,MAMPANG PRAPATAN,,4,blank crime type
2025,POLDA METRO JAYA,,,MATRAMAN,,2,blank crime type
2025,POLDA METRO JAYA,,,MENTENG,,6,blank crime type
2025,POLDA METRO JAYA,,,PALMERAH,,4,blank crime type
2025,POLDA METRO JAYA,,,PANCORAN,,6,blank crime type
2025,POLDA METRO JAYA,,,PASAR MINGGU,,7,blank crime type
2025,POLDA METRO JAYA,,,PASAR REBO,,2,blank crime type
2025,POLDA METRO JAYA,,,PENJARINGAN,,4,blank crime type
2025,POLDA METRO JAYA,,,PESANGGRAHAN,,2,blank crime type
2025,POLDA METRO JAYA,,,PULO GADUNG,,4,blank crime type
2025,POLDA METRO JAYA,,,SAWAH BESAR,,1,blank crime type
2025,POLDA METRO JAYA,,,SENEN,,3,blank crime type
2025,POLDA METRO JAYA,,,SETIA BUDI,,11,blank crime type
2025,POLDA METRO JAYA,,,TAMAN SARI,,1,blank crime type
2025,POLDA METRO JAYA,,,TAMBORA,,2,blank crime type
2025,POLDA METRO JAYA,,,TANAH ABANG,,18,blank crime type
2025,POLDA METRO JAYA,,,TANJUNG PRIOK,,1,blank crime type
2025,POLDA METRO JAYA,,,TEBET,,8,blank crime type
2025,POLDA METRO JAYA,POLRES KEPULAUAN SERIBU,,,Manipulasi data autentik secara elektronik (ITE),1,blank kecamatan
2025,POLDA METRO JAYA,POLRES KEPULAUAN SERIBU,,,Narkotika ( Narkoba ),4,blank kecamatan
2025,POLDA METRO JAYA,POLRES KEPULAUAN SERIBU,,,Penipuan / Perbuatan Curang,1,blank kecamatan
2025,POLDA METRO JAYA,POLRES KEPULAUAN SERIBU,,CENGKARENG,,1,blank crime type
2025,POLDA METRO JAYA,POLRES KEPULAUAN SERIBU,POLSEK KEPULAUAN SERIBU UTARA,,Narkotika ( Narkoba ),1,blank kecamatan
2025,POLDA METRO JAYA,POLRES KEPULAUAN SERIBU,POLSEK KEPULAUAN SERIBU UTARA,,Penganiayaan,1,blank kecamatan
2025,POLDA METRO JAYA,POLRES METRO BEKASI,,,Narkotika ( Narkoba ),2,blank kecamatan
2025,POLDA METRO JAYA,POLRES METRO BEKASI KOTA,,,Narkotika ( Narkoba ),7,blank kecamatan
2025,POLDA METRO JAYA,POLRES METRO BEKASI KOTA,,CAKUNG,,1,blank crime type
2025,POLDA METRO JAYA,POLRES METRO BEKASI KOTA,POLSEK BEKASI SELATAN,MENTENG,,1,blank crime type
2025,POLDA METRO JAYA,POLRES METRO DEPOK,,,Narkotika ( Narkoba ),9,blank kecamatan
2025,POLDA METRO JAYA,POLRES METRO DEPOK,,,Penipuan / Perbuatan Curang,2,blank kecamatan
2025,POLDA METRO JAYA,POLRES METRO DEPOK,,JAGAKARSA,,1,blank crime type
2025,POLDA METRO JAYA,POLRES METRO DEPOK,POLSEK SUKMAJAYA,,Penipuan / Perbuatan Curang,1,blank kecamatan
2025,POLDA METRO JAYA,POLRES METRO JAKARTA BARAT,,,Cabul,1,blank kecamatan
2025,POLDA METRO JAYA,POLRES METRO JAKARTA BARAT,,,Kejahatan Terkait Merek,1,blank kecamatan
2025,POLDA METRO JAYA,POLRES METRO JAKARTA BARAT,,,Kejahatan terkait Tenaga Kesehatan,1,blank kecamatan
2025,POLDA METRO JAYA,POLRES METRO JAKARTA BARAT,,,Kekerasan Dalam Rumah Tangga,7,blank kecamatan
2025,POLDA METRO JAYA,POLRES METRO JAKARTA BARAT,,,Kekerasan Seksual (KDRT),5,blank kecamatan
2025,POLDA METRO JAYA,POLRES METRO JAKARTA BARAT,,,Manipulasi data autentik secara elektronik (ITE),17,blank kecamatan
2025,POLDA METRO JAYA,POLRES METRO JAKARTA BARAT,,,Memasuki Pekarangan Tanpa Ijin,2,blank kecamatan
2025,POLDA METRO JAYA,POLRES METRO JAKARTA BARAT,,,Menjual atau mengedarkan obat keras / bebas terbatas tanpa ijin,2,blank kecamatan
2025,POLDA METRO JAYA,POLRES METRO JAKARTA BARAT,,,Narkotika ( Narkoba ),24,blank kecamatan
2025,POLDA METRO JAYA,POLRES METRO JAKARTA BARAT,,,Pemalsuan Surat Otentik,4,blank kecamatan
2025,POLDA METRO JAYA,POLRES METRO JAKARTA BARAT,,,Pencemaran Nama Baik,2,blank kecamatan
2025,POLDA METRO JAYA,POLRES METRO JAKARTA BARAT,,,Pencurian Biasa,12,blank kecamatan
2025,POLDA METRO JAYA,POLRES METRO JAKARTA BARAT,,,Pencurian Dengan Kekerasan ( Curas ),3,blank kecamatan
2025,POLDA METRO JAYA,POLRES METRO JAKARTA BARAT,,,Pencurian Dengan Pemberatan ( Curat ),10,blank kecamatan
2025,POLDA METRO JAYA,POLRES METRO JAKARTA BARAT,,,Pengancaman,1,blank kecamatan
2025,POLDA METRO JAYA,POLRES METRO JAKARTA BARAT,,,Penganiayaan,4,blank kecamatan
2025,POLDA METRO JAYA,POLRES METRO JAKARTA BARAT,,,Pengeroyokan,2,blank kecamatan
2025,POLDA METRO JAYA,POLRES METRO JAKARTA BARAT,,,Pengerusakan,1,blank kecamatan
2025,POLDA METRO JAYA,POLRES METRO JAKARTA BARAT,,,Penggelapan,12,blank kecamatan
2025,POLDA METRO JAYA,POLRES METRO JAKARTA BARAT,,,Penipuan / Perbuatan Curang,77,blank kecamatan
2025,POLDA METRO JAYA,POLRES METRO JAKARTA BARAT,,,Penyekapan,1,blank kecamatan
2025,POLDA METRO JAYA,POLRES METRO JAKARTA BARAT,,,Perbuatan Yang Tidak Menyenangkan,3,blank kecamatan
2025,POLDA METRO JAYA,POLRES METRO JAKARTA BARAT,,,Perdagangan Manusia / Trafficking In Person / Tppo (dalam Negeri),1,blank kecamatan
2025,POLDA METRO JAYA,POLRES METRO JAKARTA BARAT,,,Perkelahian Tanding,1,blank kecamatan
2025,POLDA METRO JAYA,POLRES METRO JAKARTA BARAT,,,Persetubuhan Terhadap Anak / Cabul Terhadap Anak,4,blank kecamatan
2025,POLDA METRO JAYA,POLRES METRO JAKARTA BARAT,,,Sumpah Palsu Dan Keterangan Palsu,1,blank kecamatan
2025,POLDA METRO JAYA,POLRES METRO JAKARTA BARAT,,,Tindak Pidana Dalam Perlindungan Anak,9,blank kecamatan
2025,POLDA METRO JAYA,POLRES METRO JAKARTA BARAT,,CENGKARENG,,9,blank crime type
2025,POLDA METRO JAYA,POLRES METRO JAKARTA BARAT,,GROGOL PETAMBURAN,,15,blank crime type
2025,POLDA METRO JAYA,POLRES METRO JAKARTA BARAT,,KALI DERES,,8,blank crime type
2025,POLDA METRO JAYA,POLRES METRO JAKARTA BARAT,,KEBAYORAN LAMA,,1,blank crime type
2025,POLDA METRO JAYA,POLRES METRO JAKARTA BARAT,,KEBON JERUK,,16,blank crime type
2025,POLDA METRO JAYA,POLRES METRO JAKARTA BARAT,,KELAPA GADING,,1,blank crime type
2025,POLDA METRO JAYA,POLRES METRO JAKARTA BARAT,,KEMBANGAN,,15,blank crime type
2025,POLDA METRO JAYA,POLRES METRO JAKARTA BARAT,,KRAMAT JATI,,2,blank crime type
2025,POLDA METRO JAYA,POLRES METRO JAKARTA BARAT,,MATRAMAN,,1,blank crime type
2025,POLDA METRO JAYA,POLRES METRO JAKARTA BARAT,,PADEMANGAN,,1,blank crime type
2025,POLDA METRO JAYA,POLRES METRO JAKARTA BARAT,,PALMERAH,,13,blank crime type
2025,POLDA METRO JAYA,POLRES METRO JAKARTA BARAT,,PENJARINGAN,,2,blank crime type
2025,POLDA METRO JAYA,POLRES METRO JAKARTA BARAT,,TAMAN SARI,,1,blank crime type
2025,POLDA METRO JAYA,POLRES METRO JAKARTA BARAT,,TAMBORA,,3,blank crime type
2025,POLDA METRO JAYA,POLRES METRO JAKARTA BARAT,,TANAH ABANG,,1,blank crime type
2025,POLDA METRO JAYA,POLRES METRO JAKARTA BARAT,POLSEK CENGKARENG,,Curanmor R-2,1,blank kecamatan
2025,POLDA METRO JAYA,POLRES METRO JAKARTA BARAT,POLSEK CENGKARENG,,Manipulasi data autentik secara elektronik (ITE),2,blank kecamatan
2025,POLDA METRO JAYA,POLRES METRO JAKARTA BARAT,POLSEK CENGKARENG,,Pencurian Biasa,5,blank kecamatan
2025,POLDA METRO JAYA,POLRES METRO JAKARTA BARAT,POLSEK CENGKARENG,,Pencurian Dengan Pemberatan ( Curat ),7,blank kecamatan
2025,POLDA METRO JAYA,POLRES METRO JAKARTA BARAT,POLSEK CENGKARENG,,Penganiayaan,2,blank kecamatan
2025,POLDA METRO JAYA,POLRES METRO JAKARTA BARAT,POLSEK CENGKARENG,,Pengeroyokan,1,blank kecamatan
2025,POLDA METRO JAYA,POLRES METRO JAKARTA BARAT,POLSEK CENGKARENG,,Pengerusakan,1,blank kecamatan
2025,POLDA METRO JAYA,POLRES METRO JAKARTA BARAT,POLSEK CENGKARENG,,Penggelapan,2,blank kecamatan
2025,POLDA METRO JAYA,POLRES METRO JAKARTA BARAT,POLSEK CENGKARENG,,Penipuan / Perbuatan Curang,7,blank kecamatan
2025,POLDA METRO JAYA,POLRES METRO JAKARTA BARAT,POLSEK CENGKARENG,,Terhadap ketertiban umum,2,blank kecamatan
2025,POLDA METRO JAYA,POLRES METRO JAKARTA BARAT,POLSEK CENGKARENG,CENGKARENG,,14,blank crime type
2025,POLDA METRO JAYA,POLRES METRO JAKARTA BARAT,POLSEK KALIDERES,,Aborsi,1,blank kecamatan
2025,POLDA METRO JAYA,POLRES METRO JAKARTA BARAT,POLSEK KALIDERES,,Kejahatan terkait Tenaga Kesehatan,1,blank kecamatan
2025,POLDA METRO JAYA,POLRES METRO JAKARTA BARAT,POLSEK KALIDERES,,Manipulasi data autentik secara elektronik (ITE),4,blank kecamatan
2025,POLDA METRO JAYA,POLRES METRO JAKARTA BARAT,POLSEK KALIDERES,,Narkotika ( Narkoba ),3,blank kecamatan
2025,POLDA METRO JAYA,POLRES METRO JAKARTA BARAT,POLSEK KALIDERES,,Pencemaran Nama Baik,1,blank kecamatan
2025,POLDA METRO JAYA,POLRES METRO JAKARTA BARAT,POLSEK KALIDERES,,Pencurian Biasa,3,blank kecamatan
2025,POLDA METRO JAYA,POLRES METRO JAKARTA BARAT,POLSEK KALIDERES,,Pencurian Dengan Pemberatan ( Curat ),3,blank kecamatan
2025,POLDA METRO JAYA,POLRES METRO JAKARTA BARAT,POLSEK KALIDERES,,Penganiayaan,7,blank kecamatan
2025,POLDA METRO JAYA,POLRES METRO JAKARTA BARAT,POLSEK KALIDERES,,Pengeroyokan,4,blank kecamatan
2025,POLDA METRO JAYA,POLRES METRO JAKARTA BARAT,POLSEK KALIDERES,,Penggelapan,1,blank kecamatan
2025,POLDA METRO JAYA,POLRES METRO JAKARTA BARAT,POLSEK KALIDERES,,Penipuan / Perbuatan Curang,8,blank kecamatan
2025,POLDA METRO JAYA,POLRES METRO JAKARTA BARAT,POLSEK KALIDERES,KALI DERES,,13,blank crime type
2025,POLDA METRO JAYA,POLRES METRO JAKARTA BARAT,POLSEK KEBON JERUK,,Kejahatan Terkait Merek,3,blank kecamatan
2025,POLDA METRO JAYA,POLRES METRO JAKARTA BARAT,POLSEK KEBON JERUK,,Kejahatan Terkait Perlindungan Data Pribadi,1,blank kecamatan
2025,POLDA METRO JAYA,POLRES METRO JAKARTA BARAT,POLSEK KEBON JERUK,,Kejahatan Terkait Senjata Tajam ( Sajam ) ( Premanisme ),1,blank kecamatan
2025,POLDA METRO JAYA,POLRES METRO JAKARTA BARAT,POLSEK KEBON JERUK,,Kekerasan Dalam Rumah Tangga,3,blank kecamatan
2025,POLDA METRO JAYA,POLRES METRO JAKARTA BARAT,POLSEK KEBON JERUK,,Menjual atau mengedarkan obat keras / bebas terbatas tanpa ijin,1,blank kecamatan
2025,POLDA METRO JAYA,POLRES METRO JAKARTA BARAT,POLSEK KEBON JERUK,,Pemalsuan Surat Otentik,1,blank kecamatan
2025,POLDA METRO JAYA,POLRES METRO JAKARTA BARAT,POLSEK KEBON JERUK,,Pencurian Biasa,5,blank kecamatan
2025,POLDA METRO JAYA,POLRES METRO JAKARTA BARAT,POLSEK KEBON JERUK,,Pencurian Dengan Kekerasan ( Curas ),2,blank kecamatan
2025,POLDA METRO JAYA,POLRES METRO JAKARTA BARAT,POLSEK KEBON JERUK,,Pencurian Dengan Pemberatan ( Curat ),4,blank kecamatan
2025,POLDA METRO JAYA,POLRES METRO JAKARTA BARAT,POLSEK KEBON JERUK,,Penggelapan,2,blank kecamatan
2025,POLDA METRO JAYA,POLRES METRO JAKARTA BARAT,POLSEK KEBON JERUK,,Penipuan / Perbuatan Curang,11,blank kecamatan
2025,POLDA METRO JAYA,POLRES METRO JAKARTA BARAT,POLSEK KEBON JERUK,GROGOL PETAMBURAN,,1,blank crime type
2025,POLDA METRO JAYA,POLRES METRO JAKARTA BARAT,POLSEK KEBON JERUK,KEBON JERUK,,12,blank crime type
2025,POLDA METRO JAYA,POLRES METRO JAKARTA BARAT,POLSEK KEBON JERUK,TAMBORA,,1,blank crime type
2025,POLDA METRO JAYA,POLRES METRO JAKARTA BARAT,POLSEK KEMBANGAN,,Judi,1,blank kecamatan
2025,POLDA METRO JAYA,POLRES METRO JAKARTA BARAT,POLSEK KEMBANGAN,,Kekerasan Dalam Rumah Tangga,1,blank kecamatan
2025,POLDA METRO JAYA,POLRES METRO JAKARTA BARAT,POLSEK KEMBANGAN,,Menjual atau mengedarkan obat keras / bebas terbatas tanpa ijin,3,blank kecamatan
2025,POLDA METRO JAYA,POLRES METRO JAKARTA BARAT,POLSEK KEMBANGAN,,Narkotika ( Narkoba ),1,blank kecamatan
2025,POLDA METRO JAYA,POLRES METRO JAKARTA BARAT,POLSEK KEMBANGAN,,Pencurian Biasa,1,blank kecamatan
2025,POLDA METRO JAYA,POLRES METRO JAKARTA BARAT,POLSEK KEMBANGAN,,Pencurian Dengan Pemberatan ( Curat ),5,blank kecamatan
2025,POLDA METRO JAYA,POLRES METRO JAKARTA BARAT,POLSEK KEMBANGAN,,Penggelapan,1,blank kecamatan
2025,POLDA METRO JAYA,POLRES METRO JAKARTA BARAT,POLSEK KEMBANGAN,,Penipuan / Perbuatan Curang,1,blank kecamatan
2025,POLDA METRO JAYA,POLRES METRO JAKARTA BARAT,POLSEK KEMBANGAN,KEMBANGAN,,2,blank crime type
2025,POLDA METRO JAYA,POLRES METRO JAKARTA BARAT,POLSEK METRO TAMANSARI,,Kekerasan Dalam Rumah Tangga,1,blank kecamatan
2025,POLDA METRO JAYA,POLRES METRO JAKARTA BARAT,POLSEK METRO TAMANSARI,,Pencurian Biasa,1,blank kecamatan
2025,POLDA METRO JAYA,POLRES METRO JAKARTA BARAT,POLSEK METRO TAMANSARI,,Pencurian Dengan Kekerasan ( Curas ),1,blank kecamatan
2025,POLDA METRO JAYA,POLRES METRO JAKARTA BARAT,POLSEK METRO TAMANSARI,,Pencurian Dengan Pemberatan ( Curat ),1,blank kecamatan
2025,POLDA METRO JAYA,POLRES METRO JAKARTA BARAT,POLSEK METRO TAMANSARI,,Penganiayaan,2,blank kecamatan
2025,POLDA METRO JAYA,POLRES METRO JAKARTA BARAT,POLSEK METRO TAMANSARI,,Pengeroyokan,2,blank kecamatan
2025,POLDA METRO JAYA,POLRES METRO JAKARTA BARAT,POLSEK METRO TAMANSARI,,Penggelapan,2,blank kecamatan
2025,POLDA METRO JAYA,POLRES METRO JAKARTA BARAT,POLSEK METRO TAMANSARI,,Penipuan / Perbuatan Curang,1,blank kecamatan
2025,POLDA METRO JAYA,POLRES METRO JAKARTA BARAT,POLSEK METRO TAMANSARI,,Perbuatan Yang Tidak Menyenangkan,2,blank kecamatan
2025,POLDA METRO JAYA,POLRES METRO JAKARTA BARAT,POLSEK METRO TAMANSARI,,Terhadap ketertiban umum,1,blank kecamatan
2025,POLDA METRO JAYA,POLRES METRO JAKARTA BARAT,POLSEK METRO TAMANSARI,TAMAN SARI,,6,blank crime type
2025,POLDA METRO JAYA,POLRES METRO JAKARTA BARAT,POLSEK PALMERAH,,Manipulasi data autentik secara elektronik (ITE),1,blank kecamatan
2025,POLDA METRO JAYA,POLRES METRO JAKARTA BARAT,POLSEK PALMERAH,,Menjual atau mengedarkan obat keras / bebas terbatas tanpa ijin,1,blank kecamatan
2025,POLDA METRO JAYA,POLRES METRO JAKARTA BARAT,POLSEK PALMERAH,,Pencurian Biasa,1,blank kecamatan
2025,POLDA METRO JAYA,POLRES METRO JAKARTA BARAT,POLSEK PALMERAH,,Pencurian Dengan Pemberatan ( Curat ),3,blank kecamatan
2025,POLDA METRO JAYA,POLRES METRO JAKARTA BARAT,POLSEK PALMERAH,,Pengeroyokan,1,blank kecamatan
2025,POLDA METRO JAYA,POLRES METRO JAKARTA BARAT,POLSEK PALMERAH,,Penipuan / Perbuatan Curang,5,blank kecamatan
2025,POLDA METRO JAYA,POLRES METRO JAKARTA BARAT,POLSEK PALMERAH,PALMERAH,,8,blank crime type
2025,POLDA METRO JAYA,POLRES METRO JAKARTA BARAT,POLSEK PALMERAH,TAMBORA,,1,blank crime type
2025,POLDA METRO JAYA,POLRES METRO JAKARTA BARAT,POLSEK TAMBORA,,Kejahatan Terkait Merek,1,blank kecamatan
2025,POLDA METRO JAYA,POLRES METRO JAKARTA BARAT,POLSEK TAMBORA,,Manipulasi data autentik secara elektronik (ITE),3,blank kecamatan
2025,POLDA METRO JAYA,POLRES METRO JAKARTA BARAT,POLSEK TAMBORA,,Pencurian Biasa,1,blank kecamatan
2025,POLDA METRO JAYA,POLRES METRO JAKARTA BARAT,POLSEK TAMBORA,,Pencurian Dengan Pemberatan ( Curat ),4,blank kecamatan
2025,POLDA METRO JAYA,POLRES METRO JAKARTA BARAT,POLSEK TAMBORA,,Pengeroyokan,1,blank kecamatan
2025,POLDA METRO JAYA,POLRES METRO JAKARTA BARAT,POLSEK TAMBORA,,Penggelapan,1,blank kecamatan
2025,POLDA METRO JAYA,POLRES METRO JAKARTA BARAT,POLSEK TAMBORA,,Penipuan / Perbuatan Curang,4,blank kecamatan
2025,POLDA METRO JAYA,POLRES METRO JAKARTA BARAT,POLSEK TAMBORA,,Tindak Pidana Dalam Perlindungan Anak,1,blank kecamatan
2025,POLDA METRO JAYA,POLRES METRO JAKARTA BARAT,POLSEK TAMBORA,PENJARINGAN,,1,blank crime type
2025,POLDA METRO JAYA,POLRES METRO JAKARTA BARAT,POLSEK TAMBORA,TAMBORA,,5,blank crime type
2025,POLDA METRO JAYA,POLRES METRO JAKARTA BARAT,POLSEK TANJUNG DUREN,,Manipulasi data autentik secara elektronik (ITE),6,blank kecamatan
2025,POLDA METRO JAYA,POLRES METRO JAKARTA BARAT,POLSEK TANJUNG DUREN,,Narkotika ( Narkoba ),1,blank kecamatan
2025,POLDA METRO JAYA,POLRES METRO JAKARTA BARAT,POLSEK TANJUNG DUREN,,Pencurian Biasa,2,blank kecamatan
2025,POLDA METRO JAYA,POLRES METRO JAKARTA BARAT,POLSEK TANJUNG DUREN,,Pencurian Dengan Pemberatan ( Curat ),2,blank kecamatan
2025,POLDA METRO JAYA,POLRES METRO JAKARTA BARAT,POLSEK TANJUNG DUREN,,Penganiayaan,2,blank kecamatan
2025,POLDA METRO JAYA,POLRES METRO JAKARTA BARAT,POLSEK TANJUNG DUREN,,Pengerusakan,1,blank kecamatan
2025,POLDA METRO JAYA,POLRES METRO JAKARTA BARAT,POLSEK TANJUNG DUREN,,Penggelapan,2,blank kecamatan
2025,POLDA METRO JAYA,POLRES METRO JAKARTA BARAT,POLSEK TANJUNG DUREN,,Penipuan / Perbuatan Curang,10,blank kecamatan
2025,POLDA METRO JAYA,POLRES METRO JAKARTA BARAT,POLSEK TANJUNG DUREN,,Percobaan Pencurian,1,blank kecamatan
2025,POLDA METRO JAYA,POLRES METRO JAKARTA BARAT,POLSEK TANJUNG DUREN,GROGOL PETAMBURAN,,10,blank crime type
2025,POLDA METRO JAYA,POLRES METRO JAKARTA PUSAT,,,,1,blank kecamatan
2025,POLDA METRO JAYA,POLRES METRO JAKARTA PUSAT,,,Cabul,1,blank kecamatan
2025,POLDA METRO JAYA,POLRES METRO JAKARTA PUSAT,,,Curanmor R-2,1,blank kecamatan
2025,POLDA METRO JAYA,POLRES METRO JAKARTA PUSAT,,,Kejahatan Tentang Jaminan Fidusia,7,blank kecamatan
2025,POLDA METRO JAYA,POLRES METRO JAKARTA PUSAT,,,Kejahatan Terkait Merek,5,blank kecamatan
2025,POLDA METRO JAYA,POLRES METRO JAKARTA PUSAT,,,Kejahatan Terkait Perlindungan Data Pribadi,1,blank kecamatan
2025,POLDA METRO JAYA,POLRES METRO JAKARTA PUSAT,,,Kejahatan terkait Tenaga Kesehatan,2,blank kecamatan
2025,POLDA METRO JAYA,POLRES METRO JAKARTA PUSAT,,,Kekerasan Dalam Rumah Tangga,14,blank kecamatan
2025,POLDA METRO JAYA,POLRES METRO JAKARTA PUSAT,,,Kekerasan Seksual (KDRT),7,blank kecamatan
2025,POLDA METRO JAYA,POLRES METRO JAKARTA PUSAT,,,Manipulasi data autentik secara elektronik (ITE),40,blank kecamatan
2025,POLDA METRO JAYA,POLRES METRO JAKARTA PUSAT,,,Memasuki Pekarangan Tanpa Ijin,1,blank kecamatan
2025,POLDA METRO JAYA,POLRES METRO JAKARTA PUSAT,,,Menjual atau mengedarkan obat keras / bebas terbatas tanpa ijin,1,blank kecamatan
2025,POLDA METRO JAYA,POLRES METRO JAKARTA PUSAT,,,Narkotika ( Narkoba ),58,blank kecamatan
2025,POLDA METRO JAYA,POLRES METRO JAKARTA PUSAT,,,Pemalsuan Surat Otentik,5,blank kecamatan
2025,POLDA METRO JAYA,POLRES METRO JAKARTA PUSAT,,,Pemerasan Dan Pengancaman,1,blank kecamatan
2025,POLDA METRO JAYA,POLRES METRO JAKARTA PUSAT,,,Pencemaran Nama Baik,1,blank kecamatan
2025,POLDA METRO JAYA,POLRES METRO JAKARTA PUSAT,,,Pencurian Biasa,25,blank kecamatan
2025,POLDA METRO JAYA,POLRES METRO JAKARTA PUSAT,,,Pencurian Dengan Kekerasan ( Curas ),4,blank kecamatan
2025,POLDA METRO JAYA,POLRES METRO JAKARTA PUSAT,,,Pencurian Dengan Pemberatan ( Curat ),19,blank kecamatan
2025,POLDA METRO JAYA,POLRES METRO JAKARTA PUSAT,,,Penganiayaan,4,blank kecamatan
2025,POLDA METRO JAYA,POLRES METRO JAKARTA PUSAT,,,Penganiayaan Berat ( Anirat ),1,blank kecamatan
2025,POLDA METRO JAYA,POLRES METRO JAKARTA PUSAT,,,Pengeroyokan,2,blank kecamatan
2025,POLDA METRO JAYA,POLRES METRO JAKARTA PUSAT,,,Penggelapan,17,blank kecamatan
2025,POLDA METRO JAYA,POLRES METRO JAKARTA PUSAT,,,Penipuan / Perbuatan Curang,56,blank kecamatan
2025,POLDA METRO JAYA,POLRES METRO JAKARTA PUSAT,,,Penyekapan,1,blank kecamatan
2025,POLDA METRO JAYA,POLRES METRO JAKARTA PUSAT,,,Penyerobotan Tanah,1,blank kecamatan
2025,POLDA METRO JAYA,POLRES METRO JAKARTA PUSAT,,,Perbuatan Yang Tidak Menyenangkan,2,blank kecamatan
2025,POLDA METRO JAYA,POLRES METRO JAKARTA PUSAT,,,Perzinahan,1,blank kecamatan
2025,POLDA METRO JAYA,POLRES METRO JAKARTA PUSAT,,,Tindak Pidana Dalam Perlindungan Anak,10,blank kecamatan
2025,POLDA METRO JAYA,POLRES METRO JAKARTA PUSAT,,CEMPAKA PUTIH,,8,blank crime type
2025,POLDA METRO JAYA,POLRES METRO JAKARTA PUSAT,,CENGKARENG,,4,blank crime type
2025,POLDA METRO JAYA,POLRES METRO JAKARTA PUSAT,,CILANDAK,,1,blank crime type
2025,POLDA METRO JAYA,POLRES METRO JAKARTA PUSAT,,DUREN SAWIT,,2,blank crime type
2025,POLDA METRO JAYA,POLRES METRO JAKARTA PUSAT,,GAMBIR,,11,blank crime type
2025,POLDA METRO JAYA,POLRES METRO JAKARTA PUSAT,,GROGOL PETAMBURAN,,1,blank crime type
2025,POLDA METRO JAYA,POLRES METRO JAKARTA PUSAT,,JAGAKARSA,,1,blank crime type
2025,POLDA METRO JAYA,POLRES METRO JAKARTA PUSAT,,JOHAR BARU,,9,blank crime type
2025,POLDA METRO JAYA,POLRES METRO JAKARTA PUSAT,,KALI DERES,,1,blank crime type
2025,POLDA METRO JAYA,POLRES METRO JAKARTA PUSAT,,KEBON JERUK,,1,blank crime type
2025,POLDA METRO JAYA,POLRES METRO JAKARTA PUSAT,,KELAPA GADING,,2,blank crime type
2025,POLDA METRO JAYA,POLRES METRO JAKARTA PUSAT,,KEMAYORAN,,25,blank crime type
2025,POLDA METRO JAYA,POLRES METRO JAKARTA PUSAT,,KOJA,,1,blank crime type
2025,POLDA METRO JAYA,POLRES METRO JAKARTA PUSAT,,KRAMAT JATI,,2,blank crime type
2025,POLDA METRO JAYA,POLRES METRO JAKARTA PUSAT,,MAMPANG PRAPATAN,,1,blank crime type
2025,POLDA METRO JAYA,POLRES METRO JAKARTA PUSAT,,MENTENG,,8,blank crime type
2025,POLDA METRO JAYA,POLRES METRO JAKARTA PUSAT,,PALMERAH,,1,blank crime type
2025,POLDA METRO JAYA,POLRES METRO JAKARTA PUSAT,,PANCORAN,,1,blank crime type
2025,POLDA METRO JAYA,POLRES METRO JAKARTA PUSAT,,PASAR MINGGU,,1,blank crime type
2025,POLDA METRO JAYA,POLRES METRO JAKARTA PUSAT,,PENJARINGAN,,2,blank crime type
2025,POLDA METRO JAYA,POLRES METRO JAKARTA PUSAT,,PESANGGRAHAN,,1,blank crime type
2025,POLDA METRO JAYA,POLRES METRO JAKARTA PUSAT,,PULO GADUNG,,1,blank crime type
2025,POLDA METRO JAYA,POLRES METRO JAKARTA PUSAT,,SAWAH BESAR,,12,blank crime type
2025,POLDA METRO JAYA,POLRES METRO JAKARTA PUSAT,,SENEN,,7,blank crime type
2025,POLDA METRO JAYA,POLRES METRO JAKARTA PUSAT,,SETIA BUDI,,1,blank crime type
2025,POLDA METRO JAYA,POLRES METRO JAKARTA PUSAT,,TAMAN SARI,,2,blank crime type
2025,POLDA METRO JAYA,POLRES METRO JAKARTA PUSAT,,TAMBORA,,2,blank crime type
2025,POLDA METRO JAYA,POLRES METRO JAKARTA PUSAT,,TANAH ABANG,,13,blank crime type
2025,POLDA METRO JAYA,POLRES METRO JAKARTA PUSAT,,TANJUNG PRIOK,,3,blank crime type
2025,POLDA METRO JAYA,POLRES METRO JAKARTA PUSAT,POLSEK CEMPAKA PUTIH,,Kejahatan Terkait Senjata Tajam ( Sajam ) ( Premanisme ),1,blank kecamatan
2025,POLDA METRO JAYA,POLRES METRO JAKARTA PUSAT,POLSEK CEMPAKA PUTIH,,Narkotika ( Narkoba ),4,blank kecamatan
2025,POLDA METRO JAYA,POLRES METRO JAKARTA PUSAT,POLSEK CEMPAKA PUTIH,,Pencurian Dengan Pemberatan ( Curat ),7,blank kecamatan
2025,POLDA METRO JAYA,POLRES METRO JAKARTA PUSAT,POLSEK CEMPAKA PUTIH,,Penggelapan,1,blank kecamatan
2025,POLDA METRO JAYA,POLRES METRO JAKARTA PUSAT,POLSEK CEMPAKA PUTIH,,Penipuan / Perbuatan Curang,6,blank kecamatan
2025,POLDA METRO JAYA,POLRES METRO JAKARTA PUSAT,POLSEK CEMPAKA PUTIH,CEMPAKA PUTIH,,6,blank crime type
2025,POLDA METRO JAYA,POLRES METRO JAKARTA PUSAT,POLSEK JOHAR BARU,,Kejahatan Terhadap Jiwa Orang / Pembunuhan,1,blank kecamatan
2025,POLDA METRO JAYA,POLRES METRO JAKARTA PUSAT,POLSEK JOHAR BARU,,Narkotika ( Narkoba ),5,blank kecamatan
2025,POLDA METRO JAYA,POLRES METRO JAKARTA PUSAT,POLSEK JOHAR BARU,,Penadahan,1,blank kecamatan
2025,POLDA METRO JAYA,POLRES METRO JAKARTA PUSAT,POLSEK JOHAR BARU,,Pencurian Biasa,2,blank kecamatan
2025,POLDA METRO JAYA,POLRES METRO JAKARTA PUSAT,POLSEK JOHAR BARU,,Pencurian Dengan Pemberatan ( Curat ),2,blank kecamatan
2025,POLDA METRO JAYA,POLRES METRO JAKARTA PUSAT,POLSEK JOHAR BARU,,Penganiayaan,2,blank kecamatan
2025,POLDA METRO JAYA,POLRES METRO JAKARTA PUSAT,POLSEK JOHAR BARU,,Pengeroyokan,3,blank kecamatan
2025,POLDA METRO JAYA,POLRES METRO JAKARTA PUSAT,POLSEK JOHAR BARU,,Penipuan / Perbuatan Curang,6,blank kecamatan
2025,POLDA METRO JAYA,POLRES METRO JAKARTA PUSAT,POLSEK JOHAR BARU,,Percobaan Pencurian,2,blank kecamatan
2025,POLDA METRO JAYA,POLRES METRO JAKARTA PUSAT,POLSEK JOHAR BARU,JOHAR BARU,,1,blank crime type
2025,POLDA METRO JAYA,POLRES METRO JAKARTA PUSAT,POLSEK KEMAYORAN,,Curanmor R-2,5,blank kecamatan
2025,POLDA METRO JAYA,POLRES METRO JAKARTA PUSAT,POLSEK KEMAYORAN,,Pencurian Biasa,12,blank kecamatan
2025,POLDA METRO JAYA,POLRES METRO JAKARTA PUSAT,POLSEK KEMAYORAN,,Pencurian Dengan Pemberatan ( Curat ),23,blank kecamatan
2025,POLDA METRO JAYA,POLRES METRO JAKARTA PUSAT,POLSEK KEMAYORAN,,Penganiayaan,3,blank kecamatan
2025,POLDA METRO JAYA,POLRES METRO JAKARTA PUSAT,POLSEK KEMAYORAN,,Penganiayaan Berat ( Anirat ),1,blank kecamatan
2025,POLDA METRO JAYA,POLRES METRO JAKARTA PUSAT,POLSEK KEMAYORAN,,Pengeroyokan,4,blank kecamatan
2025,POLDA METRO JAYA,POLRES METRO JAKARTA PUSAT,POLSEK KEMAYORAN,,Penggelapan,1,blank kecamatan
2025,POLDA METRO JAYA,POLRES METRO JAKARTA PUSAT,POLSEK KEMAYORAN,,Penipuan / Perbuatan Curang,15,blank kecamatan
2025,POLDA METRO JAYA,POLRES METRO JAKARTA PUSAT,POLSEK KEMAYORAN,,Perbuatan Yang Tidak Menyenangkan,1,blank kecamatan
2025,POLDA METRO JAYA,POLRES METRO JAKARTA PUSAT,POLSEK KEMAYORAN,KEMAYORAN,,21,blank crime type
2025,POLDA METRO JAYA,POLRES METRO JAKARTA PUSAT,POLSEK KEMAYORAN,SAWAH BESAR,,1,blank crime type
2025,POLDA METRO JAYA,POLRES METRO JAKARTA PUSAT,POLSEK METRO GAMBIR,,Karena Alpa  Menimbulkan  Kebakaran/ Meletus/banjir,2,blank kecamatan
2025,POLDA METRO JAYA,POLRES METRO JAKARTA PUSAT,POLSEK METRO GAMBIR,,Narkotika ( Narkoba ),5,blank kecamatan
2025,POLDA METRO JAYA,POLRES METRO JAKARTA PUSAT,POLSEK METRO GAMBIR,,Pemerasan Dan Pengancaman,1,blank kecamatan
2025,POLDA METRO JAYA,POLRES METRO JAKARTA PUSAT,POLSEK METRO GAMBIR,,Pencurian Biasa,1,blank kecamatan
2025,POLDA METRO JAYA,POLRES METRO JAKARTA PUSAT,POLSEK METRO GAMBIR,,Pencurian Dengan Pemberatan ( Curat ),2,blank kecamatan
2025,POLDA METRO JAYA,POLRES METRO JAKARTA PUSAT,POLSEK METRO GAMBIR,,Penganiayaan,1,blank kecamatan
2025,POLDA METRO JAYA,POLRES METRO JAKARTA PUSAT,POLSEK METRO GAMBIR,,Pengeroyokan,1,blank kecamatan
2025,POLDA METRO JAYA,POLRES METRO JAKARTA PUSAT,POLSEK METRO GAMBIR,,Penipuan / Perbuatan Curang,8,blank kecamatan
2025,POLDA METRO JAYA,POLRES METRO JAKARTA PUSAT,POLSEK METRO GAMBIR,,Terhadap ketertiban umum,3,blank kecamatan
2025,POLDA METRO JAYA,POLRES METRO JAKARTA PUSAT,POLSEK METRO GAMBIR,GAMBIR,,9,blank crime type
2025,POLDA METRO JAYA,POLRES METRO JAKARTA PUSAT,POLSEK METRO GAMBIR,JATINEGARA,,1,blank crime type
2025,POLDA METRO JAYA,POLRES METRO JAKARTA PUSAT,POLSEK METRO GAMBIR,MAMPANG PRAPATAN,,1,blank crime type
2025,POLDA METRO JAYA,POLRES METRO JAKARTA PUSAT,POLSEK METRO GAMBIR,PALMERAH,,1,blank crime type
2025,POLDA METRO JAYA,POLRES METRO JAKARTA PUSAT,POLSEK METRO GAMBIR,PENJARINGAN,,1,blank crime type
2025,POLDA METRO JAYA,POLRES METRO JAKARTA PUSAT,POLSEK METRO MENTENG,,Narkotika ( Narkoba ),4,blank kecamatan
2025,POLDA METRO JAYA,POLRES METRO JAKARTA PUSAT,POLSEK METRO MENTENG,,Pencurian Biasa,2,blank kecamatan
2025,POLDA METRO JAYA,POLRES METRO JAKARTA PUSAT,POLSEK METRO MENTENG,,Pencurian Dengan Pemberatan ( Curat ),3,blank kecamatan
2025,POLDA METRO JAYA,POLRES METRO JAKARTA PUSAT,POLSEK METRO MENTENG,,Penganiayaan,2,blank kecamatan
2025,POLDA METRO JAYA,POLRES METRO JAKARTA PUSAT,POLSEK METRO MENTENG,,Penggelapan,3,blank kecamatan
2025,POLDA METRO JAYA,POLRES METRO JAKARTA PUSAT,POLSEK METRO MENTENG,,Penipuan / Perbuatan Curang,7,blank kecamatan
2025,POLDA METRO JAYA,POLRES METRO JAKARTA PUSAT,POLSEK METRO MENTENG,CENGKARENG,,1,blank crime type
2025,POLDA METRO JAYA,POLRES METRO JAKARTA PUSAT,POLSEK METRO MENTENG,GAMBIR,,1,blank crime type
2025,POLDA METRO JAYA,POLRES METRO JAKARTA PUSAT,POLSEK METRO MENTENG,KEBON JERUK,,1,blank crime type
2025,POLDA METRO JAYA,POLRES METRO JAKARTA PUSAT,POLSEK METRO MENTENG,KEMAYORAN,,1,blank crime type
2025,POLDA METRO JAYA,POLRES METRO JAKARTA PUSAT,POLSEK METRO MENTENG,MENTENG,,9,blank crime type
2025,POLDA METRO JAYA,POLRES METRO JAKARTA PUSAT,POLSEK METRO MENTENG,SAWAH BESAR,,1,blank crime type
2025,POLDA METRO JAYA,POLRES METRO JAKARTA PUSAT,POLSEK METRO MENTENG,SENEN,,1,blank crime type
2025,POLDA METRO JAYA,POLRES METRO JAKARTA PUSAT,POLSEK METRO TANAH ABANG,,Kejahatan Terkait Senjata Tajam ( Sajam ) ( Premanisme ),1,blank kecamatan
2025,POLDA METRO JAYA,POLRES METRO JAKARTA PUSAT,POLSEK METRO TANAH ABANG,,Mengakibatkan Orang Luka,1,blank kecamatan
2025,POLDA METRO JAYA,POLRES METRO JAKARTA PUSAT,POLSEK METRO TANAH ABANG,,Mengakibatkan Orang Mati,1,blank kecamatan
2025,POLDA METRO JAYA,POLRES METRO JAKARTA PUSAT,POLSEK METRO TANAH ABANG,,Narkotika ( Narkoba ),3,blank kecamatan
2025,POLDA METRO JAYA,POLRES METRO JAKARTA PUSAT,POLSEK METRO TANAH ABANG,,Pemerasan Dan Pengancaman,3,blank kecamatan
2025,POLDA METRO JAYA,POLRES METRO JAKARTA PUSAT,POLSEK METRO TANAH ABANG,,Pencurian Biasa,7,blank kecamatan
2025,POLDA METRO JAYA,POLRES METRO JAKARTA PUSAT,POLSEK METRO TANAH ABANG,,Pencurian Dengan Kekerasan ( Curas ),2,blank kecamatan
2025,POLDA METRO JAYA,POLRES METRO JAKARTA PUSAT,POLSEK METRO TANAH ABANG,,Pencurian Dengan Pemberatan ( Curat ),5,blank kecamatan
2025,POLDA METRO JAYA,POLRES METRO JAKARTA PUSAT,POLSEK METRO TANAH ABANG,,Penganiayaan Berat ( Anirat ),3,blank kecamatan
2025,POLDA METRO JAYA,POLRES METRO JAKARTA PUSAT,POLSEK METRO TANAH ABANG,,Pengeroyokan,3,blank kecamatan
2025,POLDA METRO JAYA,POLRES METRO JAKARTA PUSAT,POLSEK METRO TANAH ABANG,,Penggelapan,2,blank kecamatan
2025,POLDA METRO JAYA,POLRES METRO JAKARTA PUSAT,POLSEK METRO TANAH ABANG,,Penipuan / Perbuatan Curang,1,blank kecamatan
2025,POLDA METRO JAYA,POLRES METRO JAKARTA PUSAT,POLSEK METRO TANAH ABANG,TANAH ABANG,,8,blank crime type
2025,POLDA METRO JAYA,POLRES METRO JAKARTA PUSAT,POLSEK SAWAH BESAR,,Pencurian Biasa,10,blank kecamatan
2025,POLDA METRO JAYA,POLRES METRO JAKARTA PUSAT,POLSEK SAWAH BESAR,,Pencurian Dengan Pemberatan ( Curat ),4,blank kecamatan
2025,POLDA METRO JAYA,POLRES METRO JAKARTA PUSAT,POLSEK SAWAH BESAR,,Pencurian Ringan,1,blank kecamatan
2025,POLDA METRO JAYA,POLRES METRO JAKARTA PUSAT,POLSEK SAWAH BESAR,,Penggelapan,1,blank kecamatan
2025,POLDA METRO JAYA,POLRES METRO JAKARTA PUSAT,POLSEK SAWAH BESAR,,Penipuan / Perbuatan Curang,7,blank kecamatan
2025,POLDA METRO JAYA,POLRES METRO JAKARTA PUSAT,POLSEK SAWAH BESAR,SAWAH BESAR,,11,blank crime type
2025,POLDA METRO JAYA,POLRES METRO JAKARTA PUSAT,POLSEK SENEN,,Kejahatan Terkait Senjata Tajam ( Sajam ) ( Premanisme ),1,blank kecamatan
2025,POLDA METRO JAYA,POLRES METRO JAKARTA PUSAT,POLSEK SENEN,,Narkotika ( Narkoba ),6,blank kecamatan
2025,POLDA METRO JAYA,POLRES METRO JAKARTA PUSAT,POLSEK SENEN,,Pencurian Biasa,5,blank kecamatan
2025,POLDA METRO JAYA,POLRES METRO JAKARTA PUSAT,POLSEK SENEN,,Pencurian Dengan Pemberatan ( Curat ),3,blank kecamatan
2025,POLDA METRO JAYA,POLRES METRO JAKARTA PUSAT,POLSEK SENEN,,Penganiayaan,1,blank kecamatan
2025,POLDA METRO JAYA,POLRES METRO JAKARTA PUSAT,POLSEK SENEN,,Penganiayaan Berat ( Anirat ),1,blank kecamatan
2025,POLDA METRO JAYA,POLRES METRO JAKARTA PUSAT,POLSEK SENEN,,Penipuan / Perbuatan Curang,4,blank kecamatan
2025,POLDA METRO JAYA,POLRES METRO JAKARTA PUSAT,POLSEK SENEN,JOHAR BARU,,1,blank crime type
2025,POLDA METRO JAYA,POLRES METRO JAKARTA PUSAT,POLSEK SENEN,KEMAYORAN,,1,blank crime type
2025,POLDA METRO JAYA,POLRES METRO JAKARTA PUSAT,POLSEK SENEN,SENEN,,8,blank crime type
2025,POLDA METRO JAYA,POLRES METRO JAKARTA SELATAN,,,Cabul,1,blank kecamatan
2025,POLDA METRO JAYA,POLRES METRO JAKARTA SELATAN,,,Curanmor R-2,3,blank kecamatan
2025,POLDA METRO JAYA,POLRES METRO JAKARTA SELATAN,,,Kawin halangan/kawin tanpa ijin,1,blank kecamatan
2025,POLDA METRO JAYA,POLRES METRO JAKARTA SELATAN,,,Kejahatan Tentang Jaminan Fidusia,3,blank kecamatan
2025,POLDA METRO JAYA,POLRES METRO JAKARTA SELATAN,,,Kejahatan Terkait Merek,8,blank kecamatan
2025,POLDA METRO JAYA,POLRES METRO JAKARTA SELATAN,,,Kejahatan Terkait Perlindungan Data Pribadi,6,blank kecamatan
2025,POLDA METRO JAYA,POLRES METRO JAKARTA SELATAN,,,Kekerasan Dalam Rumah Tangga,20,blank kecamatan
2025,POLDA METRO JAYA,POLRES METRO JAKARTA SELATAN,,,Kekerasan Seksual (KDRT),11,blank kecamatan
2025,POLDA METRO JAYA,POLRES METRO JAKARTA SELATAN,,,Manipulasi data autentik secara elektronik (ITE),91,blank kecamatan
2025,POLDA METRO JAYA,POLRES METRO JAKARTA SELATAN,,,Narkotika ( Narkoba ),34,blank kecamatan
2025,POLDA METRO JAYA,POLRES METRO JAKARTA SELATAN,,,Pemalsuan Surat Otentik,8,blank kecamatan
2025,POLDA METRO JAYA,POLRES METRO JAKARTA SELATAN,,,Pemerasan Dan Pengancaman,2,blank kecamatan
2025,POLDA METRO JAYA,POLRES METRO JAKARTA SELATAN,,,Pencemaran Nama Baik,6,blank kecamatan
2025,POLDA METRO JAYA,POLRES METRO JAKARTA SELATAN,,,Pencurian Biasa,28,blank kecamatan
2025,POLDA METRO JAYA,POLRES METRO JAKARTA SELATAN,,,Pencurian Dengan Kekerasan ( Curas ),2,blank kecamatan
2025,POLDA METRO JAYA,POLRES METRO JAKARTA SELATAN,,,Pencurian Dengan Pemberatan ( Curat ),26,blank kecamatan
2025,POLDA METRO JAYA,POLRES METRO JAKARTA SELATAN,,,Pengancaman,1,blank kecamatan
2025,POLDA METRO JAYA,POLRES METRO JAKARTA SELATAN,,,Penganiayaan,23,blank kecamatan
2025,POLDA METRO JAYA,POLRES METRO JAKARTA SELATAN,,,Pengeroyokan,11,blank kecamatan
2025,POLDA METRO JAYA,POLRES METRO JAKARTA SELATAN,,,Pengerusakan,5,blank kecamatan
2025,POLDA METRO JAYA,POLRES METRO JAKARTA SELATAN,,,Penggelapan,30,blank kecamatan
2025,POLDA METRO JAYA,POLRES METRO JAKARTA SELATAN,,,Penipuan / Perbuatan Curang,134,blank kecamatan
2025,POLDA METRO JAYA,POLRES METRO JAKARTA SELATAN,,,Penyekapan,1,blank kecamatan
2025,POLDA METRO JAYA,POLRES METRO JAKARTA SELATAN,,,Penyerobotan Tanah,1,blank kecamatan
2025,POLDA METRO JAYA,POLRES METRO JAKARTA SELATAN,,,Perbuatan Yang Tidak Menyenangkan,3,blank kecamatan
2025,POLDA METRO JAYA,POLRES METRO JAKARTA SELATAN,,,Perlindungan Konsumen,2,blank kecamatan
2025,POLDA METRO JAYA,POLRES METRO JAKARTA SELATAN,,,Persetubuhan Terhadap Anak / Cabul Terhadap Anak,1,blank kecamatan
2025,POLDA METRO JAYA,POLRES METRO JAKARTA SELATAN,,,Perzinahan,2,blank kecamatan
2025,POLDA METRO JAYA,POLRES METRO JAKARTA SELATAN,,,Sumpah Palsu Dan Keterangan Palsu,2,blank kecamatan
2025,POLDA METRO JAYA,POLRES METRO JAKARTA SELATAN,,,Tindak Pidana Dalam Perlindungan Anak,8,blank kecamatan
2025,POLDA METRO JAYA,POLRES METRO JAKARTA SELATAN,,CAKUNG,,2,blank crime type
2025,POLDA METRO JAYA,POLRES METRO JAKARTA SELATAN,,CILANDAK,,23,blank crime type
2025,POLDA METRO JAYA,POLRES METRO JAKARTA SELATAN,,GAMBIR,,1,blank crime type
2025,POLDA METRO JAYA,POLRES METRO JAKARTA SELATAN,,JAGAKARSA,,21,blank crime type
2025,POLDA METRO JAYA,POLRES METRO JAKARTA SELATAN,,JATINEGARA,,1,blank crime type
2025,POLDA METRO JAYA,POLRES METRO JAKARTA SELATAN,,KEBAYORAN BARU,,41,blank crime type
2025,POLDA METRO JAYA,POLRES METRO JAKARTA SELATAN,,KEBAYORAN LAMA,,21,blank crime type
2025,POLDA METRO JAYA,POLRES METRO JAKARTA SELATAN,,KEMAYORAN,,1,blank crime type
2025,POLDA METRO JAYA,POLRES METRO JAKARTA SELATAN,,MAMPANG PRAPATAN,,13,blank crime type
2025,POLDA METRO JAYA,POLRES METRO JAKARTA SELATAN,,MATRAMAN,,1,blank crime type
2025,POLDA METRO JAYA,POLRES METRO JAKARTA SELATAN,,PANCORAN,,8,blank crime type
2025,POLDA METRO JAYA,POLRES METRO JAKARTA SELATAN,,PASAR MINGGU,,24,blank crime type
2025,POLDA METRO JAYA,POLRES METRO JAKARTA SELATAN,,PESANGGRAHAN,,8,blank crime type
2025,POLDA METRO JAYA,POLRES METRO JAKARTA SELATAN,,PULO GADUNG,,4,blank crime type
2025,POLDA METRO JAYA,POLRES METRO JAKARTA SELATAN,,SETIA BUDI,,13,blank crime type
2025,POLDA METRO JAYA,POLRES METRO JAKARTA SELATAN,,TANJUNG PRIOK,,1,blank crime type
2025,POLDA METRO JAYA,POLRES METRO JAKARTA SELATAN,,TEBET,,15,blank crime type
2025,POLDA METRO JAYA,POLRES METRO JAKARTA SELATAN,POLSEK CILANDAK,,Pencurian Biasa,1,blank kecamatan
2025,POLDA METRO JAYA,POLRES METRO JAKARTA SELATAN,POLSEK CILANDAK,,Pencurian Dengan Pemberatan ( Curat ),4,blank kecamatan
2025,POLDA METRO JAYA,POLRES METRO JAKARTA SELATAN,POLSEK CILANDAK,,Penganiayaan,3,blank kecamatan
2025,POLDA METRO JAYA,POLRES METRO JAKARTA SELATAN,POLSEK CILANDAK,CILANDAK,,2,blank crime type
2025,POLDA METRO JAYA,POLRES METRO JAKARTA SELATAN,POLSEK JAGAKARSA,,Pencurian Biasa,1,blank kecamatan
2025,POLDA METRO JAYA,POLRES METRO JAKARTA SELATAN,POLSEK JAGAKARSA,,Pencurian Dengan Pemberatan ( Curat ),8,blank kecamatan
2025,POLDA METRO JAYA,POLRES METRO JAKARTA SELATAN,POLSEK JAGAKARSA,,Pengeroyokan,2,blank kecamatan
2025,POLDA METRO JAYA,POLRES METRO JAKARTA SELATAN,POLSEK JAGAKARSA,,Pengerusakan,1,blank kecamatan
2025,POLDA METRO JAYA,POLRES METRO JAKARTA SELATAN,POLSEK JAGAKARSA,,Penggelapan,2,blank kecamatan
2025,POLDA METRO JAYA,POLRES METRO JAKARTA SELATAN,POLSEK JAGAKARSA,,Penipuan / Perbuatan Curang,6,blank kecamatan
2025,POLDA METRO JAYA,POLRES METRO JAKARTA SELATAN,POLSEK JAGAKARSA,,Perampasan ( Premanisme ),1,blank kecamatan
2025,POLDA METRO JAYA,POLRES METRO JAKARTA SELATAN,POLSEK JAGAKARSA,JAGAKARSA,,7,blank crime type
2025,POLDA METRO JAYA,POLRES METRO JAKARTA SELATAN,POLSEK KEBAYORAN LAMA,,Curanmor R-2,3,blank kecamatan
2025,POLDA METRO JAYA,POLRES METRO JAKARTA SELATAN,POLSEK KEBAYORAN LAMA,,Pencurian Biasa,2,blank kecamatan
2025,POLDA METRO JAYA,POLRES METRO JAKARTA SELATAN,POLSEK KEBAYORAN LAMA,,Pencurian Dengan Pemberatan ( Curat ),1,blank kecamatan
2025,POLDA METRO JAYA,POLRES METRO JAKARTA SELATAN,POLSEK KEBAYORAN LAMA,,Penganiayaan Berat ( Anirat ),1,blank kecamatan
2025,POLDA METRO JAYA,POLRES METRO JAKARTA SELATAN,POLSEK KEBAYORAN LAMA,,Penggelapan,1,blank kecamatan
2025,POLDA METRO JAYA,POLRES METRO JAKARTA SELATAN,POLSEK KEBAYORAN LAMA,,Penipuan / Perbuatan Curang,2,blank kecamatan
2025,POLDA METRO JAYA,POLRES METRO JAKARTA SELATAN,POLSEK KEBAYORAN LAMA,KEBAYORAN LAMA,,4,blank crime type
2025,POLDA METRO JAYA,POLRES METRO JAKARTA SELATAN,POLSEK MAMPANG PRAPATAN,,Pencurian Biasa,4,blank kecamatan
2025,POLDA METRO JAYA,POLRES METRO JAKARTA SELATAN,POLSEK MAMPANG PRAPATAN,,Pencurian Dengan Pemberatan ( Curat ),2,blank kecamatan
2025,POLDA METRO JAYA,POLRES METRO JAKARTA SELATAN,POLSEK MAMPANG PRAPATAN,,Penganiayaan,1,blank kecamatan
2025,POLDA METRO JAYA,POLRES METRO JAKARTA SELATAN,POLSEK MAMPANG PRAPATAN,,Pengeroyokan,1,blank kecamatan
2025,POLDA METRO JAYA,POLRES METRO JAKARTA SELATAN,POLSEK MAMPANG PRAPATAN,,Penggelapan,1,blank kecamatan
2025,POLDA METRO JAYA,POLRES METRO JAKARTA SELATAN,POLSEK MAMPANG PRAPATAN,,Penipuan / Perbuatan Curang,1,blank kecamatan
2025,POLDA METRO JAYA,POLRES METRO JAKARTA SELATAN,POLSEK MAMPANG PRAPATAN,,Percobaan Pencurian,1,blank kecamatan
2025,POLDA METRO JAYA,POLRES METRO JAKARTA SELATAN,POLSEK MAMPANG PRAPATAN,MAMPANG PRAPATAN,,1,blank crime type
2025,POLDA METRO JAYA,POLRES METRO JAKARTA SELATAN,POLSEK METRO KEBAYORAN BARU,,Pemerasan Dan Pengancaman,1,blank kecamatan
2025,POLDA METRO JAYA,POLRES METRO JAKARTA SELATAN,POLSEK METRO KEBAYORAN BARU,,Pencemaran Nama Baik,1,blank kecamatan
2025,POLDA METRO JAYA,POLRES METRO JAKARTA SELATAN,POLSEK METRO KEBAYORAN BARU,,Pencurian Biasa,3,blank kecamatan
2025,POLDA METRO JAYA,POLRES METRO JAKARTA SELATAN,POLSEK METRO KEBAYORAN BARU,,Pencurian Dengan Pemberatan ( Curat ),5,blank kecamatan
2025,POLDA METRO JAYA,POLRES METRO JAKARTA SELATAN,POLSEK METRO KEBAYORAN BARU,,Penganiayaan,2,blank kecamatan
2025,POLDA METRO JAYA,POLRES METRO JAKARTA SELATAN,POLSEK METRO KEBAYORAN BARU,,Penganiayaan Berat ( Anirat ),1,blank kecamatan
2025,POLDA METRO JAYA,POLRES METRO JAKARTA SELATAN,POLSEK METRO KEBAYORAN BARU,,Pengeroyokan,1,blank kecamatan
2025,POLDA METRO JAYA,POLRES METRO JAKARTA SELATAN,POLSEK METRO KEBAYORAN BARU,,Penggelapan,3,blank kecamatan
2025,POLDA METRO JAYA,POLRES METRO JAKARTA SELATAN,POLSEK METRO KEBAYORAN BARU,,Penipuan / Perbuatan Curang,5,blank kecamatan
2025,POLDA METRO JAYA,POLRES METRO JAKARTA SELATAN,POLSEK METRO KEBAYORAN BARU,KEBAYORAN BARU,,6,blank crime type
2025,POLDA METRO JAYA,POLRES METRO JAKARTA SELATAN,POLSEK METRO SETIABUDI,,Pemalsuan Surat Otentik,1,blank kecamatan
2025,POLDA METRO JAYA,POLRES METRO JAKARTA SELATAN,POLSEK METRO SETIABUDI,,Pencurian Biasa,3,blank kecamatan
2025,POLDA METRO JAYA,POLRES METRO JAKARTA SELATAN,POLSEK METRO SETIABUDI,,Pencurian Dengan Pemberatan ( Curat ),5,blank kecamatan
2025,POLDA METRO JAYA,POLRES METRO JAKARTA SELATAN,POLSEK METRO SETIABUDI,,Pengeroyokan,2,blank kecamatan
2025,POLDA METRO JAYA,POLRES METRO JAKARTA SELATAN,POLSEK METRO SETIABUDI,,Penggelapan,2,blank kecamatan
2025,POLDA METRO JAYA,POLRES METRO JAKARTA SELATAN,POLSEK METRO SETIABUDI,SETIA BUDI,,3,blank crime type
2025,POLDA METRO JAYA,POLRES METRO JAKARTA SELATAN,POLSEK PANCORAN,,Pencurian Biasa,1,blank kecamatan
2025,POLDA METRO JAYA,POLRES METRO JAKARTA SELATAN,POLSEK PANCORAN,,Pencurian Dengan Pemberatan ( Curat ),3,blank kecamatan
2025,POLDA METRO JAYA,POLRES METRO JAKARTA SELATAN,POLSEK PANCORAN,,Penganiayaan,1,blank kecamatan
2025,POLDA METRO JAYA,POLRES METRO JAKARTA SELATAN,POLSEK PANCORAN,PANCORAN,,4,blank crime type
2025,POLDA METRO JAYA,POLRES METRO JAKARTA SELATAN,POLSEK PASAR MINGGU,,Pencurian Biasa,1,blank kecamatan
2025,POLDA METRO JAYA,POLRES METRO JAKARTA SELATAN,POLSEK PASAR MINGGU,,Penganiayaan,1,blank kecamatan
2025,POLDA METRO JAYA,POLRES METRO JAKARTA SELATAN,POLSEK PASAR MINGGU,,Penggelapan,2,blank kecamatan
2025,POLDA METRO JAYA,POLRES METRO JAKARTA SELATAN,POLSEK PASAR MINGGU,PASAR MINGGU,,3,blank crime type
2025,POLDA METRO JAYA,POLRES METRO JAKARTA SELATAN,POLSEK PESANGGRAHAN,,Pencurian Biasa,3,blank kecamatan
2025,POLDA METRO JAYA,POLRES METRO JAKARTA SELATAN,POLSEK PESANGGRAHAN,,Pencurian Dengan Pemberatan ( Curat ),2,blank kecamatan
2025,POLDA METRO JAYA,POLRES METRO JAKARTA SELATAN,POLSEK PESANGGRAHAN,,Penganiayaan,2,blank kecamatan
2025,POLDA METRO JAYA,POLRES METRO JAKARTA SELATAN,POLSEK PESANGGRAHAN,,Pengeroyokan,1,blank kecamatan
2025,POLDA METRO JAYA,POLRES METRO JAKARTA SELATAN,POLSEK PESANGGRAHAN,,Penggelapan,3,blank kecamatan
2025,POLDA METRO JAYA,POLRES METRO JAKARTA SELATAN,POLSEK PESANGGRAHAN,,Penipuan / Perbuatan Curang,3,blank kecamatan
2025,POLDA METRO JAYA,POLRES METRO JAKARTA SELATAN,POLSEK PESANGGRAHAN,,Perbuatan Yang Tidak Menyenangkan,1,blank kecamatan
2025,POLDA METRO JAYA,POLRES METRO JAKARTA SELATAN,POLSEK PESANGGRAHAN,PESANGGRAHAN,,2,blank crime type
2025,POLDA METRO JAYA,POLRES METRO JAKARTA SELATAN,POLSEK TEBET,,Kejahatan Tentang Jaminan Fidusia,1,blank kecamatan
2025,POLDA METRO JAYA,POLRES METRO JAKARTA SELATAN,POLSEK TEBET,,Narkotika ( Narkoba ),1,blank kecamatan
2025,POLDA METRO JAYA,POLRES METRO JAKARTA SELATAN,POLSEK TEBET,,Pencurian Biasa,3,blank kecamatan
2025,POLDA METRO JAYA,POLRES METRO JAKARTA SELATAN,POLSEK TEBET,,Pencurian Dengan Pemberatan ( Curat ),3,blank kecamatan
2025,POLDA METRO JAYA,POLRES METRO JAKARTA SELATAN,POLSEK TEBET,,Penganiayaan,2,blank kecamatan
2025,POLDA METRO JAYA,POLRES METRO JAKARTA SELATAN,POLSEK TEBET,,Pengeroyokan,1,blank kecamatan
2025,POLDA METRO JAYA,POLRES METRO JAKARTA SELATAN,POLSEK TEBET,,Penggelapan,2,blank kecamatan
2025,POLDA METRO JAYA,POLRES METRO JAKARTA SELATAN,POLSEK TEBET,,Penipuan / Perbuatan Curang,1,blank kecamatan
2025,POLDA METRO JAYA,POLRES METRO JAKARTA SELATAN,POLSEK TEBET,,Percobaan Pencurian,1,blank kecamatan
2025,POLDA METRO JAYA,POLRES METRO JAKARTA SELATAN,POLSEK TEBET,TEBET,,2,blank crime type
2025,POLDA METRO JAYA,POLRES METRO JAKARTA TIMUR,,,Cabul,1,blank kecamatan
2025,POLDA METRO JAYA,POLRES METRO JAKARTA TIMUR,,,Curanmor R-2,2,blank kecamatan
2025,POLDA METRO JAYA,POLRES METRO JAKARTA TIMUR,,,Karena Alpa  Menimbulkan  Kebakaran/ Meletus/banjir,1,blank kecamatan
2025,POLDA METRO JAYA,POLRES METRO JAKARTA TIMUR,,,Kejahatan Tentang Jaminan Fidusia,3,blank kecamatan
2025,POLDA METRO JAYA,POLRES METRO JAKARTA TIMUR,,,Kejahatan Terkait Perlindungan Data Pribadi,1,blank kecamatan
2025,POLDA METRO JAYA,POLRES METRO JAKARTA TIMUR,,,Kejahatan Terkait Senjata Tajam ( Sajam ) ( Premanisme ),1,blank kecamatan
2025,POLDA METRO JAYA,POLRES METRO JAKARTA TIMUR,,,Kekerasan Dalam Rumah Tangga,23,blank kecamatan
2025,POLDA METRO JAYA,POLRES METRO JAKARTA TIMUR,,,Kekerasan Seksual (KDRT),3,blank kecamatan
2025,POLDA METRO JAYA,POLRES METRO JAKARTA TIMUR,,,Manipulasi data autentik secara elektronik (ITE),187,blank kecamatan
2025,POLDA METRO JAYA,POLRES METRO JAKARTA TIMUR,,,Memasuki Pekarangan Tanpa Ijin,4,blank kecamatan
2025,POLDA METRO JAYA,POLRES METRO JAKARTA TIMUR,,,Narkotika ( Narkoba ),17,blank kecamatan
2025,POLDA METRO JAYA,POLRES METRO JAKARTA TIMUR,,,Pemalsuan Surat Otentik,5,blank kecamatan
2025,POLDA METRO JAYA,POLRES METRO JAKARTA TIMUR,,,Pemerasan Dan Pengancaman,3,blank kecamatan
2025,POLDA METRO JAYA,POLRES METRO JAKARTA TIMUR,,,Pencemaran Nama Baik,3,blank kecamatan
2025,POLDA METRO JAYA,POLRES METRO JAKARTA TIMUR,,,Pencurian Biasa,22,blank kecamatan
2025,POLDA METRO JAYA,POLRES METRO JAKARTA TIMUR,,,Pencurian Dengan Kekerasan ( Curas ),2,blank kecamatan
2025,POLDA METRO JAYA,POLRES METRO JAKARTA TIMUR,,,Pencurian Dengan Pemberatan ( Curat ),34,blank kecamatan
2025,POLDA METRO JAYA,POLRES METRO JAKARTA TIMUR,,,Pencurian dalam lingkungan keluarga,1,blank kecamatan
2025,POLDA METRO JAYA,POLRES METRO JAKARTA TIMUR,,,Penganiayaan,16,blank kecamatan
2025,POLDA METRO JAYA,POLRES METRO JAKARTA TIMUR,,,Penganiayaan Berat ( Anirat ),1,blank kecamatan
2025,POLDA METRO JAYA,POLRES METRO JAKARTA TIMUR,,,Pengeroyokan,18,blank kecamatan
2025,POLDA METRO JAYA,POLRES METRO JAKARTA TIMUR,,,Pengerusakan,1,blank kecamatan
2025,POLDA METRO JAYA,POLRES METRO JAKARTA TIMUR,,,Penggelapan,16,blank kecamatan
2025,POLDA METRO JAYA,POLRES METRO JAKARTA TIMUR,,,Penipuan / Perbuatan Curang,69,blank kecamatan
2025,POLDA METRO JAYA,POLRES METRO JAKARTA TIMUR,,,Penyerobotan Tanah,2,blank kecamatan
2025,POLDA METRO JAYA,POLRES METRO JAKARTA TIMUR,,,Perampasan ( Premanisme ),4,blank kecamatan
2025,POLDA METRO JAYA,POLRES METRO JAKARTA TIMUR,,,Perbuatan Yang Tidak Menyenangkan,3,blank kecamatan
2025,POLDA METRO JAYA,POLRES METRO JAKARTA TIMUR,,,Persetubuhan Terhadap Anak / Cabul Terhadap Anak,1,blank kecamatan
2025,POLDA METRO JAYA,POLRES METRO JAKARTA TIMUR,,,Perzinahan,1,blank kecamatan
2025,POLDA METRO JAYA,POLRES METRO JAKARTA TIMUR,,,Sumpah Palsu Dan Keterangan Palsu,1,blank kecamatan
2025,POLDA METRO JAYA,POLRES METRO JAKARTA TIMUR,,,Tindak Pidana Dalam Perlindungan Anak,18,blank kecamatan
2025,POLDA METRO JAYA,POLRES METRO JAKARTA TIMUR,,CAKUNG,,26,blank crime type
2025,POLDA METRO JAYA,POLRES METRO JAKARTA TIMUR,,CIPAYUNG,,17,blank crime type
2025,POLDA METRO JAYA,POLRES METRO JAKARTA TIMUR,,CIRACAS,,20,blank crime type
2025,POLDA METRO JAYA,POLRES METRO JAKARTA TIMUR,,DUREN SAWIT,,23,blank crime type
2025,POLDA METRO JAYA,POLRES METRO JAKARTA TIMUR,,JATINEGARA,,34,blank crime type
2025,POLDA METRO JAYA,POLRES METRO JAKARTA TIMUR,,KALI DERES,,1,blank crime type
2025,POLDA METRO JAYA,POLRES METRO JAKARTA TIMUR,,KEBON JERUK,,1,blank crime type
2025,POLDA METRO JAYA,POLRES METRO JAKARTA TIMUR,,KRAMAT JATI,,14,blank crime type
2025,POLDA METRO JAYA,POLRES METRO JAKARTA TIMUR,,MAKASAR,,11,blank crime type
2025,POLDA METRO JAYA,POLRES METRO JAKARTA TIMUR,,MATRAMAN,,13,blank crime type
2025,POLDA METRO JAYA,POLRES METRO JAKARTA TIMUR,,PASAR REBO,,5,blank crime type
2025,POLDA METRO JAYA,POLRES METRO JAKARTA TIMUR,,PULO GADUNG,,21,blank crime type
2025,POLDA METRO JAYA,POLRES METRO JAKARTA TIMUR,,TAMAN SARI,,1,blank crime type
2025,POLDA METRO JAYA,POLRES METRO JAKARTA TIMUR,POLSEK METRO CAKUNG,,Membahayakan Keamanan Umum Bagi  Orang / Barang,1,blank kecamatan
2025,POLDA METRO JAYA,POLRES METRO JAKARTA TIMUR,POLSEK METRO CAKUNG,,Pemalsuan Surat Otentik,1,blank kecamatan
2025,POLDA METRO JAYA,POLRES METRO JAKARTA TIMUR,POLSEK METRO CAKUNG,,Pemerasan Dan Pengancaman,1,blank kecamatan
2025,POLDA METRO JAYA,POLRES METRO JAKARTA TIMUR,POLSEK METRO CAKUNG,,Pencurian Biasa,6,blank kecamatan
2025,POLDA METRO JAYA,POLRES METRO JAKARTA TIMUR,POLSEK METRO CAKUNG,,Pencurian Dengan Kekerasan ( Curas ),1,blank kecamatan
2025,POLDA METRO JAYA,POLRES METRO JAKARTA TIMUR,POLSEK METRO CAKUNG,,Pencurian Dengan Pemberatan ( Curat ),23,blank kecamatan
2025,POLDA METRO JAYA,POLRES METRO JAKARTA TIMUR,POLSEK METRO CAKUNG,,Pencurian Ringan,2,blank kecamatan
2025,POLDA METRO JAYA,POLRES METRO JAKARTA TIMUR,POLSEK METRO CAKUNG,,Penganiayaan,2,blank kecamatan
2025,POLDA METRO JAYA,POLRES METRO JAKARTA TIMUR,POLSEK METRO CAKUNG,,Penganiayaan Berat ( Anirat ),3,blank kecamatan
2025,POLDA METRO JAYA,POLRES METRO JAKARTA TIMUR,POLSEK METRO CAKUNG,,Pengeroyokan,6,blank kecamatan
2025,POLDA METRO JAYA,POLRES METRO JAKARTA TIMUR,POLSEK METRO CAKUNG,,Penggelapan,3,blank kecamatan
2025,POLDA METRO JAYA,POLRES METRO JAKARTA TIMUR,POLSEK METRO CAKUNG,,Penipuan / Perbuatan Curang,11,blank kecamatan
2025,POLDA METRO JAYA,POLRES METRO JAKARTA TIMUR,POLSEK METRO CAKUNG,CAKUNG,,8,blank crime type
2025,POLDA METRO JAYA,POLRES METRO JAKARTA TIMUR,POLSEK METRO CIPAYUNG,,Curanmor R-2,1,blank kecamatan
2025,POLDA METRO JAYA,POLRES METRO JAKARTA TIMUR,POLSEK METRO CIPAYUNG,,Pencurian Biasa,1,blank kecamatan
2025,POLDA METRO JAYA,POLRES METRO JAKARTA TIMUR,POLSEK METRO CIPAYUNG,,Pencurian Dengan Pemberatan ( Curat ),2,blank kecamatan
2025,POLDA METRO JAYA,POLRES METRO JAKARTA TIMUR,POLSEK METRO CIPAYUNG,,Penganiayaan,3,blank kecamatan
2025,POLDA METRO JAYA,POLRES METRO JAKARTA TIMUR,POLSEK METRO CIPAYUNG,,Pengeroyokan,1,blank kecamatan
2025,POLDA METRO JAYA,POLRES METRO JAKARTA TIMUR,POLSEK METRO CIPAYUNG,,Penggelapan,1,blank kecamatan
2025,POLDA METRO JAYA,POLRES METRO JAKARTA TIMUR,POLSEK METRO CIPAYUNG,,Penipuan / Perbuatan Curang,6,blank kecamatan
2025,POLDA METRO JAYA,POLRES METRO JAKARTA TIMUR,POLSEK METRO CIPAYUNG,CIPAYUNG,,5,blank crime type
2025,POLDA METRO JAYA,POLRES METRO JAKARTA TIMUR,POLSEK METRO CIRACAS,,Pencurian Biasa,2,blank kecamatan
2025,POLDA METRO JAYA,POLRES METRO JAKARTA TIMUR,POLSEK METRO CIRACAS,,Pencurian Dengan Pemberatan ( Curat ),4,blank kecamatan
2025,POLDA METRO JAYA,POLRES METRO JAKARTA TIMUR,POLSEK METRO CIRACAS,,Penganiayaan,1,blank kecamatan
2025,POLDA METRO JAYA,POLRES METRO JAKARTA TIMUR,POLSEK METRO CIRACAS,,Pengerusakan,1,blank kecamatan
2025,POLDA METRO JAYA,POLRES METRO JAKARTA TIMUR,POLSEK METRO CIRACAS,,Penggelapan,1,blank kecamatan
2025,POLDA METRO JAYA,POLRES METRO JAKARTA TIMUR,POLSEK METRO CIRACAS,,Penipuan / Perbuatan Curang,2,blank kecamatan
2025,POLDA METRO JAYA,POLRES METRO JAKARTA TIMUR,POLSEK METRO CIRACAS,CIRACAS,,3,blank crime type
2025,POLDA METRO JAYA,POLRES METRO JAKARTA TIMUR,POLSEK METRO DUREN SAWIT,,Kejahatan Terkait Senjata Tajam ( Sajam ) ( Premanisme ),1,blank kecamatan
2025,POLDA METRO JAYA,POLRES METRO JAKARTA TIMUR,POLSEK METRO DUREN SAWIT,,Narkotika ( Narkoba ),1,blank kecamatan
2025,POLDA METRO JAYA,POLRES METRO JAKARTA TIMUR,POLSEK METRO DUREN SAWIT,,Pencurian Biasa,3,blank kecamatan
2025,POLDA METRO JAYA,POLRES METRO JAKARTA TIMUR,POLSEK METRO DUREN SAWIT,,Pencurian Dengan Kekerasan ( Curas ),1,blank kecamatan
2025,POLDA METRO JAYA,POLRES METRO JAKARTA TIMUR,POLSEK METRO DUREN SAWIT,,Pencurian Dengan Pemberatan ( Curat ),6,blank kecamatan
2025,POLDA METRO JAYA,POLRES METRO JAKARTA TIMUR,POLSEK METRO DUREN SAWIT,,Penganiayaan,1,blank kecamatan
2025,POLDA METRO JAYA,POLRES METRO JAKARTA TIMUR,POLSEK METRO DUREN SAWIT,,Penganiayaan Berat ( Anirat ),1,blank kecamatan
2025,POLDA METRO JAYA,POLRES METRO JAKARTA TIMUR,POLSEK METRO DUREN SAWIT,,Pengeroyokan,1,blank kecamatan
2025,POLDA METRO JAYA,POLRES METRO JAKARTA TIMUR,POLSEK METRO DUREN SAWIT,,Penipuan / Perbuatan Curang,4,blank kecamatan
2025,POLDA METRO JAYA,POLRES METRO JAKARTA TIMUR,POLSEK METRO DUREN SAWIT,DUREN SAWIT,,4,blank crime type
2025,POLDA METRO JAYA,POLRES METRO JAKARTA TIMUR,POLSEK METRO JATINEGARA,,Kejahatan Terkait Senjata Tajam ( Sajam ) ( Premanisme ),2,blank kecamatan
2025,POLDA METRO JAYA,POLRES METRO JAKARTA TIMUR,POLSEK METRO JATINEGARA,,Narkotika ( Narkoba ),3,blank kecamatan
2025,POLDA METRO JAYA,POLRES METRO JAKARTA TIMUR,POLSEK METRO JATINEGARA,,Pencurian Biasa,3,blank kecamatan
2025,POLDA METRO JAYA,POLRES METRO JAKARTA TIMUR,POLSEK METRO JATINEGARA,,Pencurian Dengan Pemberatan ( Curat ),7,blank kecamatan
2025,POLDA METRO JAYA,POLRES METRO JAKARTA TIMUR,POLSEK METRO JATINEGARA,,Penganiayaan,1,blank kecamatan
2025,POLDA METRO JAYA,POLRES METRO JAKARTA TIMUR,POLSEK METRO JATINEGARA,,Penggelapan,1,blank kecamatan
2025,POLDA METRO JAYA,POLRES METRO JAKARTA TIMUR,POLSEK METRO JATINEGARA,JATINEGARA,,4,blank crime type
2025,POLDA METRO JAYA,POLRES METRO JAKARTA TIMUR,POLSEK METRO KRAMATJATI,,Kejahatan Terkait Senjata Tajam ( Sajam ) ( Premanisme ),1,blank kecamatan
2025,POLDA METRO JAYA,POLRES METRO JAKARTA TIMUR,POLSEK METRO KRAMATJATI,,Pencurian Biasa,4,blank kecamatan
2025,POLDA METRO JAYA,POLRES METRO JAKARTA TIMUR,POLSEK METRO KRAMATJATI,,Pencurian Dengan Pemberatan ( Curat ),2,blank kecamatan
2025,POLDA METRO JAYA,POLRES METRO JAKARTA TIMUR,POLSEK METRO KRAMATJATI,,Penganiayaan,2,blank kecamatan
2025,POLDA METRO JAYA,POLRES METRO JAKARTA TIMUR,POLSEK METRO KRAMATJATI,,Penganiayaan Berat ( Anirat ),1,blank kecamatan
2025,POLDA METRO JAYA,POLRES METRO JAKARTA TIMUR,POLSEK METRO KRAMATJATI,,Penipuan / Perbuatan Curang,3,blank kecamatan
2025,POLDA METRO JAYA,POLRES METRO JAKARTA TIMUR,POLSEK METRO KRAMATJATI,,Percobaan Pencurian,1,blank kecamatan
2025,POLDA METRO JAYA,POLRES METRO JAKARTA TIMUR,POLSEK METRO KRAMATJATI,KRAMAT JATI,,4,blank crime type
2025,POLDA METRO JAYA,POLRES METRO JAKARTA TIMUR,POLSEK METRO MAKASAR,,Curanmor R-2,9,blank kecamatan
2025,POLDA METRO JAYA,POLRES METRO JAKARTA TIMUR,POLSEK METRO MAKASAR,,Kejahatan Terkait Senjata Tajam ( Sajam ) ( Premanisme ),1,blank kecamatan
2025,POLDA METRO JAYA,POLRES METRO JAKARTA TIMUR,POLSEK METRO MAKASAR,,Pencurian Biasa,2,blank kecamatan
2025,POLDA METRO JAYA,POLRES METRO JAKARTA TIMUR,POLSEK METRO MAKASAR,,Pencurian Dengan Pemberatan ( Curat ),3,blank kecamatan
2025,POLDA METRO JAYA,POLRES METRO JAKARTA TIMUR,POLSEK METRO MAKASAR,,Pengerusakan,1,blank kecamatan
2025,POLDA METRO JAYA,POLRES METRO JAKARTA TIMUR,POLSEK METRO MAKASAR,,Penggelapan,1,blank kecamatan
2025,POLDA METRO JAYA,POLRES METRO JAKARTA TIMUR,POLSEK METRO MAKASAR,,Penipuan / Perbuatan Curang,4,blank kecamatan
2025,POLDA METRO JAYA,POLRES METRO JAKARTA TIMUR,POLSEK METRO MAKASAR,MAKASAR,,13,blank crime type
2025,POLDA METRO JAYA,POLRES METRO JAKARTA TIMUR,POLSEK METRO MATRAMAN,,Curanmor R-2,4,blank kecamatan
2025,POLDA METRO JAYA,POLRES METRO JAKARTA TIMUR,POLSEK METRO MATRAMAN,,Pencurian Biasa,4,blank kecamatan
2025,POLDA METRO JAYA,POLRES METRO JAKARTA TIMUR,POLSEK METRO MATRAMAN,,Pencurian Dengan Pemberatan ( Curat ),3,blank kecamatan
2025,POLDA METRO JAYA,POLRES METRO JAKARTA TIMUR,POLSEK METRO MATRAMAN,,Penganiayaan,1,blank kecamatan
2025,POLDA METRO JAYA,POLRES METRO JAKARTA TIMUR,POLSEK METRO MATRAMAN,,Penganiayaan Berat ( Anirat ),1,blank kecamatan
2025,POLDA METRO JAYA,POLRES METRO JAKARTA TIMUR,POLSEK METRO MATRAMAN,,Pengeroyokan,1,blank kecamatan
2025,POLDA METRO JAYA,POLRES METRO JAKARTA TIMUR,POLSEK METRO MATRAMAN,,Penipuan / Perbuatan Curang,2,blank kecamatan
2025,POLDA METRO JAYA,POLRES METRO JAKARTA TIMUR,POLSEK METRO MATRAMAN,MATRAMAN,,3,blank crime type
2025,POLDA METRO JAYA,POLRES METRO JAKARTA TIMUR,POLSEK METRO MATRAMAN,PULO GADUNG,,1,blank crime type
2025,POLDA METRO JAYA,POLRES METRO JAKARTA TIMUR,POLSEK METRO PASAR REBO,,Curanmor R-2,3,blank kecamatan
2025,POLDA METRO JAYA,POLRES METRO JAKARTA TIMUR,POLSEK METRO PASAR REBO,,Pencurian Biasa,3,blank kecamatan
2025,POLDA METRO JAYA,POLRES METRO JAKARTA TIMUR,POLSEK METRO PASAR REBO,,Pencurian Dengan Pemberatan ( Curat ),2,blank kecamatan
2025,POLDA METRO JAYA,POLRES METRO JAKARTA TIMUR,POLSEK METRO PASAR REBO,,Pencurian Ringan,1,blank kecamatan
2025,POLDA METRO JAYA,POLRES METRO JAKARTA TIMUR,POLSEK METRO PASAR REBO,,Penganiayaan,1,blank kecamatan
2025,POLDA METRO JAYA,POLRES METRO JAKARTA TIMUR,POLSEK METRO PASAR REBO,,Pengerusakan,1,blank kecamatan
2025,POLDA METRO JAYA,POLRES METRO JAKARTA TIMUR,POLSEK METRO PASAR REBO,,Penipuan / Perbuatan Curang,2,blank kecamatan
2025,POLDA METRO JAYA,POLRES METRO JAKARTA TIMUR,POLSEK METRO PASAR REBO,PASAR REBO,,3,blank crime type
2025,POLDA METRO JAYA,POLRES METRO JAKARTA TIMUR,POLSEK METRO PULO GADUNG,,Kejahatan Terkait Senjata Tajam ( Sajam ) ( Premanisme ),1,blank kecamatan
2025,POLDA METRO JAYA,POLRES METRO JAKARTA TIMUR,POLSEK METRO PULO GADUNG,,Pencurian Dengan Pemberatan ( Curat ),4,blank kecamatan
2025,POLDA METRO JAYA,POLRES METRO JAKARTA TIMUR,POLSEK METRO PULO GADUNG,,Penganiayaan,1,blank kecamatan
2025,POLDA METRO JAYA,POLRES METRO JAKARTA TIMUR,POLSEK METRO PULO GADUNG,,Penganiayaan Berat ( Anirat ),2,blank kecamatan
2025,POLDA METRO JAYA,POLRES METRO JAKARTA TIMUR,POLSEK METRO PULO GADUNG,,Penggelapan,1,blank kecamatan
2025,POLDA METRO JAYA,POLRES METRO JAKARTA TIMUR,POLSEK METRO PULO GADUNG,,Penipuan / Perbuatan Curang,1,blank kecamatan
2025,POLDA METRO JAYA,POLRES METRO JAKARTA TIMUR,POLSEK METRO PULO GADUNG,,Perampasan ( Premanisme ),1,blank kecamatan
2025,POLDA METRO JAYA,POLRES METRO JAKARTA TIMUR,POLSEK METRO PULO GADUNG,MATRAMAN,,2,blank crime type
2025,POLDA METRO JAYA,POLRES METRO JAKARTA TIMUR,POLSEK METRO PULO GADUNG,PULO GADUNG,,3,blank crime type
2025,POLDA METRO JAYA,POLRES METRO JAKARTA UTARA,,,Kejahatan Tentang Jaminan Fidusia,1,blank kecamatan
2025,POLDA METRO JAYA,POLRES METRO JAKARTA UTARA,,,Kejahatan Tentang Pertambangan Mineral Dan Batubara (illegal Mining),1,blank kecamatan
2025,POLDA METRO JAYA,POLRES METRO JAKARTA UTARA,,,Kejahatan Terkait Senjata Tajam ( Sajam ) ( Premanisme ),2,blank kecamatan
2025,POLDA METRO JAYA,POLRES METRO JAKARTA UTARA,,,Kekerasan Dalam Rumah Tangga,8,blank kecamatan
2025,POLDA METRO JAYA,POLRES METRO JAKARTA UTARA,,,Kekerasan Seksual (KDRT),2,blank kecamatan
2025,POLDA METRO JAYA,POLRES METRO JAKARTA UTARA,,,Manipulasi data autentik secara elektronik (ITE),21,blank kecamatan
2025,POLDA METRO JAYA,POLRES METRO JAKARTA UTARA,,,Narkotika ( Narkoba ),19,blank kecamatan
2025,POLDA METRO JAYA,POLRES METRO JAKARTA UTARA,,,Pemalsuan Surat Otentik,6,blank kecamatan
2025,POLDA METRO JAYA,POLRES METRO JAKARTA UTARA,,,Pemerasan Dan Pengancaman,2,blank kecamatan
2025,POLDA METRO JAYA,POLRES METRO JAKARTA UTARA,,,Penadahan,1,blank kecamatan
2025,POLDA METRO JAYA,POLRES METRO JAKARTA UTARA,,,Pencemaran Nama Baik,1,blank kecamatan
2025,POLDA METRO JAYA,POLRES METRO JAKARTA UTARA,,,Pencurian Biasa,5,blank kecamatan
2025,POLDA METRO JAYA,POLRES METRO JAKARTA UTARA,,,Pencurian Dengan Kekerasan ( Curas ),1,blank kecamatan
2025,POLDA METRO JAYA,POLRES METRO JAKARTA UTARA,,,Pencurian Dengan Pemberatan ( Curat ),8,blank kecamatan
2025,POLDA METRO JAYA,POLRES METRO JAKARTA UTARA,,,Pengaduan Palsu,1,blank kecamatan
2025,POLDA METRO JAYA,POLRES METRO JAKARTA UTARA,,,Penganiayaan,5,blank kecamatan
2025,POLDA METRO JAYA,POLRES METRO JAKARTA UTARA,,,Penganiayaan Berat ( Anirat ),2,blank kecamatan
2025,POLDA METRO JAYA,POLRES METRO JAKARTA UTARA,,,Pengeroyokan,7,blank kecamatan
2025,POLDA METRO JAYA,POLRES METRO JAKARTA UTARA,,,Penggelapan,12,blank kecamatan
2025,POLDA METRO JAYA,POLRES METRO JAKARTA UTARA,,,Penghinaan,1,blank kecamatan
2025,POLDA METRO JAYA,POLRES METRO JAKARTA UTARA,,,Penipuan / Perbuatan Curang,20,blank kecamatan
2025,POLDA METRO JAYA,POLRES METRO JAKARTA UTARA,,,Penyerobotan Tanah,1,blank kecamatan
2025,POLDA METRO JAYA,POLRES METRO JAKARTA UTARA,,,Perbuatan Yang Tidak Menyenangkan,4,blank kecamatan
2025,POLDA METRO JAYA,POLRES METRO JAKARTA UTARA,,,Perzinahan,1,blank kecamatan
2025,POLDA METRO JAYA,POLRES METRO JAKARTA UTARA,,,Sumpah Palsu Dan Keterangan Palsu,1,blank kecamatan
2025,POLDA METRO JAYA,POLRES METRO JAKARTA UTARA,,,Tindak Pidana Dalam Perlindungan Anak,2,blank kecamatan
2025,POLDA METRO JAYA,POLRES METRO JAKARTA UTARA,,CILINCING,,5,blank crime type
2025,POLDA METRO JAYA,POLRES METRO JAKARTA UTARA,,KELAPA GADING,,5,blank crime type
2025,POLDA METRO JAYA,POLRES METRO JAKARTA UTARA,,KOJA,,8,blank crime type
2025,POLDA METRO JAYA,POLRES METRO JAKARTA UTARA,,PADEMANGAN,,3,blank crime type
2025,POLDA METRO JAYA,POLRES METRO JAKARTA UTARA,,PENJARINGAN,,11,blank crime type
2025,POLDA METRO JAYA,POLRES METRO JAKARTA UTARA,,TANJUNG PRIOK,,12,blank crime type
2025,POLDA METRO JAYA,POLRES METRO JAKARTA UTARA,POLSEK CILINCING JAKARTA UTARA,,Curanmor R-2,1,blank kecamatan
2025,POLDA METRO JAYA,POLRES METRO JAKARTA UTARA,POLSEK CILINCING JAKARTA UTARA,,Pencurian Biasa,1,blank kecamatan
2025,POLDA METRO JAYA,POLRES METRO JAKARTA UTARA,POLSEK CILINCING JAKARTA UTARA,,Pencurian Dengan Pemberatan ( Curat ),8,blank kecamatan
2025,POLDA METRO JAYA,POLRES METRO JAKARTA UTARA,POLSEK CILINCING JAKARTA UTARA,CILINCING,,5,blank crime type
2025,POLDA METRO JAYA,POLRES METRO JAKARTA UTARA,POLSEK KELAPA GADING JAKARTA UTARA,,Narkotika ( Narkoba ),1,blank kecamatan
2025,POLDA METRO JAYA,POLRES METRO JAKARTA UTARA,POLSEK KELAPA GADING JAKARTA UTARA,,Pencurian Biasa,3,blank kecamatan
2025,POLDA METRO JAYA,POLRES METRO JAKARTA UTARA,POLSEK KELAPA GADING JAKARTA UTARA,,Pencurian Dengan Pemberatan ( Curat ),1,blank kecamatan
2025,POLDA METRO JAYA,POLRES METRO JAKARTA UTARA,POLSEK KELAPA GADING JAKARTA UTARA,,Pencurian Ringan,1,blank kecamatan
2025,POLDA METRO JAYA,POLRES METRO JAKARTA UTARA,POLSEK KELAPA GADING JAKARTA UTARA,,Penganiayaan,1,blank kecamatan
2025,POLDA METRO JAYA,POLRES METRO JAKARTA UTARA,POLSEK KELAPA GADING JAKARTA UTARA,,Penggelapan,6,blank kecamatan
2025,POLDA METRO JAYA,POLRES METRO JAKARTA UTARA,POLSEK KELAPA GADING JAKARTA UTARA,,Penipuan / Perbuatan Curang,1,blank kecamatan
2025,POLDA METRO JAYA,POLRES METRO JAKARTA UTARA,POLSEK KELAPA GADING JAKARTA UTARA,KELAPA GADING,,5,blank crime type
2025,POLDA METRO JAYA,POLRES METRO JAKARTA UTARA,POLSEK KOJA JAKARTA UTARA,,Curanmor R-2,1,blank kecamatan
2025,POLDA METRO JAYA,POLRES METRO JAKARTA UTARA,POLSEK KOJA JAKARTA UTARA,,Judi,1,blank kecamatan
2025,POLDA METRO JAYA,POLRES METRO JAKARTA UTARA,POLSEK KOJA JAKARTA UTARA,,Narkotika ( Narkoba ),1,blank kecamatan
2025,POLDA METRO JAYA,POLRES METRO JAKARTA UTARA,POLSEK KOJA JAKARTA UTARA,,Pencurian Biasa,4,blank kecamatan
2025,POLDA METRO JAYA,POLRES METRO JAKARTA UTARA,POLSEK KOJA JAKARTA UTARA,,Pencurian Dengan Pemberatan ( Curat ),4,blank kecamatan
2025,POLDA METRO JAYA,POLRES METRO JAKARTA UTARA,POLSEK KOJA JAKARTA UTARA,,Penganiayaan,2,blank kecamatan
2025,POLDA METRO JAYA,POLRES METRO JAKARTA UTARA,POLSEK KOJA JAKARTA UTARA,,Penganiayaan Berat ( Anirat ),1,blank kecamatan
2025,POLDA METRO JAYA,POLRES METRO JAKARTA UTARA,POLSEK KOJA JAKARTA UTARA,,Penggelapan,3,blank kecamatan
2025,POLDA METRO JAYA,POLRES METRO JAKARTA UTARA,POLSEK KOJA JAKARTA UTARA,KOJA,,7,blank crime type
2025,POLDA METRO JAYA,POLRES METRO JAKARTA UTARA,POLSEK METRO PENJARINGAN,,Kejahatan Terkait Senjata Tajam ( Sajam ) ( Premanisme ),2,blank kecamatan
2025,POLDA METRO JAYA,POLRES METRO JAKARTA UTARA,POLSEK METRO PENJARINGAN,,Narkotika ( Narkoba ),2,blank kecamatan
2025,POLDA METRO JAYA,POLRES METRO JAKARTA UTARA,POLSEK METRO PENJARINGAN,,Pemerasan Dan Pengancaman,1,blank kecamatan
2025,POLDA METRO JAYA,POLRES METRO JAKARTA UTARA,POLSEK METRO PENJARINGAN,,Pencurian Biasa,2,blank kecamatan
2025,POLDA METRO JAYA,POLRES METRO JAKARTA UTARA,POLSEK METRO PENJARINGAN,,Pencurian Dengan Kekerasan ( Curas ),1,blank kecamatan
2025,POLDA METRO JAYA,POLRES METRO JAKARTA UTARA,POLSEK METRO PENJARINGAN,,Pencurian Dengan Pemberatan ( Curat ),3,blank kecamatan
2025,POLDA METRO JAYA,POLRES METRO JAKARTA UTARA,POLSEK METRO PENJARINGAN,,Penganiayaan,1,blank kecamatan
2025,POLDA METRO JAYA,POLRES METRO JAKARTA UTARA,POLSEK METRO PENJARINGAN,,Pengeroyokan,1,blank kecamatan
2025,POLDA METRO JAYA,POLRES METRO JAKARTA UTARA,POLSEK METRO PENJARINGAN,,Penggelapan,1,blank kecamatan
2025,POLDA METRO JAYA,POLRES METRO JAKARTA UTARA,POLSEK METRO PENJARINGAN,,Penipuan / Perbuatan Curang,1,blank kecamatan
2025,POLDA METRO JAYA,POLRES METRO JAKARTA UTARA,POLSEK METRO PENJARINGAN,PENJARINGAN,,6,blank crime type
2025,POLDA METRO JAYA,POLRES METRO JAKARTA UTARA,POLSEK PADEMANGAN,,Curanmor R-2,1,blank kecamatan
2025,POLDA METRO JAYA,POLRES METRO JAKARTA UTARA,POLSEK PADEMANGAN,,Narkotika ( Narkoba ),1,blank kecamatan
2025,POLDA METRO JAYA,POLRES METRO JAKARTA UTARA,POLSEK PADEMANGAN,,Pencurian Dengan Pemberatan ( Curat ),9,blank kecamatan
2025,POLDA METRO JAYA,POLRES METRO JAKARTA UTARA,POLSEK PADEMANGAN,,Penggelapan,2,blank kecamatan
2025,POLDA METRO JAYA,POLRES METRO JAKARTA UTARA,POLSEK PADEMANGAN,PADEMANGAN,,3,blank crime type
2025,POLDA METRO JAYA,POLRES METRO JAKARTA UTARA,POLSEK TANJUNG PRIOK,,Curanmor R-2,4,blank kecamatan
2025,POLDA METRO JAYA,POLRES METRO JAKARTA UTARA,POLSEK TANJUNG PRIOK,,Narkotika ( Narkoba ),1,blank kecamatan
2025,POLDA METRO JAYA,POLRES METRO JAKARTA UTARA,POLSEK TANJUNG PRIOK,,Pemalsuan Surat Otentik,1,blank kecamatan
2025,POLDA METRO JAYA,POLRES METRO JAKARTA UTARA,POLSEK TANJUNG PRIOK,,Pemerasan Dan Pengancaman,1,blank kecamatan
2025,POLDA METRO JAYA,POLRES METRO JAKARTA UTARA,POLSEK TANJUNG PRIOK,,Pencurian Biasa,3,blank kecamatan
2025,POLDA METRO JAYA,POLRES METRO JAKARTA UTARA,POLSEK TANJUNG PRIOK,,Pencurian Dengan Pemberatan ( Curat ),10,blank kecamatan
2025,POLDA METRO JAYA,POLRES METRO JAKARTA UTARA,POLSEK TANJUNG PRIOK,,Penggelapan,3,blank kecamatan
2025,POLDA METRO JAYA,POLRES METRO JAKARTA UTARA,POLSEK TANJUNG PRIOK,,Perbuatan Yang Tidak Menyenangkan,1,blank kecamatan
2025,POLDA METRO JAYA,POLRES METRO JAKARTA UTARA,POLSEK TANJUNG PRIOK,TANJUNG PRIOK,,5,blank crime type
2025,POLDA METRO JAYA,POLRES METRO TANGERANG KOTA,,,Narkotika ( Narkoba ),2,blank kecamatan
2025,POLDA METRO JAYA,POLRES METRO TANGERANG KOTA,POLSEK BENDA,PENJARINGAN,,1,blank crime type
2025,POLDA METRO JAYA,POLRES METRO TANGERANG KOTA,POLSEK CILEDUG,,Penipuan / Perbuatan Curang,1,blank kecamatan
2025,POLDA METRO JAYA,POLRES METRO TANGERANG KOTA,POLSEK PINANG,CENGKARENG,,1,blank crime type
2025,POLDA METRO JAYA,POLRES METRO TANGERANG KOTA,POLSEK TELUKNAGA,,Pencurian Dengan Pemberatan ( Curat ),1,blank kecamatan
2025,POLDA METRO JAYA,POLRES PELABUHAN TANJUNG PRIOK,,,Curanmor R-2,1,blank kecamatan
2025,POLDA METRO JAYA,POLRES PELABUHAN TANJUNG PRIOK,,,Kejahatan Tentang Minyak Dan Gas  ( MIGAS ),1,blank kecamatan
2025,POLDA METRO JAYA,POLRES PELABUHAN TANJUNG PRIOK,,,Manipulasi data autentik secara elektronik (ITE),1,blank kecamatan
2025,POLDA METRO JAYA,POLRES PELABUHAN TANJUNG PRIOK,,,Mucikari ( Pelacuran ),2,blank kecamatan
2025,POLDA METRO JAYA,POLRES PELABUHAN TANJUNG PRIOK,,,Narkotika ( Narkoba ),5,blank kecamatan
2025,POLDA METRO JAYA,POLRES PELABUHAN TANJUNG PRIOK,,,Pemalsuan Surat Otentik,1,blank kecamatan
2025,POLDA METRO JAYA,POLRES PELABUHAN TANJUNG PRIOK,,,Pencurian Dengan Kekerasan ( Curas ),1,blank kecamatan
2025,POLDA METRO JAYA,POLRES PELABUHAN TANJUNG PRIOK,,,Pencurian Dengan Pemberatan ( Curat ),2,blank kecamatan
2025,POLDA METRO JAYA,POLRES PELABUHAN TANJUNG PRIOK,,PADEMANGAN,,1,blank crime type
2025,POLDA METRO JAYA,POLRES PELABUHAN TANJUNG PRIOK,,PENJARINGAN,,1,blank crime type
2025,POLDA METRO JAYA,POLRES PELABUHAN TANJUNG PRIOK,,TANJUNG PRIOK,,2,blank crime type
2025,POLDA METRO JAYA,POLRES PELABUHAN TANJUNG PRIOK,POLSEK KAWASAN KALIBARU,,Penipuan / Perbuatan Curang,1,blank kecamatan
2025,POLDA METRO JAYA,POLRES PELABUHAN TANJUNG PRIOK,POLSEK KAWASAN KALIBARU,CILINCING,,1,blank crime type
2025,POLDA METRO JAYA,POLRES PELABUHAN TANJUNG PRIOK,POLSEK KAWASAN KALIBARU,KOJA,,1,blank crime type
2025,POLDA METRO JAYA,POLRES PELABUHAN TANJUNG PRIOK,POLSEK KAWASAN MUARA BARU,,Cabul,1,blank kecamatan
2025,POLDA METRO JAYA,POLRES PELABUHAN TANJUNG PRIOK,POLSEK KAWASAN SUNDA KELAPA,,Penipuan / Perbuatan Curang,1,blank kecamatan
2025,POLDA METRO JAYA,POLRES PELABUHAN TANJUNG PRIOK,POLSEK KAWASAN SUNDA KELAPA,PENJARINGAN,,2,blank crime type
2025,POLDA METRO JAYA,POLRES TANGERANG SELATAN,,,Manipulasi data autentik secara elektronik (ITE),2,blank kecamatan
2025,POLDA METRO JAYA,POLRES TANGERANG SELATAN,,,Narkotika ( Narkoba ),3,blank kecamatan
2025,POLDA METRO JAYA,POLRES TANGERANG SELATAN,,,Penipuan / Perbuatan Curang,1,blank kecamatan
2025,POLDA METRO JAYA,POLRES TANGERANG SELATAN,,PENJARINGAN,,1,blank crime type
2025,POLDA METRO JAYA,POLRES TANGERANG SELATAN,POLSEK SERPONG,TANAH ABANG,,1,blank crime type
2025,POLDA METRO JAYA,POLRESTA BANDARA SOEKARNO HATTA,,,Narkotika ( Narkoba ),2,blank kecamatan
2026,POLDA METRO JAYA,,,,,1,blank kecamatan
2026,POLDA METRO JAYA,,,,Cabul,1,blank kecamatan
2026,POLDA METRO JAYA,,,,Curanmor R-2,6,blank kecamatan
2026,POLDA METRO JAYA,,,,Kejahatan Tentang Desain Industri,1,blank kecamatan
2026,POLDA METRO JAYA,,,,Kejahatan Tentang Jaminan Fidusia,7,blank kecamatan
2026,POLDA METRO JAYA,,,,Kejahatan Tentang Minyak Dan Gas  ( MIGAS ),2,blank kecamatan
2026,POLDA METRO JAYA,,,,Kejahatan Tentang Tenaga Kerja,3,blank kecamatan
2026,POLDA METRO JAYA,,,,Kejahatan Terkait Merek,4,blank kecamatan
2026,POLDA METRO JAYA,,,,Kejahatan Terkait Perlindungan Data Pribadi,3,blank kecamatan
2026,POLDA METRO JAYA,,,,Kejahatan Terkait Senjata Tajam ( Sajam ) ( Premanisme ),6,blank kecamatan
2026,POLDA METRO JAYA,,,,Kejahatan terkait Tenaga Kesehatan,12,blank kecamatan
2026,POLDA METRO JAYA,,,,Kekerasan Seksual (KDRT),2,blank kecamatan
2026,POLDA METRO JAYA,,,,Korupsi ( Tipikor ),1,blank kecamatan
2026,POLDA METRO JAYA,,,,Manipulasi data autentik secara elektronik (ITE),174,blank kecamatan
2026,POLDA METRO JAYA,,,,Memasuki Pekarangan Tanpa Ijin,1,blank kecamatan
2026,POLDA METRO JAYA,,,,Menjual atau mengedarkan obat keras / bebas terbatas tanpa ijin,3,blank kecamatan
2026,POLDA METRO JAYA,,,,Narkotika ( Narkoba ),55,blank kecamatan
2026,POLDA METRO JAYA,,,,Pemalsuan Surat Otentik,14,blank kecamatan
2026,POLDA METRO JAYA,,,,Penadahan,2,blank kecamatan
2026,POLDA METRO JAYA,,,,Pencemaran Nama Baik,5,blank kecamatan
2026,POLDA METRO JAYA,,,,Penculikan,1,blank kecamatan
2026,POLDA METRO JAYA,,,,Pencurian Biasa,10,blank kecamatan
2026,POLDA METRO JAYA,,,,Pencurian Dengan Pemberatan ( Curat ),17,blank kecamatan
2026,POLDA METRO JAYA,,,,Pengaduan Palsu,3,blank kecamatan
2026,POLDA METRO JAYA,,,,Pengancaman,1,blank kecamatan
2026,POLDA METRO JAYA,,,,Penganiayaan,3,blank kecamatan
2026,POLDA METRO JAYA,,,,Penganiayaan Berat ( Anirat ),2,blank kecamatan
2026,POLDA METRO JAYA,,,,Pengeroyokan,2,blank kecamatan
2026,POLDA METRO JAYA,,,,Penggelapan,22,blank kecamatan
2026,POLDA METRO JAYA,,,,Penipuan / Perbuatan Curang,58,blank kecamatan
2026,POLDA METRO JAYA,,,,Penistaan Agama,4,blank kecamatan
2026,POLDA METRO JAYA,,,,Penyebaran Berita Bohong ( Hoax ),1,blank kecamatan
2026,POLDA METRO JAYA,,,,Perbankan,4,blank kecamatan
2026,POLDA METRO JAYA,,,,Perzinahan,1,blank kecamatan
2026,POLDA METRO JAYA,,,,Terhadap ketertiban umum,3,blank kecamatan
2026,POLDA METRO JAYA,,,,Tindak Pidana Dalam Perlindungan Anak,4,blank kecamatan
2026,POLDA METRO JAYA,,,,Tindak Pidana Pencucian Uang ( TPPU / Money Laundering),1,blank kecamatan
2026,POLDA METRO JAYA,,,CAKUNG,,9,blank crime type
2026,POLDA METRO JAYA,,,CEMPAKA PUTIH,,10,blank crime type
2026,POLDA METRO JAYA,,,CENGKARENG,,19,blank crime type
2026,POLDA METRO JAYA,,,CILANDAK,,21,blank crime type
2026,POLDA METRO JAYA,,,CILINCING,,4,blank crime type
2026,POLDA METRO JAYA,,,CIPAYUNG,,19,blank crime type
2026,POLDA METRO JAYA,,,CIRACAS,,7,blank crime type
2026,POLDA METRO JAYA,,,DUREN SAWIT,,20,blank crime type
2026,POLDA METRO JAYA,,,GAMBIR,,18,blank crime type
2026,POLDA METRO JAYA,,,GROGOL PETAMBURAN,,15,blank crime type
2026,POLDA METRO JAYA,,,JAGAKARSA,,24,blank crime type
2026,POLDA METRO JAYA,,,JATINEGARA,,14,blank crime type
2026,POLDA METRO JAYA,,,JOHAR BARU,,2,blank crime type
2026,POLDA METRO JAYA,,,KALI DERES,,11,blank crime type
2026,POLDA METRO JAYA,,,KEBAYORAN BARU,,69,blank crime type
2026,POLDA METRO JAYA,,,KEBAYORAN LAMA,,21,blank crime type
2026,POLDA METRO JAYA,,,KEBON JERUK,,15,blank crime type
2026,POLDA METRO JAYA,,,KELAPA GADING,,19,blank crime type
2026,POLDA METRO JAYA,,,KEMAYORAN,,13,blank crime type
2026,POLDA METRO JAYA,,,KEMBANGAN,,16,blank crime type
2026,POLDA METRO JAYA,,,KOJA,,5,blank crime type
2026,POLDA METRO JAYA,,,KRAMAT JATI,,13,blank crime type
2026,POLDA METRO JAYA,,,MAKASAR,,8,blank crime type
2026,POLDA METRO JAYA,,,MAMPANG PRAPATAN,,17,blank crime type
2026,POLDA METRO JAYA,,,MATRAMAN,,6,blank crime type
2026,POLDA METRO JAYA,,,MENTENG,,20,blank crime type
2026,POLDA METRO JAYA,,,PADEMANGAN,,23,blank crime type
2026,POLDA METRO JAYA,,,PALMERAH,,22,blank crime type
2026,POLDA METRO JAYA,,,PANCORAN,,15,blank crime type
2026,POLDA METRO JAYA,,,PASAR MINGGU,,28,blank crime type
2026,POLDA METRO JAYA,,,PASAR REBO,,4,blank crime type
2026,POLDA METRO JAYA,,,PENJARINGAN,,36,blank crime type
2026,POLDA METRO JAYA,,,PESANGGRAHAN,,13,blank crime type
2026,POLDA METRO JAYA,,,PULO GADUNG,,14,blank crime type
2026,POLDA METRO JAYA,,,SAWAH BESAR,,14,blank crime type
2026,POLDA METRO JAYA,,,SENEN,,12,blank crime type
2026,POLDA METRO JAYA,,,SETIA BUDI,,58,blank crime type
2026,POLDA METRO JAYA,,,TAMAN SARI,,17,blank crime type
2026,POLDA METRO JAYA,,,TAMBORA,,9,blank crime type
2026,POLDA METRO JAYA,,,TANAH ABANG,,46,blank crime type
2026,POLDA METRO JAYA,,,TANJUNG PRIOK,,14,blank crime type
2026,POLDA METRO JAYA,,,TEBET,,36,blank crime type
2026,POLDA METRO JAYA,POLRES KEPULAUAN SERIBU,,,Manipulasi data autentik secara elektronik (ITE),1,blank kecamatan
2026,POLDA METRO JAYA,POLRES KEPULAUAN SERIBU,,,Menjual atau mengedarkan obat keras / bebas terbatas tanpa ijin,2,blank kecamatan
2026,POLDA METRO JAYA,POLRES KEPULAUAN SERIBU,,,Narkotika ( Narkoba ),4,blank kecamatan
2026,POLDA METRO JAYA,POLRES KEPULAUAN SERIBU,,,Penipuan / Perbuatan Curang,1,blank kecamatan
2026,POLDA METRO JAYA,POLRES KEPULAUAN SERIBU,,CENGKARENG,,6,blank crime type
2026,POLDA METRO JAYA,POLRES KEPULAUAN SERIBU,,CILANDAK,,1,blank crime type
2026,POLDA METRO JAYA,POLRES KEPULAUAN SERIBU,,CILINCING,,2,blank crime type
2026,POLDA METRO JAYA,POLRES KEPULAUAN SERIBU,,KEMBANGAN,,1,blank crime type
2026,POLDA METRO JAYA,POLRES KEPULAUAN SERIBU,,KEPULAUAN SERIBU SELATAN,,3,blank crime type
2026,POLDA METRO JAYA,POLRES KEPULAUAN SERIBU,,KEPULAUAN SERIBU UTARA,,3,blank crime type
2026,POLDA METRO JAYA,POLRES KEPULAUAN SERIBU,,MENTENG,,3,blank crime type
2026,POLDA METRO JAYA,POLRES KEPULAUAN SERIBU,,PADEMANGAN,,3,blank crime type
2026,POLDA METRO JAYA,POLRES KEPULAUAN SERIBU,,PALMERAH,,1,blank crime type
2026,POLDA METRO JAYA,POLRES KEPULAUAN SERIBU,,PENJARINGAN,,1,blank crime type
2026,POLDA METRO JAYA,POLRES KEPULAUAN SERIBU,,SENEN,,1,blank crime type
2026,POLDA METRO JAYA,POLRES KEPULAUAN SERIBU,,TEBET,,1,blank crime type
2026,POLDA METRO JAYA,POLRES KEPULAUAN SERIBU,POLSEK KEPULAUAN SERIBU SELATAN,,Narkotika ( Narkoba ),6,blank kecamatan
2026,POLDA METRO JAYA,POLRES KEPULAUAN SERIBU,POLSEK KEPULAUAN SERIBU SELATAN,,Pencurian Biasa,1,blank kecamatan
2026,POLDA METRO JAYA,POLRES KEPULAUAN SERIBU,POLSEK KEPULAUAN SERIBU UTARA,,,1,blank kecamatan
2026,POLDA METRO JAYA,POLRES KEPULAUAN SERIBU,POLSEK KEPULAUAN SERIBU UTARA,,Narkotika ( Narkoba ),1,blank kecamatan
2026,POLDA METRO JAYA,POLRES KEPULAUAN SERIBU,POLSEK KEPULAUAN SERIBU UTARA,,Pencurian Biasa,1,blank kecamatan
2026,POLDA METRO JAYA,POLRES KEPULAUAN SERIBU,POLSEK KEPULAUAN SERIBU UTARA,,Pencurian Dengan Pemberatan ( Curat ),1,blank kecamatan
2026,POLDA METRO JAYA,POLRES KEPULAUAN SERIBU,POLSEK KEPULAUAN SERIBU UTARA,,Penganiayaan,1,blank kecamatan
2026,POLDA METRO JAYA,POLRES KEPULAUAN SERIBU,POLSEK KEPULAUAN SERIBU UTARA,,Penipuan / Perbuatan Curang,1,blank kecamatan
2026,POLDA METRO JAYA,POLRES KEPULAUAN SERIBU,POLSEK KEPULAUAN SERIBU UTARA,CILINCING,,1,blank crime type
2026,POLDA METRO JAYA,POLRES METRO BEKASI,,,Narkotika ( Narkoba ),2,blank kecamatan
2026,POLDA METRO JAYA,POLRES METRO BEKASI,,CAKUNG,,1,blank crime type
2026,POLDA METRO JAYA,POLRES METRO BEKASI,,JATINEGARA,,1,blank crime type
2026,POLDA METRO JAYA,POLRES METRO BEKASI KOTA,,,Narkotika ( Narkoba ),4,blank kecamatan
2026,POLDA METRO JAYA,POLRES METRO BEKASI KOTA,,,Pencemaran Nama Baik,1,blank kecamatan
2026,POLDA METRO JAYA,POLRES METRO BEKASI KOTA,,,Penipuan / Perbuatan Curang,1,blank kecamatan
2026,POLDA METRO JAYA,POLRES METRO BEKASI KOTA,,CAKUNG,,4,blank crime type
2026,POLDA METRO JAYA,POLRES METRO BEKASI KOTA,,CIRACAS,,2,blank crime type
2026,POLDA METRO JAYA,POLRES METRO BEKASI KOTA,,JATINEGARA,,1,blank crime type
2026,POLDA METRO JAYA,POLRES METRO BEKASI KOTA,,KEBON JERUK,,1,blank crime type
2026,POLDA METRO JAYA,POLRES METRO BEKASI KOTA,,MATRAMAN,,1,blank crime type
2026,POLDA METRO JAYA,POLRES METRO BEKASI KOTA,,PADEMANGAN,,1,blank crime type
2026,POLDA METRO JAYA,POLRES METRO BEKASI KOTA,POLSEK JATIASIH,MAKASAR,,1,blank crime type
2026,POLDA METRO JAYA,POLRES METRO DEPOK,,,Narkotika ( Narkoba ),3,blank kecamatan
2026,POLDA METRO JAYA,POLRES METRO DEPOK,,CIPAYUNG,,1,blank crime type
2026,POLDA METRO JAYA,POLRES METRO DEPOK,,JAGAKARSA,,1,blank crime type
2026,POLDA METRO JAYA,POLRES METRO DEPOK,,PASAR REBO,,1,blank crime type
2026,POLDA METRO JAYA,POLRES METRO DEPOK,POLSEK BEJI,MAMPANG PRAPATAN,,1,blank crime type
2026,POLDA METRO JAYA,POLRES METRO JAKARTA BARAT,,,Cabul,1,blank kecamatan
2026,POLDA METRO JAYA,POLRES METRO JAKARTA BARAT,,,Curanmor R-2,4,blank kecamatan
2026,POLDA METRO JAYA,POLRES METRO JAKARTA BARAT,,,Kejahatan Tentang Jaminan Fidusia,1,blank kecamatan
2026,POLDA METRO JAYA,POLRES METRO JAKARTA BARAT,,,Kejahatan Tentang Pornografi,1,blank kecamatan
2026,POLDA METRO JAYA,POLRES METRO JAKARTA BARAT,,,Kejahatan Terkait Merek,1,blank kecamatan
2026,POLDA METRO JAYA,POLRES METRO JAKARTA BARAT,,,Kejahatan Terkait Perlindungan Data Pribadi,3,blank kecamatan
2026,POLDA METRO JAYA,POLRES METRO JAKARTA BARAT,,,Kejahatan terkait Tenaga Kesehatan,7,blank kecamatan
2026,POLDA METRO JAYA,POLRES METRO JAKARTA BARAT,,,Kekerasan Dalam Rumah Tangga,10,blank kecamatan
2026,POLDA METRO JAYA,POLRES METRO JAKARTA BARAT,,,Kekerasan Seksual (KDRT),2,blank kecamatan
2026,POLDA METRO JAYA,POLRES METRO JAKARTA BARAT,,,Manipulasi data autentik secara elektronik (ITE),34,blank kecamatan
2026,POLDA METRO JAYA,POLRES METRO JAKARTA BARAT,,,Memasuki Pekarangan Tanpa Ijin,3,blank kecamatan
2026,POLDA METRO JAYA,POLRES METRO JAKARTA BARAT,,,Menjual atau mengedarkan obat keras / bebas terbatas tanpa ijin,6,blank kecamatan
2026,POLDA METRO JAYA,POLRES METRO JAKARTA BARAT,,,Narkotika ( Narkoba ),45,blank kecamatan
2026,POLDA METRO JAYA,POLRES METRO JAKARTA BARAT,,,Pemalsuan Surat Otentik,5,blank kecamatan
2026,POLDA METRO JAYA,POLRES METRO JAKARTA BARAT,,,Pemerasan Dan Pengancaman,2,blank kecamatan
2026,POLDA METRO JAYA,POLRES METRO JAKARTA BARAT,,,Pencemaran Nama Baik,11,blank kecamatan
2026,POLDA METRO JAYA,POLRES METRO JAKARTA BARAT,,,Pencurian Biasa,5,blank kecamatan
2026,POLDA METRO JAYA,POLRES METRO JAKARTA BARAT,,,Pencurian Dengan Kekerasan ( Curas ),5,blank kecamatan
2026,POLDA METRO JAYA,POLRES METRO JAKARTA BARAT,,,Pencurian Dengan Pemberatan ( Curat ),19,blank kecamatan
2026,POLDA METRO JAYA,POLRES METRO JAKARTA BARAT,,,Pencurian dalam lingkungan keluarga,1,blank kecamatan
2026,POLDA METRO JAYA,POLRES METRO JAKARTA BARAT,,,Pengancaman,5,blank kecamatan
2026,POLDA METRO JAYA,POLRES METRO JAKARTA BARAT,,,Penganiayaan,13,blank kecamatan
2026,POLDA METRO JAYA,POLRES METRO JAKARTA BARAT,,,Penganiayaan Berat ( Anirat ),1,blank kecamatan
2026,POLDA METRO JAYA,POLRES METRO JAKARTA BARAT,,,Pengeroyokan,9,blank kecamatan
2026,POLDA METRO JAYA,POLRES METRO JAKARTA BARAT,,,Pengerusakan,3,blank kecamatan
2026,POLDA METRO JAYA,POLRES METRO JAKARTA BARAT,,,Penggelapan,16,blank kecamatan
2026,POLDA METRO JAYA,POLRES METRO JAKARTA BARAT,,,Penghinaan,1,blank kecamatan
2026,POLDA METRO JAYA,POLRES METRO JAKARTA BARAT,,,Penipuan / Perbuatan Curang,77,blank kecamatan
2026,POLDA METRO JAYA,POLRES METRO JAKARTA BARAT,,,Penyekapan,1,blank kecamatan
2026,POLDA METRO JAYA,POLRES METRO JAKARTA BARAT,,,Penyelundupan Senjata api (senpi),1,blank kecamatan
2026,POLDA METRO JAYA,POLRES METRO JAKARTA BARAT,,,Penyerobotan Tanah,1,blank kecamatan
2026,POLDA METRO JAYA,POLRES METRO JAKARTA BARAT,,,Persetubuhan Terhadap Anak / Cabul Terhadap Anak,5,blank kecamatan
2026,POLDA METRO JAYA,POLRES METRO JAKARTA BARAT,,,Perzinahan,2,blank kecamatan
2026,POLDA METRO JAYA,POLRES METRO JAKARTA BARAT,,,Psikotropika ( Narkoba ),1,blank kecamatan
2026,POLDA METRO JAYA,POLRES METRO JAKARTA BARAT,,,Sumpah Palsu Dan Keterangan Palsu,1,blank kecamatan
2026,POLDA METRO JAYA,POLRES METRO JAKARTA BARAT,,,Tindak Pidana Dalam Perlindungan Anak,12,blank kecamatan
2026,POLDA METRO JAYA,POLRES METRO JAKARTA BARAT,,,Tindak Pidana Transfer Dana,1,blank kecamatan
2026,POLDA METRO JAYA,POLRES METRO JAKARTA BARAT,,CENGKARENG,,71,blank crime type
2026,POLDA METRO JAYA,POLRES METRO JAKARTA BARAT,,CILANDAK,,3,blank crime type
2026,POLDA METRO JAYA,POLRES METRO JAKARTA BARAT,,DUREN SAWIT,,2,blank crime type
2026,POLDA METRO JAYA,POLRES METRO JAKARTA BARAT,,GAMBIR,,3,blank crime type
2026,POLDA METRO JAYA,POLRES METRO JAKARTA BARAT,,GROGOL PETAMBURAN,,73,blank crime type
2026,POLDA METRO JAYA,POLRES METRO JAKARTA BARAT,,JAGAKARSA,,1,blank crime type
2026,POLDA METRO JAYA,POLRES METRO JAKARTA BARAT,,JATINEGARA,,3,blank crime type
2026,POLDA METRO JAYA,POLRES METRO JAKARTA BARAT,,KALI DERES,,40,blank crime type
2026,POLDA METRO JAYA,POLRES METRO JAKARTA BARAT,,KEBAYORAN LAMA,,6,blank crime type
2026,POLDA METRO JAYA,POLRES METRO JAKARTA BARAT,,KEBON JERUK,,60,blank crime type
2026,POLDA METRO JAYA,POLRES METRO JAKARTA BARAT,,KEMAYORAN,,1,blank crime type
2026,POLDA METRO JAYA,POLRES METRO JAKARTA BARAT,,KEMBANGAN,,49,blank crime type
2026,POLDA METRO JAYA,POLRES METRO JAKARTA BARAT,,MAMPANG PRAPATAN,,4,blank crime type
2026,POLDA METRO JAYA,POLRES METRO JAKARTA BARAT,,MENTENG,,2,blank crime type
2026,POLDA METRO JAYA,POLRES METRO JAKARTA BARAT,,PADEMANGAN,,3,blank crime type
2026,POLDA METRO JAYA,POLRES METRO JAKARTA BARAT,,PALMERAH,,41,blank crime type
2026,POLDA METRO JAYA,POLRES METRO JAKARTA BARAT,,PANCORAN,,6,blank crime type
2026,POLDA METRO JAYA,POLRES METRO JAKARTA BARAT,,PENJARINGAN,,2,blank crime type
2026,POLDA METRO JAYA,POLRES METRO JAKARTA BARAT,,PESANGGRAHAN,,1,blank crime type
2026,POLDA METRO JAYA,POLRES METRO JAKARTA BARAT,,SAWAH BESAR,,2,blank crime type
2026,POLDA METRO JAYA,POLRES METRO JAKARTA BARAT,,SETIA BUDI,,5,blank crime type
2026,POLDA METRO JAYA,POLRES METRO JAKARTA BARAT,,TAMAN SARI,,20,blank crime type
2026,POLDA METRO JAYA,POLRES METRO JAKARTA BARAT,,TAMBORA,,19,blank crime type
2026,POLDA METRO JAYA,POLRES METRO JAKARTA BARAT,,TANAH ABANG,,5,blank crime type
2026,POLDA METRO JAYA,POLRES METRO JAKARTA BARAT,,TANJUNG PRIOK,,1,blank crime type
2026,POLDA METRO JAYA,POLRES METRO JAKARTA BARAT,,TEBET,,1,blank crime type
2026,POLDA METRO JAYA,POLRES METRO JAKARTA BARAT,POLSEK CENGKARENG,,Kejahatan Terkait Senjata Tajam ( Sajam ) ( Premanisme ),1,blank kecamatan
2026,POLDA METRO JAYA,POLRES METRO JAKARTA BARAT,POLSEK CENGKARENG,,Pemerasan Dan Pengancaman,1,blank kecamatan
2026,POLDA METRO JAYA,POLRES METRO JAKARTA BARAT,POLSEK CENGKARENG,,Pencurian Biasa,6,blank kecamatan
2026,POLDA METRO JAYA,POLRES METRO JAKARTA BARAT,POLSEK CENGKARENG,,Pencurian Dengan Kekerasan ( Curas ),1,blank kecamatan
2026,POLDA METRO JAYA,POLRES METRO JAKARTA BARAT,POLSEK CENGKARENG,,Pencurian Dengan Pemberatan ( Curat ),25,blank kecamatan
2026,POLDA METRO JAYA,POLRES METRO JAKARTA BARAT,POLSEK CENGKARENG,,Pengeroyokan,1,blank kecamatan
2026,POLDA METRO JAYA,POLRES METRO JAKARTA BARAT,POLSEK CENGKARENG,,Penggelapan,4,blank kecamatan
2026,POLDA METRO JAYA,POLRES METRO JAKARTA BARAT,POLSEK CENGKARENG,,Penipuan / Perbuatan Curang,25,blank kecamatan
2026,POLDA METRO JAYA,POLRES METRO JAKARTA BARAT,POLSEK CENGKARENG,,Percobaan Pencurian,1,blank kecamatan
2026,POLDA METRO JAYA,POLRES METRO JAKARTA BARAT,POLSEK CENGKARENG,,Terhadap ketertiban umum,6,blank kecamatan
2026,POLDA METRO JAYA,POLRES METRO JAKARTA BARAT,POLSEK CENGKARENG,CENGKARENG,,127,blank crime type
2026,POLDA METRO JAYA,POLRES METRO JAKARTA BARAT,POLSEK CENGKARENG,KALI DERES,,1,blank crime type
2026,POLDA METRO JAYA,POLRES METRO JAKARTA BARAT,POLSEK KALIDERES,,,1,blank kecamatan
2026,POLDA METRO JAYA,POLRES METRO JAKARTA BARAT,POLSEK KALIDERES,,Kekerasan Dalam Rumah Tangga,2,blank kecamatan
2026,POLDA METRO JAYA,POLRES METRO JAKARTA BARAT,POLSEK KALIDERES,,Manipulasi data autentik secara elektronik (ITE),3,blank kecamatan
2026,POLDA METRO JAYA,POLRES METRO JAKARTA BARAT,POLSEK KALIDERES,,Narkotika ( Narkoba ),2,blank kecamatan
2026,POLDA METRO JAYA,POLRES METRO JAKARTA BARAT,POLSEK KALIDERES,,Pemerasan Dan Pengancaman,1,blank kecamatan
2026,POLDA METRO JAYA,POLRES METRO JAKARTA BARAT,POLSEK KALIDERES,,Pencemaran Nama Baik,1,blank kecamatan
2026,POLDA METRO JAYA,POLRES METRO JAKARTA BARAT,POLSEK KALIDERES,,Pencurian Biasa,2,blank kecamatan
2026,POLDA METRO JAYA,POLRES METRO JAKARTA BARAT,POLSEK KALIDERES,,Pencurian Dengan Pemberatan ( Curat ),10,blank kecamatan
2026,POLDA METRO JAYA,POLRES METRO JAKARTA BARAT,POLSEK KALIDERES,,Pengancaman,2,blank kecamatan
2026,POLDA METRO JAYA,POLRES METRO JAKARTA BARAT,POLSEK KALIDERES,,Penganiayaan,4,blank kecamatan
2026,POLDA METRO JAYA,POLRES METRO JAKARTA BARAT,POLSEK KALIDERES,,Pengeroyokan,2,blank kecamatan
2026,POLDA METRO JAYA,POLRES METRO JAKARTA BARAT,POLSEK KALIDERES,,Penggelapan,6,blank kecamatan
2026,POLDA METRO JAYA,POLRES METRO JAKARTA BARAT,POLSEK KALIDERES,,Penipuan / Perbuatan Curang,16,blank kecamatan
2026,POLDA METRO JAYA,POLRES METRO JAKARTA BARAT,POLSEK KALIDERES,,Perbuatan Yang Tidak Menyenangkan,1,blank kecamatan
2026,POLDA METRO JAYA,POLRES METRO JAKARTA BARAT,POLSEK KALIDERES,,Psikotropika ( Narkoba ),3,blank kecamatan
2026,POLDA METRO JAYA,POLRES METRO JAKARTA BARAT,POLSEK KALIDERES,CENGKARENG,,2,blank crime type
2026,POLDA METRO JAYA,POLRES METRO JAKARTA BARAT,POLSEK KALIDERES,GROGOL PETAMBURAN,,1,blank crime type
2026,POLDA METRO JAYA,POLRES METRO JAKARTA BARAT,POLSEK KALIDERES,KALI DERES,,124,blank crime type
2026,POLDA METRO JAYA,POLRES METRO JAKARTA BARAT,POLSEK KALIDERES,KEBON JERUK,,1,blank crime type
2026,POLDA METRO JAYA,POLRES METRO JAKARTA BARAT,POLSEK KALIDERES,KEMBANGAN,,2,blank crime type
2026,POLDA METRO JAYA,POLRES METRO JAKARTA BARAT,POLSEK KALIDERES,PALMERAH,,1,blank crime type
2026,POLDA METRO JAYA,POLRES METRO JAKARTA BARAT,POLSEK KALIDERES,PENJARINGAN,,1,blank crime type
2026,POLDA METRO JAYA,POLRES METRO JAKARTA BARAT,POLSEK KEBON JERUK,,Kejahatan Terkait Merek,5,blank kecamatan
2026,POLDA METRO JAYA,POLRES METRO JAKARTA BARAT,POLSEK KEBON JERUK,,Kejahatan terkait Tenaga Kesehatan,1,blank kecamatan
2026,POLDA METRO JAYA,POLRES METRO JAKARTA BARAT,POLSEK KEBON JERUK,,Kekerasan Seksual (KDRT),1,blank kecamatan
2026,POLDA METRO JAYA,POLRES METRO JAKARTA BARAT,POLSEK KEBON JERUK,,Manipulasi data autentik secara elektronik (ITE),2,blank kecamatan
2026,POLDA METRO JAYA,POLRES METRO JAKARTA BARAT,POLSEK KEBON JERUK,,Pencurian Biasa,4,blank kecamatan
2026,POLDA METRO JAYA,POLRES METRO JAKARTA BARAT,POLSEK KEBON JERUK,,Pencurian Dengan Pemberatan ( Curat ),14,blank kecamatan
2026,POLDA METRO JAYA,POLRES METRO JAKARTA BARAT,POLSEK KEBON JERUK,,Penganiayaan,4,blank kecamatan
2026,POLDA METRO JAYA,POLRES METRO JAKARTA BARAT,POLSEK KEBON JERUK,,Penggelapan,4,blank kecamatan
2026,POLDA METRO JAYA,POLRES METRO JAKARTA BARAT,POLSEK KEBON JERUK,,Penipuan / Perbuatan Curang,29,blank kecamatan
2026,POLDA METRO JAYA,POLRES METRO JAKARTA BARAT,POLSEK KEBON JERUK,,Tindak Pidana Dalam Perlindungan Anak,1,blank kecamatan
2026,POLDA METRO JAYA,POLRES METRO JAKARTA BARAT,POLSEK KEBON JERUK,CENGKARENG,,3,blank crime type
2026,POLDA METRO JAYA,POLRES METRO JAKARTA BARAT,POLSEK KEBON JERUK,GROGOL PETAMBURAN,,1,blank crime type
2026,POLDA METRO JAYA,POLRES METRO JAKARTA BARAT,POLSEK KEBON JERUK,JAGAKARSA,,1,blank crime type
2026,POLDA METRO JAYA,POLRES METRO JAKARTA BARAT,POLSEK KEBON JERUK,KEBON JERUK,,148,blank crime type
2026,POLDA METRO JAYA,POLRES METRO JAKARTA BARAT,POLSEK KEBON JERUK,TANAH ABANG,,1,blank crime type
2026,POLDA METRO JAYA,POLRES METRO JAKARTA BARAT,POLSEK KEMBANGAN,,Kekerasan Dalam Rumah Tangga,1,blank kecamatan
2026,POLDA METRO JAYA,POLRES METRO JAKARTA BARAT,POLSEK KEMBANGAN,,Pencemaran Nama Baik,1,blank kecamatan
2026,POLDA METRO JAYA,POLRES METRO JAKARTA BARAT,POLSEK KEMBANGAN,,Pencurian Biasa,4,blank kecamatan
2026,POLDA METRO JAYA,POLRES METRO JAKARTA BARAT,POLSEK KEMBANGAN,,Pencurian Dengan Pemberatan ( Curat ),6,blank kecamatan
2026,POLDA METRO JAYA,POLRES METRO JAKARTA BARAT,POLSEK KEMBANGAN,,Pengancaman,1,blank kecamatan
2026,POLDA METRO JAYA,POLRES METRO JAKARTA BARAT,POLSEK KEMBANGAN,,Penganiayaan,1,blank kecamatan
2026,POLDA METRO JAYA,POLRES METRO JAKARTA BARAT,POLSEK KEMBANGAN,,Penganiayaan Berat ( Anirat ),1,blank kecamatan
2026,POLDA METRO JAYA,POLRES METRO JAKARTA BARAT,POLSEK KEMBANGAN,,Pengeroyokan,1,blank kecamatan
2026,POLDA METRO JAYA,POLRES METRO JAKARTA BARAT,POLSEK KEMBANGAN,,Penggelapan,4,blank kecamatan
2026,POLDA METRO JAYA,POLRES METRO JAKARTA BARAT,POLSEK KEMBANGAN,,Penipuan / Perbuatan Curang,5,blank kecamatan
2026,POLDA METRO JAYA,POLRES METRO JAKARTA BARAT,POLSEK KEMBANGAN,CENGKARENG,,1,blank crime type
2026,POLDA METRO JAYA,POLRES METRO JAKARTA BARAT,POLSEK KEMBANGAN,GROGOL PETAMBURAN,,2,blank crime type
2026,POLDA METRO JAYA,POLRES METRO JAKARTA BARAT,POLSEK KEMBANGAN,KEMAYORAN,,1,blank crime type
2026,POLDA METRO JAYA,POLRES METRO JAKARTA BARAT,POLSEK KEMBANGAN,KEMBANGAN,,87,blank crime type
2026,POLDA METRO JAYA,POLRES METRO JAKARTA BARAT,POLSEK KEMBANGAN,TANJUNG PRIOK,,1,blank crime type
2026,POLDA METRO JAYA,POLRES METRO JAKARTA BARAT,POLSEK METRO TAMANSARI,,,1,blank kecamatan
2026,POLDA METRO JAYA,POLRES METRO JAKARTA BARAT,POLSEK METRO TAMANSARI,,Kejahatan Terkait Senjata Tajam ( Sajam ) ( Premanisme ),1,blank kecamatan
2026,POLDA METRO JAYA,POLRES METRO JAKARTA BARAT,POLSEK METRO TAMANSARI,,Menjual atau mengedarkan obat keras / bebas terbatas tanpa ijin,4,blank kecamatan
2026,POLDA METRO JAYA,POLRES METRO JAKARTA BARAT,POLSEK METRO TAMANSARI,,Narkotika ( Narkoba ),6,blank kecamatan
2026,POLDA METRO JAYA,POLRES METRO JAKARTA BARAT,POLSEK METRO TAMANSARI,,Pencurian Biasa,4,blank kecamatan
2026,POLDA METRO JAYA,POLRES METRO JAKARTA BARAT,POLSEK METRO TAMANSARI,,Pencurian Dengan Pemberatan ( Curat ),8,blank kecamatan
2026,POLDA METRO JAYA,POLRES METRO JAKARTA BARAT,POLSEK METRO TAMANSARI,,Pencurian dalam lingkungan keluarga,1,blank kecamatan
2026,POLDA METRO JAYA,POLRES METRO JAKARTA BARAT,POLSEK METRO TAMANSARI,,Penganiayaan,2,blank kecamatan
2026,POLDA METRO JAYA,POLRES METRO JAKARTA BARAT,POLSEK METRO TAMANSARI,,Penganiayaan Berat ( Anirat ),2,blank kecamatan
2026,POLDA METRO JAYA,POLRES METRO JAKARTA BARAT,POLSEK METRO TAMANSARI,,Pengeroyokan,2,blank kecamatan
2026,POLDA METRO JAYA,POLRES METRO JAKARTA BARAT,POLSEK METRO TAMANSARI,,Penggelapan,5,blank kecamatan
2026,POLDA METRO JAYA,POLRES METRO JAKARTA BARAT,POLSEK METRO TAMANSARI,,Penipuan / Perbuatan Curang,5,blank kecamatan
2026,POLDA METRO JAYA,POLRES METRO JAKARTA BARAT,POLSEK METRO TAMANSARI,,Perbuatan Yang Tidak Menyenangkan,1,blank kecamatan
2026,POLDA METRO JAYA,POLRES METRO JAKARTA BARAT,POLSEK METRO TAMANSARI,,Percobaan Pencurian,1,blank kecamatan
2026,POLDA METRO JAYA,POLRES METRO JAKARTA BARAT,POLSEK METRO TAMANSARI,,Perkosaan,1,blank kecamatan
2026,POLDA METRO JAYA,POLRES METRO JAKARTA BARAT,POLSEK METRO TAMANSARI,,Terhadap ketertiban umum,1,blank kecamatan
2026,POLDA METRO JAYA,POLRES METRO JAKARTA BARAT,POLSEK METRO TAMANSARI,SAWAH BESAR,,1,blank crime type
2026,POLDA METRO JAYA,POLRES METRO JAKARTA BARAT,POLSEK METRO TAMANSARI,TAMAN SARI,,82,blank crime type
2026,POLDA METRO JAYA,POLRES METRO JAKARTA BARAT,POLSEK PALMERAH,,Kejahatan Tentang Jaminan Fidusia,1,blank kecamatan
2026,POLDA METRO JAYA,POLRES METRO JAKARTA BARAT,POLSEK PALMERAH,,Manipulasi data autentik secara elektronik (ITE),1,blank kecamatan
2026,POLDA METRO JAYA,POLRES METRO JAKARTA BARAT,POLSEK PALMERAH,,Menjual atau mengedarkan obat keras / bebas terbatas tanpa ijin,2,blank kecamatan
2026,POLDA METRO JAYA,POLRES METRO JAKARTA BARAT,POLSEK PALMERAH,,Pencurian Biasa,2,blank kecamatan
2026,POLDA METRO JAYA,POLRES METRO JAKARTA BARAT,POLSEK PALMERAH,,Pencurian Dengan Pemberatan ( Curat ),7,blank kecamatan
2026,POLDA METRO JAYA,POLRES METRO JAKARTA BARAT,POLSEK PALMERAH,,Pengancaman,1,blank kecamatan
2026,POLDA METRO JAYA,POLRES METRO JAKARTA BARAT,POLSEK PALMERAH,,Penganiayaan,4,blank kecamatan
2026,POLDA METRO JAYA,POLRES METRO JAKARTA BARAT,POLSEK PALMERAH,,Penganiayaan Berat ( Anirat ),1,blank kecamatan
2026,POLDA METRO JAYA,POLRES METRO JAKARTA BARAT,POLSEK PALMERAH,,Penggelapan,1,blank kecamatan
2026,POLDA METRO JAYA,POLRES METRO JAKARTA BARAT,POLSEK PALMERAH,,Penipuan / Perbuatan Curang,9,blank kecamatan
2026,POLDA METRO JAYA,POLRES METRO JAKARTA BARAT,POLSEK PALMERAH,GROGOL PETAMBURAN,,2,blank crime type
2026,POLDA METRO JAYA,POLRES METRO JAKARTA BARAT,POLSEK PALMERAH,KEBON JERUK,,1,blank crime type
2026,POLDA METRO JAYA,POLRES METRO JAKARTA BARAT,POLSEK PALMERAH,KELAPA GADING,,1,blank crime type
2026,POLDA METRO JAYA,POLRES METRO JAKARTA BARAT,POLSEK PALMERAH,PALMERAH,,72,blank crime type
2026,POLDA METRO JAYA,POLRES METRO JAKARTA BARAT,POLSEK TAMBORA,,Kejahatan Terhadap Jiwa Orang / Pembunuhan,1,blank kecamatan
2026,POLDA METRO JAYA,POLRES METRO JAKARTA BARAT,POLSEK TAMBORA,,Kejahatan Terkait Merek,2,blank kecamatan
2026,POLDA METRO JAYA,POLRES METRO JAKARTA BARAT,POLSEK TAMBORA,,Kejahatan Terkait Senjata Tajam ( Sajam ) ( Premanisme ),1,blank kecamatan
2026,POLDA METRO JAYA,POLRES METRO JAKARTA BARAT,POLSEK TAMBORA,,Kejahatan terkait Tenaga Kesehatan,1,blank kecamatan
2026,POLDA METRO JAYA,POLRES METRO JAKARTA BARAT,POLSEK TAMBORA,,Menjual atau mengedarkan obat keras / bebas terbatas tanpa ijin,1,blank kecamatan
2026,POLDA METRO JAYA,POLRES METRO JAKARTA BARAT,POLSEK TAMBORA,,Narkotika ( Narkoba ),2,blank kecamatan
2026,POLDA METRO JAYA,POLRES METRO JAKARTA BARAT,POLSEK TAMBORA,,Pencemaran Nama Baik,1,blank kecamatan
2026,POLDA METRO JAYA,POLRES METRO JAKARTA BARAT,POLSEK TAMBORA,,Pencurian Biasa,7,blank kecamatan
2026,POLDA METRO JAYA,POLRES METRO JAKARTA BARAT,POLSEK TAMBORA,,Pencurian Dengan Kekerasan ( Curas ),4,blank kecamatan
2026,POLDA METRO JAYA,POLRES METRO JAKARTA BARAT,POLSEK TAMBORA,,Pencurian Dengan Pemberatan ( Curat ),15,blank kecamatan
2026,POLDA METRO JAYA,POLRES METRO JAKARTA BARAT,POLSEK TAMBORA,,Pengancaman,1,blank kecamatan
2026,POLDA METRO JAYA,POLRES METRO JAKARTA BARAT,POLSEK TAMBORA,,Penganiayaan,2,blank kecamatan
2026,POLDA METRO JAYA,POLRES METRO JAKARTA BARAT,POLSEK TAMBORA,,Penggelapan,1,blank kecamatan
2026,POLDA METRO JAYA,POLRES METRO JAKARTA BARAT,POLSEK TAMBORA,,Penipuan / Perbuatan Curang,13,blank kecamatan
2026,POLDA METRO JAYA,POLRES METRO JAKARTA BARAT,POLSEK TAMBORA,,Percobaan Pencurian,1,blank kecamatan
2026,POLDA METRO JAYA,POLRES METRO JAKARTA BARAT,POLSEK TAMBORA,PENJARINGAN,,1,blank crime type
2026,POLDA METRO JAYA,POLRES METRO JAKARTA BARAT,POLSEK TAMBORA,TAMBORA,,51,blank crime type
2026,POLDA METRO JAYA,POLRES METRO JAKARTA BARAT,POLSEK TANJUNG DUREN,,Curanmor R-2,1,blank kecamatan
2026,POLDA METRO JAYA,POLRES METRO JAKARTA BARAT,POLSEK TANJUNG DUREN,,Manipulasi data autentik secara elektronik (ITE),4,blank kecamatan
2026,POLDA METRO JAYA,POLRES METRO JAKARTA BARAT,POLSEK TANJUNG DUREN,,Narkotika ( Narkoba ),1,blank kecamatan
2026,POLDA METRO JAYA,POLRES METRO JAKARTA BARAT,POLSEK TANJUNG DUREN,,Pencemaran Nama Baik,1,blank kecamatan
2026,POLDA METRO JAYA,POLRES METRO JAKARTA BARAT,POLSEK TANJUNG DUREN,,Pencurian Biasa,5,blank kecamatan
2026,POLDA METRO JAYA,POLRES METRO JAKARTA BARAT,POLSEK TANJUNG DUREN,,Pencurian Dengan Kekerasan ( Curas ),3,blank kecamatan
2026,POLDA METRO JAYA,POLRES METRO JAKARTA BARAT,POLSEK TANJUNG DUREN,,Pencurian Dengan Pemberatan ( Curat ),23,blank kecamatan
2026,POLDA METRO JAYA,POLRES METRO JAKARTA BARAT,POLSEK TANJUNG DUREN,,Penganiayaan,2,blank kecamatan
2026,POLDA METRO JAYA,POLRES METRO JAKARTA BARAT,POLSEK TANJUNG DUREN,,Pengeroyokan,1,blank kecamatan
2026,POLDA METRO JAYA,POLRES METRO JAKARTA BARAT,POLSEK TANJUNG DUREN,,Penggelapan,2,blank kecamatan
2026,POLDA METRO JAYA,POLRES METRO JAKARTA BARAT,POLSEK TANJUNG DUREN,,Penipuan / Perbuatan Curang,16,blank kecamatan
2026,POLDA METRO JAYA,POLRES METRO JAKARTA BARAT,POLSEK TANJUNG DUREN,CENGKARENG,,2,blank crime type
2026,POLDA METRO JAYA,POLRES METRO JAKARTA BARAT,POLSEK TANJUNG DUREN,GROGOL PETAMBURAN,,98,blank crime type
2026,POLDA METRO JAYA,POLRES METRO JAKARTA BARAT,POLSEK TANJUNG DUREN,KALI DERES,,1,blank crime type
2026,POLDA METRO JAYA,POLRES METRO JAKARTA BARAT,POLSEK TANJUNG DUREN,KEBON JERUK,,1,blank crime type
2026,POLDA METRO JAYA,POLRES METRO JAKARTA PUSAT,,,,2,blank kecamatan
2026,POLDA METRO JAYA,POLRES METRO JAKARTA PUSAT,,,Cabul,3,blank kecamatan
2026,POLDA METRO JAYA,POLRES METRO JAKARTA PUSAT,,,Curanmor R-2,6,blank kecamatan
2026,POLDA METRO JAYA,POLRES METRO JAKARTA PUSAT,,,Kejahatan Tentang Jaminan Fidusia,16,blank kecamatan
2026,POLDA METRO JAYA,POLRES METRO JAKARTA PUSAT,,,Kejahatan Tentang Pornografi,2,blank kecamatan
2026,POLDA METRO JAYA,POLRES METRO JAKARTA PUSAT,,,Kejahatan Tentang Tenaga Kerja,1,blank kecamatan
2026,POLDA METRO JAYA,POLRES METRO JAKARTA PUSAT,,,Kejahatan Terhadap Jiwa Orang / Pembunuhan,1,blank kecamatan
2026,POLDA METRO JAYA,POLRES METRO JAKARTA PUSAT,,,Kejahatan Terkait Merek,6,blank kecamatan
2026,POLDA METRO JAYA,POLRES METRO JAKARTA PUSAT,,,Kejahatan Terkait Perlindungan Data Pribadi,4,blank kecamatan
2026,POLDA METRO JAYA,POLRES METRO JAKARTA PUSAT,,,Kejahatan terkait Tenaga Kesehatan,2,blank kecamatan
2026,POLDA METRO JAYA,POLRES METRO JAKARTA PUSAT,,,Kekerasan Dalam Rumah Tangga,13,blank kecamatan
2026,POLDA METRO JAYA,POLRES METRO JAKARTA PUSAT,,,Kekerasan Seksual (KDRT),1,blank kecamatan
2026,POLDA METRO JAYA,POLRES METRO JAKARTA PUSAT,,,Manipulasi data autentik secara elektronik (ITE),68,blank kecamatan
2026,POLDA METRO JAYA,POLRES METRO JAKARTA PUSAT,,,Memasuki Pekarangan Tanpa Ijin,1,blank kecamatan
2026,POLDA METRO JAYA,POLRES METRO JAKARTA PUSAT,,,Menempatkan anaknya untuk ditemukan atau meninggalkannya dengan maksud untuk melepaskan diri dari padanya,1,blank kecamatan
2026,POLDA METRO JAYA,POLRES METRO JAKARTA PUSAT,,,Mengakibatkan Orang Mati,1,blank kecamatan
2026,POLDA METRO JAYA,POLRES METRO JAKARTA PUSAT,,,Narkotika ( Narkoba ),154,blank kecamatan
2026,POLDA METRO JAYA,POLRES METRO JAKARTA PUSAT,,,Pemalsuan Surat Otentik,8,blank kecamatan
2026,POLDA METRO JAYA,POLRES METRO JAKARTA PUSAT,,,Pemerasan Dan Pengancaman,4,blank kecamatan
2026,POLDA METRO JAYA,POLRES METRO JAKARTA PUSAT,,,Pencemaran Nama Baik,5,blank kecamatan
2026,POLDA METRO JAYA,POLRES METRO JAKARTA PUSAT,,,Pencurian Biasa,24,blank kecamatan
2026,POLDA METRO JAYA,POLRES METRO JAKARTA PUSAT,,,Pencurian Dengan Kekerasan ( Curas ),1,blank kecamatan
2026,POLDA METRO JAYA,POLRES METRO JAKARTA PUSAT,,,Pencurian Dengan Pemberatan ( Curat ),30,blank kecamatan
2026,POLDA METRO JAYA,POLRES METRO JAKARTA PUSAT,,,Pengancaman,7,blank kecamatan
2026,POLDA METRO JAYA,POLRES METRO JAKARTA PUSAT,,,Penganiayaan,19,blank kecamatan
2026,POLDA METRO JAYA,POLRES METRO JAKARTA PUSAT,,,Penganiayaan Berat ( Anirat ),2,blank kecamatan
2026,POLDA METRO JAYA,POLRES METRO JAKARTA PUSAT,,,Pengeroyokan,5,blank kecamatan
2026,POLDA METRO JAYA,POLRES METRO JAKARTA PUSAT,,,Pengerusakan,4,blank kecamatan
2026,POLDA METRO JAYA,POLRES METRO JAKARTA PUSAT,,,Penggelapan,22,blank kecamatan
2026,POLDA METRO JAYA,POLRES METRO JAKARTA PUSAT,,,Penipuan / Perbuatan Curang,79,blank kecamatan
2026,POLDA METRO JAYA,POLRES METRO JAKARTA PUSAT,,,Penyerobotan Tanah,2,blank kecamatan
2026,POLDA METRO JAYA,POLRES METRO JAKARTA PUSAT,,,Perbuatan Yang Tidak Menyenangkan,2,blank kecamatan
2026,POLDA METRO JAYA,POLRES METRO JAKARTA PUSAT,,,Perkosaan,1,blank kecamatan
2026,POLDA METRO JAYA,POLRES METRO JAKARTA PUSAT,,,Perlindungan Konsumen,1,blank kecamatan
2026,POLDA METRO JAYA,POLRES METRO JAKARTA PUSAT,,,Persetubuhan Terhadap Anak / Cabul Terhadap Anak,1,blank kecamatan
2026,POLDA METRO JAYA,POLRES METRO JAKARTA PUSAT,,,Perzinahan,6,blank kecamatan
2026,POLDA METRO JAYA,POLRES METRO JAKARTA PUSAT,,,Sumpah Palsu Dan Keterangan Palsu,2,blank kecamatan
2026,POLDA METRO JAYA,POLRES METRO JAKARTA PUSAT,,,Tindak Pidana Dalam Perlindungan Anak,9,blank kecamatan
2026,POLDA METRO JAYA,POLRES METRO JAKARTA PUSAT,,CAKUNG,,6,blank crime type
2026,POLDA METRO JAYA,POLRES METRO JAKARTA PUSAT,,CEMPAKA PUTIH,,41,blank crime type
2026,POLDA METRO JAYA,POLRES METRO JAKARTA PUSAT,,CENGKARENG,,7,blank crime type
2026,POLDA METRO JAYA,POLRES METRO JAKARTA PUSAT,,CILANDAK,,1,blank crime type
2026,POLDA METRO JAYA,POLRES METRO JAKARTA PUSAT,,CIPAYUNG,,3,blank crime type
2026,POLDA METRO JAYA,POLRES METRO JAKARTA PUSAT,,DUREN SAWIT,,2,blank crime type
2026,POLDA METRO JAYA,POLRES METRO JAKARTA PUSAT,,GAMBIR,,57,blank crime type
2026,POLDA METRO JAYA,POLRES METRO JAKARTA PUSAT,,GROGOL PETAMBURAN,,6,blank crime type
2026,POLDA METRO JAYA,POLRES METRO JAKARTA PUSAT,,JATINEGARA,,4,blank crime type
2026,POLDA METRO JAYA,POLRES METRO JAKARTA PUSAT,,JOHAR BARU,,33,blank crime type
2026,POLDA METRO JAYA,POLRES METRO JAKARTA PUSAT,,KALI DERES,,1,blank crime type
2026,POLDA METRO JAYA,POLRES METRO JAKARTA PUSAT,,KEBAYORAN BARU,,3,blank crime type
2026,POLDA METRO JAYA,POLRES METRO JAKARTA PUSAT,,KEBAYORAN LAMA,,5,blank crime type
2026,POLDA METRO JAYA,POLRES METRO JAKARTA PUSAT,,KEBON JERUK,,7,blank crime type
2026,POLDA METRO JAYA,POLRES METRO JAKARTA PUSAT,,KELAPA GADING,,5,blank crime type
2026,POLDA METRO JAYA,POLRES METRO JAKARTA PUSAT,,KEMAYORAN,,128,blank crime type
2026,POLDA METRO JAYA,POLRES METRO JAKARTA PUSAT,,KEMBANGAN,,1,blank crime type
2026,POLDA METRO JAYA,POLRES METRO JAKARTA PUSAT,,KOJA,,1,blank crime type
2026,POLDA METRO JAYA,POLRES METRO JAKARTA PUSAT,,KRAMAT JATI,,1,blank crime type
2026,POLDA METRO JAYA,POLRES METRO JAKARTA PUSAT,,MAMPANG PRAPATAN,,1,blank crime type
2026,POLDA METRO JAYA,POLRES METRO JAKARTA PUSAT,,MENTENG,,60,blank crime type
2026,POLDA METRO JAYA,POLRES METRO JAKARTA PUSAT,,PADEMANGAN,,8,blank crime type
2026,POLDA METRO JAYA,POLRES METRO JAKARTA PUSAT,,PALMERAH,,2,blank crime type
2026,POLDA METRO JAYA,POLRES METRO JAKARTA PUSAT,,PANCORAN,,3,blank crime type
2026,POLDA METRO JAYA,POLRES METRO JAKARTA PUSAT,,PASAR MINGGU,,1,blank crime type
2026,POLDA METRO JAYA,POLRES METRO JAKARTA PUSAT,,PASAR REBO,,2,blank crime type
2026,POLDA METRO JAYA,POLRES METRO JAKARTA PUSAT,,PENJARINGAN,,2,blank crime type
2026,POLDA METRO JAYA,POLRES METRO JAKARTA PUSAT,,PESANGGRAHAN,,1,blank crime type
2026,POLDA METRO JAYA,POLRES METRO JAKARTA PUSAT,,PULO GADUNG,,3,blank crime type
2026,POLDA METRO JAYA,POLRES METRO JAKARTA PUSAT,,SAWAH BESAR,,83,blank crime type
2026,POLDA METRO JAYA,POLRES METRO JAKARTA PUSAT,,SENEN,,52,blank crime type
2026,POLDA METRO JAYA,POLRES METRO JAKARTA PUSAT,,SETIA BUDI,,1,blank crime type
2026,POLDA METRO JAYA,POLRES METRO JAKARTA PUSAT,,TAMAN SARI,,16,blank crime type
2026,POLDA METRO JAYA,POLRES METRO JAKARTA PUSAT,,TAMBORA,,5,blank crime type
2026,POLDA METRO JAYA,POLRES METRO JAKARTA PUSAT,,TANAH ABANG,,83,blank crime type
2026,POLDA METRO JAYA,POLRES METRO JAKARTA PUSAT,,TANJUNG PRIOK,,6,blank crime type
2026,POLDA METRO JAYA,POLRES METRO JAKARTA PUSAT,,TEBET,,2,blank crime type
2026,POLDA METRO JAYA,POLRES METRO JAKARTA PUSAT,POLSEK CEMPAKA PUTIH,,Narkotika ( Narkoba ),6,blank kecamatan
2026,POLDA METRO JAYA,POLRES METRO JAKARTA PUSAT,POLSEK CEMPAKA PUTIH,,Pencurian Biasa,2,blank kecamatan
2026,POLDA METRO JAYA,POLRES METRO JAKARTA PUSAT,POLSEK CEMPAKA PUTIH,,Pencurian Dengan Pemberatan ( Curat ),9,blank kecamatan
2026,POLDA METRO JAYA,POLRES METRO JAKARTA PUSAT,POLSEK CEMPAKA PUTIH,,Pengeroyokan,1,blank kecamatan
2026,POLDA METRO JAYA,POLRES METRO JAKARTA PUSAT,POLSEK CEMPAKA PUTIH,,Penggelapan,2,blank kecamatan
2026,POLDA METRO JAYA,POLRES METRO JAKARTA PUSAT,POLSEK CEMPAKA PUTIH,,Penipuan / Perbuatan Curang,6,blank kecamatan
2026,POLDA METRO JAYA,POLRES METRO JAKARTA PUSAT,POLSEK CEMPAKA PUTIH,,Terhadap ketertiban umum,1,blank kecamatan
2026,POLDA METRO JAYA,POLRES METRO JAKARTA PUSAT,POLSEK CEMPAKA PUTIH,CEMPAKA PUTIH,,59,blank crime type
2026,POLDA METRO JAYA,POLRES METRO JAKARTA PUSAT,POLSEK JOHAR BARU,,Karena Alpa  Menimbulkan  Kebakaran/ Meletus/banjir,1,blank kecamatan
2026,POLDA METRO JAYA,POLRES METRO JAKARTA PUSAT,POLSEK JOHAR BARU,,Kejahatan Terkait Pangan,1,blank kecamatan
2026,POLDA METRO JAYA,POLRES METRO JAKARTA PUSAT,POLSEK JOHAR BARU,,Narkotika ( Narkoba ),3,blank kecamatan
2026,POLDA METRO JAYA,POLRES METRO JAKARTA PUSAT,POLSEK JOHAR BARU,,Pencurian Biasa,1,blank kecamatan
2026,POLDA METRO JAYA,POLRES METRO JAKARTA PUSAT,POLSEK JOHAR BARU,,Pencurian Dengan Pemberatan ( Curat ),5,blank kecamatan
2026,POLDA METRO JAYA,POLRES METRO JAKARTA PUSAT,POLSEK JOHAR BARU,,Penganiayaan,3,blank kecamatan
2026,POLDA METRO JAYA,POLRES METRO JAKARTA PUSAT,POLSEK JOHAR BARU,,Pengeroyokan,1,blank kecamatan
2026,POLDA METRO JAYA,POLRES METRO JAKARTA PUSAT,POLSEK JOHAR BARU,,Penipuan / Perbuatan Curang,4,blank kecamatan
2026,POLDA METRO JAYA,POLRES METRO JAKARTA PUSAT,POLSEK JOHAR BARU,,Perkelahian Pelajar / Mahasiswa,1,blank kecamatan
2026,POLDA METRO JAYA,POLRES METRO JAKARTA PUSAT,POLSEK JOHAR BARU,,Terhadap ketertiban umum,1,blank kecamatan
2026,POLDA METRO JAYA,POLRES METRO JAKARTA PUSAT,POLSEK JOHAR BARU,JOHAR BARU,,38,blank crime type
2026,POLDA METRO JAYA,POLRES METRO JAKARTA PUSAT,POLSEK JOHAR BARU,KEMAYORAN,,1,blank crime type
2026,POLDA METRO JAYA,POLRES METRO JAKARTA PUSAT,POLSEK JOHAR BARU,SENEN,,1,blank crime type
2026,POLDA METRO JAYA,POLRES METRO JAKARTA PUSAT,POLSEK JOHAR BARU,TANJUNG PRIOK,,1,blank crime type
2026,POLDA METRO JAYA,POLRES METRO JAKARTA PUSAT,POLSEK KEMAYORAN,,Curanmor R-2,21,blank kecamatan
2026,POLDA METRO JAYA,POLRES METRO JAKARTA PUSAT,POLSEK KEMAYORAN,,Kejahatan Terkait Perlindungan Data Pribadi,1,blank kecamatan
2026,POLDA METRO JAYA,POLRES METRO JAKARTA PUSAT,POLSEK KEMAYORAN,,Pencurian Biasa,15,blank kecamatan
2026,POLDA METRO JAYA,POLRES METRO JAKARTA PUSAT,POLSEK KEMAYORAN,,Pencurian Dengan Kekerasan ( Curas ),1,blank kecamatan
2026,POLDA METRO JAYA,POLRES METRO JAKARTA PUSAT,POLSEK KEMAYORAN,,Pencurian Dengan Pemberatan ( Curat ),29,blank kecamatan
2026,POLDA METRO JAYA,POLRES METRO JAKARTA PUSAT,POLSEK KEMAYORAN,,Penganiayaan,5,blank kecamatan
2026,POLDA METRO JAYA,POLRES METRO JAKARTA PUSAT,POLSEK KEMAYORAN,,Pengeroyokan,1,blank kecamatan
2026,POLDA METRO JAYA,POLRES METRO JAKARTA PUSAT,POLSEK KEMAYORAN,,Penggelapan,2,blank kecamatan
2026,POLDA METRO JAYA,POLRES METRO JAKARTA PUSAT,POLSEK KEMAYORAN,,Penghinaan,1,blank kecamatan
2026,POLDA METRO JAYA,POLRES METRO JAKARTA PUSAT,POLSEK KEMAYORAN,,Penipuan / Perbuatan Curang,24,blank kecamatan
2026,POLDA METRO JAYA,POLRES METRO JAKARTA PUSAT,POLSEK KEMAYORAN,KEMAYORAN,,136,blank crime type
2026,POLDA METRO JAYA,POLRES METRO JAKARTA PUSAT,POLSEK METRO GAMBIR,,Pencurian Biasa,4,blank kecamatan
2026,POLDA METRO JAYA,POLRES METRO JAKARTA PUSAT,POLSEK METRO GAMBIR,,Pencurian Dengan Pemberatan ( Curat ),4,blank kecamatan
2026,POLDA METRO JAYA,POLRES METRO JAKARTA PUSAT,POLSEK METRO GAMBIR,,Pengerusakan,1,blank kecamatan
2026,POLDA METRO JAYA,POLRES METRO JAKARTA PUSAT,POLSEK METRO GAMBIR,,Penipuan / Perbuatan Curang,9,blank kecamatan
2026,POLDA METRO JAYA,POLRES METRO JAKARTA PUSAT,POLSEK METRO GAMBIR,GAMBIR,,54,blank crime type
2026,POLDA METRO JAYA,POLRES METRO JAKARTA PUSAT,POLSEK METRO MENTENG,,Pencurian Biasa,5,blank kecamatan
2026,POLDA METRO JAYA,POLRES METRO JAKARTA PUSAT,POLSEK METRO MENTENG,,Pencurian Dengan Pemberatan ( Curat ),9,blank kecamatan
2026,POLDA METRO JAYA,POLRES METRO JAKARTA PUSAT,POLSEK METRO MENTENG,,Penganiayaan,1,blank kecamatan
2026,POLDA METRO JAYA,POLRES METRO JAKARTA PUSAT,POLSEK METRO MENTENG,,Pengeroyokan,1,blank kecamatan
2026,POLDA METRO JAYA,POLRES METRO JAKARTA PUSAT,POLSEK METRO MENTENG,,Pengerusakan,1,blank kecamatan
2026,POLDA METRO JAYA,POLRES METRO JAKARTA PUSAT,POLSEK METRO MENTENG,,Penipuan / Perbuatan Curang,6,blank kecamatan
2026,POLDA METRO JAYA,POLRES METRO JAKARTA PUSAT,POLSEK METRO MENTENG,CAKUNG,,1,blank crime type
2026,POLDA METRO JAYA,POLRES METRO JAKARTA PUSAT,POLSEK METRO MENTENG,CEMPAKA PUTIH,,2,blank crime type
2026,POLDA METRO JAYA,POLRES METRO JAKARTA PUSAT,POLSEK METRO MENTENG,GAMBIR,,2,blank crime type
2026,POLDA METRO JAYA,POLRES METRO JAKARTA PUSAT,POLSEK METRO MENTENG,GROGOL PETAMBURAN,,2,blank crime type
2026,POLDA METRO JAYA,POLRES METRO JAKARTA PUSAT,POLSEK METRO MENTENG,JOHAR BARU,,1,blank crime type
2026,POLDA METRO JAYA,POLRES METRO JAKARTA PUSAT,POLSEK METRO MENTENG,KEMAYORAN,,1,blank crime type
2026,POLDA METRO JAYA,POLRES METRO JAKARTA PUSAT,POLSEK METRO MENTENG,MATRAMAN,,2,blank crime type
2026,POLDA METRO JAYA,POLRES METRO JAKARTA PUSAT,POLSEK METRO MENTENG,MENTENG,,393,blank crime type
2026,POLDA METRO JAYA,POLRES METRO JAKARTA PUSAT,POLSEK METRO MENTENG,PALMERAH,,5,blank crime type
2026,POLDA METRO JAYA,POLRES METRO JAKARTA PUSAT,POLSEK METRO MENTENG,SAWAH BESAR,,3,blank crime type
2026,POLDA METRO JAYA,POLRES METRO JAKARTA PUSAT,POLSEK METRO MENTENG,SENEN,,4,blank crime type
2026,POLDA METRO JAYA,POLRES METRO JAKARTA PUSAT,POLSEK METRO MENTENG,SETIA BUDI,,6,blank crime type
2026,POLDA METRO JAYA,POLRES METRO JAKARTA PUSAT,POLSEK METRO MENTENG,TANAH ABANG,,5,blank crime type
2026,POLDA METRO JAYA,POLRES METRO JAKARTA PUSAT,POLSEK METRO TANAH ABANG,,,1,blank kecamatan
2026,POLDA METRO JAYA,POLRES METRO JAKARTA PUSAT,POLSEK METRO TANAH ABANG,,Narkotika ( Narkoba ),6,blank kecamatan
2026,POLDA METRO JAYA,POLRES METRO JAKARTA PUSAT,POLSEK METRO TANAH ABANG,,Pencurian Biasa,5,blank kecamatan
2026,POLDA METRO JAYA,POLRES METRO JAKARTA PUSAT,POLSEK METRO TANAH ABANG,,Pencurian Dengan Kekerasan ( Curas ),1,blank kecamatan
2026,POLDA METRO JAYA,POLRES METRO JAKARTA PUSAT,POLSEK METRO TANAH ABANG,,Pencurian Dengan Pemberatan ( Curat ),4,blank kecamatan
2026,POLDA METRO JAYA,POLRES METRO JAKARTA PUSAT,POLSEK METRO TANAH ABANG,,Pengancaman,1,blank kecamatan
2026,POLDA METRO JAYA,POLRES METRO JAKARTA PUSAT,POLSEK METRO TANAH ABANG,,Penganiayaan,6,blank kecamatan
2026,POLDA METRO JAYA,POLRES METRO JAKARTA PUSAT,POLSEK METRO TANAH ABANG,,Penganiayaan Berat ( Anirat ),1,blank kecamatan
2026,POLDA METRO JAYA,POLRES METRO JAKARTA PUSAT,POLSEK METRO TANAH ABANG,,Pengerusakan,1,blank kecamatan
2026,POLDA METRO JAYA,POLRES METRO JAKARTA PUSAT,POLSEK METRO TANAH ABANG,,Penggelapan,1,blank kecamatan
2026,POLDA METRO JAYA,POLRES METRO JAKARTA PUSAT,POLSEK METRO TANAH ABANG,,Penipuan / Perbuatan Curang,7,blank kecamatan
2026,POLDA METRO JAYA,POLRES METRO JAKARTA PUSAT,POLSEK METRO TANAH ABANG,,Perbuatan Yang Tidak Menyenangkan,1,blank kecamatan
2026,POLDA METRO JAYA,POLRES METRO JAKARTA PUSAT,POLSEK METRO TANAH ABANG,,Perlindungan Konsumen,1,blank kecamatan
2026,POLDA METRO JAYA,POLRES METRO JAKARTA PUSAT,POLSEK METRO TANAH ABANG,TAMAN SARI,,1,blank crime type
2026,POLDA METRO JAYA,POLRES METRO JAKARTA PUSAT,POLSEK METRO TANAH ABANG,TANAH ABANG,,49,blank crime type
2026,POLDA METRO JAYA,POLRES METRO JAKARTA PUSAT,POLSEK SAWAH BESAR,,Pencurian Biasa,7,blank kecamatan
2026,POLDA METRO JAYA,POLRES METRO JAKARTA PUSAT,POLSEK SAWAH BESAR,,Pencurian Dengan Pemberatan ( Curat ),7,blank kecamatan
2026,POLDA METRO JAYA,POLRES METRO JAKARTA PUSAT,POLSEK SAWAH BESAR,,Penggelapan,1,blank kecamatan
2026,POLDA METRO JAYA,POLRES METRO JAKARTA PUSAT,POLSEK SAWAH BESAR,,Penipuan / Perbuatan Curang,7,blank kecamatan
2026,POLDA METRO JAYA,POLRES METRO JAKARTA PUSAT,POLSEK SAWAH BESAR,,Tindak Pidana Transfer Dana,1,blank kecamatan
2026,POLDA METRO JAYA,POLRES METRO JAKARTA PUSAT,POLSEK SAWAH BESAR,KEMAYORAN,,1,blank crime type
2026,POLDA METRO JAYA,POLRES METRO JAKARTA PUSAT,POLSEK SAWAH BESAR,SAWAH BESAR,,73,blank crime type
2026,POLDA METRO JAYA,POLRES METRO JAKARTA PUSAT,POLSEK SENEN,,Narkotika ( Narkoba ),2,blank kecamatan
2026,POLDA METRO JAYA,POLRES METRO JAKARTA PUSAT,POLSEK SENEN,,Pencurian Biasa,8,blank kecamatan
2026,POLDA METRO JAYA,POLRES METRO JAKARTA PUSAT,POLSEK SENEN,,Pencurian Dengan Pemberatan ( Curat ),2,blank kecamatan
2026,POLDA METRO JAYA,POLRES METRO JAKARTA PUSAT,POLSEK SENEN,,Penggelapan,2,blank kecamatan
2026,POLDA METRO JAYA,POLRES METRO JAKARTA PUSAT,POLSEK SENEN,,Penipuan / Perbuatan Curang,13,blank kecamatan
2026,POLDA METRO JAYA,POLRES METRO JAKARTA PUSAT,POLSEK SENEN,JOHAR BARU,,1,blank crime type
2026,POLDA METRO JAYA,POLRES METRO JAKARTA PUSAT,POLSEK SENEN,MATRAMAN,,1,blank crime type
2026,POLDA METRO JAYA,POLRES METRO JAKARTA PUSAT,POLSEK SENEN,MENTENG,,1,blank crime type
2026,POLDA METRO JAYA,POLRES METRO JAKARTA PUSAT,POLSEK SENEN,SENEN,,27,blank crime type
2026,POLDA METRO JAYA,POLRES METRO JAKARTA SELATAN,,,,6,blank kecamatan
2026,POLDA METRO JAYA,POLRES METRO JAKARTA SELATAN,,,Cabul,2,blank kecamatan
2026,POLDA METRO JAYA,POLRES METRO JAKARTA SELATAN,,,Curanmor R-2,10,blank kecamatan
2026,POLDA METRO JAYA,POLRES METRO JAKARTA SELATAN,,,Kawin halangan/kawin tanpa ijin,1,blank kecamatan
2026,POLDA METRO JAYA,POLRES METRO JAKARTA SELATAN,,,Kejahatan Tentang Jaminan Fidusia,1,blank kecamatan
2026,POLDA METRO JAYA,POLRES METRO JAKARTA SELATAN,,,Kejahatan Tentang Pornografi,4,blank kecamatan
2026,POLDA METRO JAYA,POLRES METRO JAKARTA SELATAN,,,Kejahatan Terkait Merek,4,blank kecamatan
2026,POLDA METRO JAYA,POLRES METRO JAKARTA SELATAN,,,Kejahatan Terkait Perlindungan Data Pribadi,17,blank kecamatan
2026,POLDA METRO JAYA,POLRES METRO JAKARTA SELATAN,,,Kejahatan Terkait Senjata Tajam ( Sajam ) ( Premanisme ),2,blank kecamatan
2026,POLDA METRO JAYA,POLRES METRO JAKARTA SELATAN,,,Kejahatan terkait Tenaga Kesehatan,1,blank kecamatan
2026,POLDA METRO JAYA,POLRES METRO JAKARTA SELATAN,,,Kekerasan Dalam Rumah Tangga,14,blank kecamatan
2026,POLDA METRO JAYA,POLRES METRO JAKARTA SELATAN,,,Kekerasan Seksual (KDRT),2,blank kecamatan
2026,POLDA METRO JAYA,POLRES METRO JAKARTA SELATAN,,,Manipulasi data autentik secara elektronik (ITE),169,blank kecamatan
2026,POLDA METRO JAYA,POLRES METRO JAKARTA SELATAN,,,Memasuki Pekarangan Tanpa Ijin,9,blank kecamatan
2026,POLDA METRO JAYA,POLRES METRO JAKARTA SELATAN,,,Mengakibatkan Orang Luka,1,blank kecamatan
2026,POLDA METRO JAYA,POLRES METRO JAKARTA SELATAN,,,Mengakibatkan Orang Mati,1,blank kecamatan
2026,POLDA METRO JAYA,POLRES METRO JAKARTA SELATAN,,,Menjual atau mengedarkan obat keras / bebas terbatas tanpa ijin,1,blank kecamatan
2026,POLDA METRO JAYA,POLRES METRO JAKARTA SELATAN,,,Narkotika ( Narkoba ),78,blank kecamatan
2026,POLDA METRO JAYA,POLRES METRO JAKARTA SELATAN,,,Pemalsuan Surat Otentik,9,blank kecamatan
2026,POLDA METRO JAYA,POLRES METRO JAKARTA SELATAN,,,Pemerasan Dan Pengancaman,6,blank kecamatan
2026,POLDA METRO JAYA,POLRES METRO JAKARTA SELATAN,,,Penadahan,1,blank kecamatan
2026,POLDA METRO JAYA,POLRES METRO JAKARTA SELATAN,,,Pencemaran Nama Baik,33,blank kecamatan
2026,POLDA METRO JAYA,POLRES METRO JAKARTA SELATAN,,,Penculikan,1,blank kecamatan
2026,POLDA METRO JAYA,POLRES METRO JAKARTA SELATAN,,,Pencurian Biasa,56,blank kecamatan
2026,POLDA METRO JAYA,POLRES METRO JAKARTA SELATAN,,,Pencurian Dengan Kekerasan ( Curas ),1,blank kecamatan
2026,POLDA METRO JAYA,POLRES METRO JAKARTA SELATAN,,,Pencurian Dengan Pemberatan ( Curat ),26,blank kecamatan
2026,POLDA METRO JAYA,POLRES METRO JAKARTA SELATAN,,,Pencurian Ringan,4,blank kecamatan
2026,POLDA METRO JAYA,POLRES METRO JAKARTA SELATAN,,,Pengaduan Palsu,2,blank kecamatan
2026,POLDA METRO JAYA,POLRES METRO JAKARTA SELATAN,,,Pengancaman,4,blank kecamatan
2026,POLDA METRO JAYA,POLRES METRO JAKARTA SELATAN,,,Penganiayaan,26,blank kecamatan
2026,POLDA METRO JAYA,POLRES METRO JAKARTA SELATAN,,,Penganiayaan Berat ( Anirat ),3,blank kecamatan
2026,POLDA METRO JAYA,POLRES METRO JAKARTA SELATAN,,,Pengeroyokan,11,blank kecamatan
2026,POLDA METRO JAYA,POLRES METRO JAKARTA SELATAN,,,Pengerusakan,8,blank kecamatan
2026,POLDA METRO JAYA,POLRES METRO JAKARTA SELATAN,,,Penggelapan,49,blank kecamatan
2026,POLDA METRO JAYA,POLRES METRO JAKARTA SELATAN,,,Penghinaan,2,blank kecamatan
2026,POLDA METRO JAYA,POLRES METRO JAKARTA SELATAN,,,Penipuan / Perbuatan Curang,172,blank kecamatan
2026,POLDA METRO JAYA,POLRES METRO JAKARTA SELATAN,,,Penyebaran Berita Bohong ( Hoax ),1,blank kecamatan
2026,POLDA METRO JAYA,POLRES METRO JAKARTA SELATAN,,,Penyerobotan Tanah,2,blank kecamatan
2026,POLDA METRO JAYA,POLRES METRO JAKARTA SELATAN,,,Perampasan ( Premanisme ),1,blank kecamatan
2026,POLDA METRO JAYA,POLRES METRO JAKARTA SELATAN,,,Perbuatan Yang Tidak Menyenangkan,2,blank kecamatan
2026,POLDA METRO JAYA,POLRES METRO JAKARTA SELATAN,,,Perkosaan,2,blank kecamatan
2026,POLDA METRO JAYA,POLRES METRO JAKARTA SELATAN,,,Perzinahan,4,blank kecamatan
2026,POLDA METRO JAYA,POLRES METRO JAKARTA SELATAN,,,Psikotropika ( Narkoba ),4,blank kecamatan
2026,POLDA METRO JAYA,POLRES METRO JAKARTA SELATAN,,,Sumpah Palsu Dan Keterangan Palsu,4,blank kecamatan
2026,POLDA METRO JAYA,POLRES METRO JAKARTA SELATAN,,,Tindak Pidana Dalam Perlindungan Anak,8,blank kecamatan
2026,POLDA METRO JAYA,POLRES METRO JAKARTA SELATAN,,CENGKARENG,,2,blank crime type
2026,POLDA METRO JAYA,POLRES METRO JAKARTA SELATAN,,CILANDAK,,96,blank crime type
2026,POLDA METRO JAYA,POLRES METRO JAKARTA SELATAN,,DUREN SAWIT,,4,blank crime type
2026,POLDA METRO JAYA,POLRES METRO JAKARTA SELATAN,,GAMBIR,,2,blank crime type
2026,POLDA METRO JAYA,POLRES METRO JAKARTA SELATAN,,GROGOL PETAMBURAN,,2,blank crime type
2026,POLDA METRO JAYA,POLRES METRO JAKARTA SELATAN,,JAGAKARSA,,81,blank crime type
2026,POLDA METRO JAYA,POLRES METRO JAKARTA SELATAN,,JATINEGARA,,3,blank crime type
2026,POLDA METRO JAYA,POLRES METRO JAKARTA SELATAN,,KEBAYORAN BARU,,179,blank crime type
2026,POLDA METRO JAYA,POLRES METRO JAKARTA SELATAN,,KEBAYORAN LAMA,,139,blank crime type
2026,POLDA METRO JAYA,POLRES METRO JAKARTA SELATAN,,KEBON JERUK,,11,blank crime type
2026,POLDA METRO JAYA,POLRES METRO JAKARTA SELATAN,,KELAPA GADING,,2,blank crime type
2026,POLDA METRO JAYA,POLRES METRO JAKARTA SELATAN,,KEMBANGAN,,7,blank crime type
2026,POLDA METRO JAYA,POLRES METRO JAKARTA SELATAN,,KOJA,,2,blank crime type
2026,POLDA METRO JAYA,POLRES METRO JAKARTA SELATAN,,KRAMAT JATI,,2,blank crime type
2026,POLDA METRO JAYA,POLRES METRO JAKARTA SELATAN,,MAMPANG PRAPATAN,,67,blank crime type
2026,POLDA METRO JAYA,POLRES METRO JAKARTA SELATAN,,PADEMANGAN,,1,blank crime type
2026,POLDA METRO JAYA,POLRES METRO JAKARTA SELATAN,,PALMERAH,,2,blank crime type
2026,POLDA METRO JAYA,POLRES METRO JAKARTA SELATAN,,PANCORAN,,57,blank crime type
2026,POLDA METRO JAYA,POLRES METRO JAKARTA SELATAN,,PASAR MINGGU,,79,blank crime type
2026,POLDA METRO JAYA,POLRES METRO JAKARTA SELATAN,,PASAR REBO,,1,blank crime type
2026,POLDA METRO JAYA,POLRES METRO JAKARTA SELATAN,,PENJARINGAN,,2,blank crime type
2026,POLDA METRO JAYA,POLRES METRO JAKARTA SELATAN,,PESANGGRAHAN,,42,blank crime type
2026,POLDA METRO JAYA,POLRES METRO JAKARTA SELATAN,,PULO GADUNG,,2,blank crime type
2026,POLDA METRO JAYA,POLRES METRO JAKARTA SELATAN,,SAWAH BESAR,,2,blank crime type
2026,POLDA METRO JAYA,POLRES METRO JAKARTA SELATAN,,SENEN,,3,blank crime type
2026,POLDA METRO JAYA,POLRES METRO JAKARTA SELATAN,,SETIA BUDI,,114,blank crime type
2026,POLDA METRO JAYA,POLRES METRO JAKARTA SELATAN,,TAMAN SARI,,1,blank crime type
2026,POLDA METRO JAYA,POLRES METRO JAKARTA SELATAN,,TAMBORA,,1,blank crime type
2026,POLDA METRO JAYA,POLRES METRO JAKARTA SELATAN,,TANAH ABANG,,2,blank crime type
2026,POLDA METRO JAYA,POLRES METRO JAKARTA SELATAN,,TANJUNG PRIOK,,1,blank crime type
2026,POLDA METRO JAYA,POLRES METRO JAKARTA SELATAN,,TEBET,,66,blank crime type
2026,POLDA METRO JAYA,POLRES METRO JAKARTA SELATAN,POLSEK CILANDAK,,Curanmor R-2,1,blank kecamatan
2026,POLDA METRO JAYA,POLRES METRO JAKARTA SELATAN,POLSEK CILANDAK,,Pencurian Biasa,2,blank kecamatan
2026,POLDA METRO JAYA,POLRES METRO JAKARTA SELATAN,POLSEK CILANDAK,,Pencurian Dengan Pemberatan ( Curat ),5,blank kecamatan
2026,POLDA METRO JAYA,POLRES METRO JAKARTA SELATAN,POLSEK CILANDAK,,Penganiayaan,2,blank kecamatan
2026,POLDA METRO JAYA,POLRES METRO JAKARTA SELATAN,POLSEK CILANDAK,,Penggelapan,2,blank kecamatan
2026,POLDA METRO JAYA,POLRES METRO JAKARTA SELATAN,POLSEK CILANDAK,,Penipuan / Perbuatan Curang,3,blank kecamatan
2026,POLDA METRO JAYA,POLRES METRO JAKARTA SELATAN,POLSEK CILANDAK,,Percobaan Pencurian,1,blank kecamatan
2026,POLDA METRO JAYA,POLRES METRO JAKARTA SELATAN,POLSEK CILANDAK,CILANDAK,,61,blank crime type
2026,POLDA METRO JAYA,POLRES METRO JAKARTA SELATAN,POLSEK CILANDAK,MAMPANG PRAPATAN,,1,blank crime type
2026,POLDA METRO JAYA,POLRES METRO JAKARTA SELATAN,POLSEK CILANDAK,PANCORAN,,1,blank crime type
2026,POLDA METRO JAYA,POLRES METRO JAKARTA SELATAN,POLSEK CILANDAK,PASAR MINGGU,,3,blank crime type
2026,POLDA METRO JAYA,POLRES METRO JAKARTA SELATAN,POLSEK JAGAKARSA,,Curanmor R-2,4,blank kecamatan
2026,POLDA METRO JAYA,POLRES METRO JAKARTA SELATAN,POLSEK JAGAKARSA,,Pencurian Biasa,4,blank kecamatan
2026,POLDA METRO JAYA,POLRES METRO JAKARTA SELATAN,POLSEK JAGAKARSA,,Pencurian Dengan Pemberatan ( Curat ),9,blank kecamatan
2026,POLDA METRO JAYA,POLRES METRO JAKARTA SELATAN,POLSEK JAGAKARSA,,Penganiayaan Berat ( Anirat ),2,blank kecamatan
2026,POLDA METRO JAYA,POLRES METRO JAKARTA SELATAN,POLSEK JAGAKARSA,,Pengerusakan,1,blank kecamatan
2026,POLDA METRO JAYA,POLRES METRO JAKARTA SELATAN,POLSEK JAGAKARSA,,Penggelapan,3,blank kecamatan
2026,POLDA METRO JAYA,POLRES METRO JAKARTA SELATAN,POLSEK JAGAKARSA,,Penipuan / Perbuatan Curang,3,blank kecamatan
2026,POLDA METRO JAYA,POLRES METRO JAKARTA SELATAN,POLSEK JAGAKARSA,JAGAKARSA,,87,blank crime type
2026,POLDA METRO JAYA,POLRES METRO JAKARTA SELATAN,POLSEK KEBAYORAN LAMA,,Curanmor R-2,3,blank kecamatan
2026,POLDA METRO JAYA,POLRES METRO JAKARTA SELATAN,POLSEK KEBAYORAN LAMA,,Narkotika ( Narkoba ),1,blank kecamatan
2026,POLDA METRO JAYA,POLRES METRO JAKARTA SELATAN,POLSEK KEBAYORAN LAMA,,Pencurian Biasa,1,blank kecamatan
2026,POLDA METRO JAYA,POLRES METRO JAKARTA SELATAN,POLSEK KEBAYORAN LAMA,,Pencurian Dengan Pemberatan ( Curat ),8,blank kecamatan
2026,POLDA METRO JAYA,POLRES METRO JAKARTA SELATAN,POLSEK KEBAYORAN LAMA,,Penipuan / Perbuatan Curang,1,blank kecamatan
2026,POLDA METRO JAYA,POLRES METRO JAKARTA SELATAN,POLSEK KEBAYORAN LAMA,KEBAYORAN LAMA,,37,blank crime type
2026,POLDA METRO JAYA,POLRES METRO JAKARTA SELATAN,POLSEK KEBAYORAN LAMA,KEBON JERUK,,1,blank crime type
2026,POLDA METRO JAYA,POLRES METRO JAKARTA SELATAN,POLSEK KEBAYORAN LAMA,MAMPANG PRAPATAN,,1,blank crime type
2026,POLDA METRO JAYA,POLRES METRO JAKARTA SELATAN,POLSEK KEBAYORAN LAMA,PASAR MINGGU,,1,blank crime type
2026,POLDA METRO JAYA,POLRES METRO JAKARTA SELATAN,POLSEK KEBAYORAN LAMA,TEBET,,1,blank crime type
2026,POLDA METRO JAYA,POLRES METRO JAKARTA SELATAN,POLSEK MAMPANG PRAPATAN,,Pencurian Dengan Pemberatan ( Curat ),1,blank kecamatan
2026,POLDA METRO JAYA,POLRES METRO JAKARTA SELATAN,POLSEK MAMPANG PRAPATAN,,Penganiayaan,2,blank kecamatan
2026,POLDA METRO JAYA,POLRES METRO JAKARTA SELATAN,POLSEK MAMPANG PRAPATAN,,Pengeroyokan,1,blank kecamatan
2026,POLDA METRO JAYA,POLRES METRO JAKARTA SELATAN,POLSEK MAMPANG PRAPATAN,MAMPANG PRAPATAN,,27,blank crime type
2026,POLDA METRO JAYA,POLRES METRO JAKARTA SELATAN,POLSEK METRO KEBAYORAN BARU,,Kejahatan Terkait Administrasi Kependudukan,1,blank kecamatan
2026,POLDA METRO JAYA,POLRES METRO JAKARTA SELATAN,POLSEK METRO KEBAYORAN BARU,,Pencemaran Nama Baik,2,blank kecamatan
2026,POLDA METRO JAYA,POLRES METRO JAKARTA SELATAN,POLSEK METRO KEBAYORAN BARU,,Pencurian Biasa,6,blank kecamatan
2026,POLDA METRO JAYA,POLRES METRO JAKARTA SELATAN,POLSEK METRO KEBAYORAN BARU,,Pencurian Dengan Pemberatan ( Curat ),9,blank kecamatan
2026,POLDA METRO JAYA,POLRES METRO JAKARTA SELATAN,POLSEK METRO KEBAYORAN BARU,,Pencurian Ringan,1,blank kecamatan
2026,POLDA METRO JAYA,POLRES METRO JAKARTA SELATAN,POLSEK METRO KEBAYORAN BARU,,Penganiayaan,1,blank kecamatan
2026,POLDA METRO JAYA,POLRES METRO JAKARTA SELATAN,POLSEK METRO KEBAYORAN BARU,,Pengerusakan,1,blank kecamatan
2026,POLDA METRO JAYA,POLRES METRO JAKARTA SELATAN,POLSEK METRO KEBAYORAN BARU,,Penggelapan,5,blank kecamatan
2026,POLDA METRO JAYA,POLRES METRO JAKARTA SELATAN,POLSEK METRO KEBAYORAN BARU,,Penipuan / Perbuatan Curang,5,blank kecamatan
2026,POLDA METRO JAYA,POLRES METRO JAKARTA SELATAN,POLSEK METRO KEBAYORAN BARU,KEBAYORAN BARU,,51,blank crime type
2026,POLDA METRO JAYA,POLRES METRO JAKARTA SELATAN,POLSEK METRO KEBAYORAN BARU,PANCORAN,,1,blank crime type
2026,POLDA METRO JAYA,POLRES METRO JAKARTA SELATAN,POLSEK METRO SETIABUDI,,Narkotika ( Narkoba ),1,blank kecamatan
2026,POLDA METRO JAYA,POLRES METRO JAKARTA SELATAN,POLSEK METRO SETIABUDI,,Pencurian Biasa,12,blank kecamatan
2026,POLDA METRO JAYA,POLRES METRO JAKARTA SELATAN,POLSEK METRO SETIABUDI,,Pencurian Dengan Pemberatan ( Curat ),10,blank kecamatan
2026,POLDA METRO JAYA,POLRES METRO JAKARTA SELATAN,POLSEK METRO SETIABUDI,,Pengancaman,1,blank kecamatan
2026,POLDA METRO JAYA,POLRES METRO JAKARTA SELATAN,POLSEK METRO SETIABUDI,,Penganiayaan,5,blank kecamatan
2026,POLDA METRO JAYA,POLRES METRO JAKARTA SELATAN,POLSEK METRO SETIABUDI,,Pengeroyokan,4,blank kecamatan
2026,POLDA METRO JAYA,POLRES METRO JAKARTA SELATAN,POLSEK METRO SETIABUDI,,Pengerusakan,1,blank kecamatan
2026,POLDA METRO JAYA,POLRES METRO JAKARTA SELATAN,POLSEK METRO SETIABUDI,,Penggelapan,5,blank kecamatan
2026,POLDA METRO JAYA,POLRES METRO JAKARTA SELATAN,POLSEK METRO SETIABUDI,,Penipuan / Perbuatan Curang,2,blank kecamatan
2026,POLDA METRO JAYA,POLRES METRO JAKARTA SELATAN,POLSEK METRO SETIABUDI,SETIA BUDI,,46,blank crime type
2026,POLDA METRO JAYA,POLRES METRO JAKARTA SELATAN,POLSEK METRO SETIABUDI,TAMAN SARI,,1,blank crime type
2026,POLDA METRO JAYA,POLRES METRO JAKARTA SELATAN,POLSEK METRO SETIABUDI,TEBET,,2,blank crime type
2026,POLDA METRO JAYA,POLRES METRO JAKARTA SELATAN,POLSEK PANCORAN,,Narkotika ( Narkoba ),1,blank kecamatan
2026,POLDA METRO JAYA,POLRES METRO JAKARTA SELATAN,POLSEK PANCORAN,,Pencurian Biasa,2,blank kecamatan
2026,POLDA METRO JAYA,POLRES METRO JAKARTA SELATAN,POLSEK PANCORAN,,Pencurian Dengan Pemberatan ( Curat ),5,blank kecamatan
2026,POLDA METRO JAYA,POLRES METRO JAKARTA SELATAN,POLSEK PANCORAN,,Penganiayaan,1,blank kecamatan
2026,POLDA METRO JAYA,POLRES METRO JAKARTA SELATAN,POLSEK PANCORAN,,Pengerusakan,1,blank kecamatan
2026,POLDA METRO JAYA,POLRES METRO JAKARTA SELATAN,POLSEK PANCORAN,,Penipuan / Perbuatan Curang,5,blank kecamatan
2026,POLDA METRO JAYA,POLRES METRO JAKARTA SELATAN,POLSEK PANCORAN,MAMPANG PRAPATAN,,1,blank crime type
2026,POLDA METRO JAYA,POLRES METRO JAKARTA SELATAN,POLSEK PANCORAN,MENTENG,,1,blank crime type
2026,POLDA METRO JAYA,POLRES METRO JAKARTA SELATAN,POLSEK PANCORAN,PANCORAN,,44,blank crime type
2026,POLDA METRO JAYA,POLRES METRO JAKARTA SELATAN,POLSEK PASAR MINGGU,,Narkotika ( Narkoba ),6,blank kecamatan
2026,POLDA METRO JAYA,POLRES METRO JAKARTA SELATAN,POLSEK PASAR MINGGU,,Pencurian Biasa,1,blank kecamatan
2026,POLDA METRO JAYA,POLRES METRO JAKARTA SELATAN,POLSEK PASAR MINGGU,,Pencurian Dengan Pemberatan ( Curat ),1,blank kecamatan
2026,POLDA METRO JAYA,POLRES METRO JAKARTA SELATAN,POLSEK PASAR MINGGU,,Penganiayaan,2,blank kecamatan
2026,POLDA METRO JAYA,POLRES METRO JAKARTA SELATAN,POLSEK PASAR MINGGU,,Penganiayaan Berat ( Anirat ),1,blank kecamatan
2026,POLDA METRO JAYA,POLRES METRO JAKARTA SELATAN,POLSEK PASAR MINGGU,CILANDAK,,1,blank crime type
2026,POLDA METRO JAYA,POLRES METRO JAKARTA SELATAN,POLSEK PASAR MINGGU,JAGAKARSA,,1,blank crime type
2026,POLDA METRO JAYA,POLRES METRO JAKARTA SELATAN,POLSEK PASAR MINGGU,PASAR MINGGU,,21,blank crime type
2026,POLDA METRO JAYA,POLRES METRO JAKARTA SELATAN,POLSEK PESANGGRAHAN,,Curanmor R-2,1,blank kecamatan
2026,POLDA METRO JAYA,POLRES METRO JAKARTA SELATAN,POLSEK PESANGGRAHAN,,Narkotika ( Narkoba ),2,blank kecamatan
2026,POLDA METRO JAYA,POLRES METRO JAKARTA SELATAN,POLSEK PESANGGRAHAN,,Pencurian Biasa,2,blank kecamatan
2026,POLDA METRO JAYA,POLRES METRO JAKARTA SELATAN,POLSEK PESANGGRAHAN,,Pencurian Dengan Pemberatan ( Curat ),3,blank kecamatan
2026,POLDA METRO JAYA,POLRES METRO JAKARTA SELATAN,POLSEK PESANGGRAHAN,,Penganiayaan,3,blank kecamatan
2026,POLDA METRO JAYA,POLRES METRO JAKARTA SELATAN,POLSEK PESANGGRAHAN,,Pengeroyokan,3,blank kecamatan
2026,POLDA METRO JAYA,POLRES METRO JAKARTA SELATAN,POLSEK PESANGGRAHAN,,Penggelapan,2,blank kecamatan
2026,POLDA METRO JAYA,POLRES METRO JAKARTA SELATAN,POLSEK PESANGGRAHAN,,Penipuan / Perbuatan Curang,4,blank kecamatan
2026,POLDA METRO JAYA,POLRES METRO JAKARTA SELATAN,POLSEK PESANGGRAHAN,,Penyekapan,1,blank kecamatan
2026,POLDA METRO JAYA,POLRES METRO JAKARTA SELATAN,POLSEK PESANGGRAHAN,PESANGGRAHAN,,46,blank crime type
2026,POLDA METRO JAYA,POLRES METRO JAKARTA SELATAN,POLSEK PESANGGRAHAN,TEBET,,1,blank crime type
2026,POLDA METRO JAYA,POLRES METRO JAKARTA SELATAN,POLSEK TEBET,,Kejahatan Terkait Senjata Tajam ( Sajam ) ( Premanisme ),1,blank kecamatan
2026,POLDA METRO JAYA,POLRES METRO JAKARTA SELATAN,POLSEK TEBET,,Narkotika ( Narkoba ),3,blank kecamatan
2026,POLDA METRO JAYA,POLRES METRO JAKARTA SELATAN,POLSEK TEBET,,Pencurian Biasa,2,blank kecamatan
2026,POLDA METRO JAYA,POLRES METRO JAKARTA SELATAN,POLSEK TEBET,,Pencurian Dengan Pemberatan ( Curat ),4,blank kecamatan
2026,POLDA METRO JAYA,POLRES METRO JAKARTA SELATAN,POLSEK TEBET,,Penganiayaan,3,blank kecamatan
2026,POLDA METRO JAYA,POLRES METRO JAKARTA SELATAN,POLSEK TEBET,,Penggelapan,4,blank kecamatan
2026,POLDA METRO JAYA,POLRES METRO JAKARTA SELATAN,POLSEK TEBET,,Penipuan / Perbuatan Curang,1,blank kecamatan
2026,POLDA METRO JAYA,POLRES METRO JAKARTA SELATAN,POLSEK TEBET,,Sengaja Menimbulkan Kebakaran/banjir (pembakaran),1,blank kecamatan
2026,POLDA METRO JAYA,POLRES METRO JAKARTA SELATAN,POLSEK TEBET,SETIA BUDI,,1,blank crime type
2026,POLDA METRO JAYA,POLRES METRO JAKARTA SELATAN,POLSEK TEBET,TEBET,,50,blank crime type
2026,POLDA METRO JAYA,POLRES METRO JAKARTA TIMUR,,,,3,blank kecamatan
2026,POLDA METRO JAYA,POLRES METRO JAKARTA TIMUR,,,Cabul,3,blank kecamatan
2026,POLDA METRO JAYA,POLRES METRO JAKARTA TIMUR,,,Curanmor R-2,7,blank kecamatan
2026,POLDA METRO JAYA,POLRES METRO JAKARTA TIMUR,,,Kawin halangan/kawin tanpa ijin,1,blank kecamatan
2026,POLDA METRO JAYA,POLRES METRO JAKARTA TIMUR,,,Kejahatan Tentang Jaminan Fidusia,1,blank kecamatan
2026,POLDA METRO JAYA,POLRES METRO JAKARTA TIMUR,,,Kejahatan Terkait Perlindungan Data Pribadi,5,blank kecamatan
2026,POLDA METRO JAYA,POLRES METRO JAKARTA TIMUR,,,Kejahatan Terkait Senjata Tajam ( Sajam ) ( Premanisme ),9,blank kecamatan
2026,POLDA METRO JAYA,POLRES METRO JAKARTA TIMUR,,,Kejahatan terkait Tenaga Kesehatan,3,blank kecamatan
2026,POLDA METRO JAYA,POLRES METRO JAKARTA TIMUR,,,Kekerasan Dalam Rumah Tangga,6,blank kecamatan
2026,POLDA METRO JAYA,POLRES METRO JAKARTA TIMUR,,,Kekerasan Seksual (KDRT),1,blank kecamatan
2026,POLDA METRO JAYA,POLRES METRO JAKARTA TIMUR,,,Manipulasi data autentik secara elektronik (ITE),244,blank kecamatan
2026,POLDA METRO JAYA,POLRES METRO JAKARTA TIMUR,,,Memasuki Pekarangan Tanpa Ijin,5,blank kecamatan
2026,POLDA METRO JAYA,POLRES METRO JAKARTA TIMUR,,,Membahayakan Keamanan Umum Bagi  Orang / Barang,1,blank kecamatan
2026,POLDA METRO JAYA,POLRES METRO JAKARTA TIMUR,,,Menjual atau mengedarkan obat keras / bebas terbatas tanpa ijin,4,blank kecamatan
2026,POLDA METRO JAYA,POLRES METRO JAKARTA TIMUR,,,Narkotika ( Narkoba ),34,blank kecamatan
2026,POLDA METRO JAYA,POLRES METRO JAKARTA TIMUR,,,Pemalsuan Surat Otentik,9,blank kecamatan
2026,POLDA METRO JAYA,POLRES METRO JAKARTA TIMUR,,,Pemerasan Dan Pengancaman,4,blank kecamatan
2026,POLDA METRO JAYA,POLRES METRO JAKARTA TIMUR,,,Pencemaran Nama Baik,14,blank kecamatan
2026,POLDA METRO JAYA,POLRES METRO JAKARTA TIMUR,,,Pencurian Biasa,42,blank kecamatan
2026,POLDA METRO JAYA,POLRES METRO JAKARTA TIMUR,,,Pencurian Dengan Pemberatan ( Curat ),22,blank kecamatan
2026,POLDA METRO JAYA,POLRES METRO JAKARTA TIMUR,,,Pencurian dalam lingkungan keluarga,2,blank kecamatan
2026,POLDA METRO JAYA,POLRES METRO JAKARTA TIMUR,,,Pengancaman,4,blank kecamatan
2026,POLDA METRO JAYA,POLRES METRO JAKARTA TIMUR,,,Penganiayaan,24,blank kecamatan
2026,POLDA METRO JAYA,POLRES METRO JAKARTA TIMUR,,,Penganiayaan Berat ( Anirat ),3,blank kecamatan
2026,POLDA METRO JAYA,POLRES METRO JAKARTA TIMUR,,,Pengeroyokan,9,blank kecamatan
2026,POLDA METRO JAYA,POLRES METRO JAKARTA TIMUR,,,Pengerusakan,2,blank kecamatan
2026,POLDA METRO JAYA,POLRES METRO JAKARTA TIMUR,,,Penggelapan,17,blank kecamatan
2026,POLDA METRO JAYA,POLRES METRO JAKARTA TIMUR,,,Penghinaan,2,blank kecamatan
2026,POLDA METRO JAYA,POLRES METRO JAKARTA TIMUR,,,Penipuan / Perbuatan Curang,83,blank kecamatan
2026,POLDA METRO JAYA,POLRES METRO JAKARTA TIMUR,,,Perampasan ( Premanisme ),1,blank kecamatan
2026,POLDA METRO JAYA,POLRES METRO JAKARTA TIMUR,,,Perbuatan Yang Tidak Menyenangkan,3,blank kecamatan
2026,POLDA METRO JAYA,POLRES METRO JAKARTA TIMUR,,,Perkosaan,1,blank kecamatan
2026,POLDA METRO JAYA,POLRES METRO JAKARTA TIMUR,,,Perzinahan,5,blank kecamatan
2026,POLDA METRO JAYA,POLRES METRO JAKARTA TIMUR,,,Tindak Pidana Dalam Perlindungan Anak,12,blank kecamatan
2026,POLDA METRO JAYA,POLRES METRO JAKARTA TIMUR,,CAKUNG,,149,blank crime type
2026,POLDA METRO JAYA,POLRES METRO JAKARTA TIMUR,,CEMPAKA PUTIH,,3,blank crime type
2026,POLDA METRO JAYA,POLRES METRO JAKARTA TIMUR,,CILANDAK,,4,blank crime type
2026,POLDA METRO JAYA,POLRES METRO JAKARTA TIMUR,,CILINCING,,1,blank crime type
2026,POLDA METRO JAYA,POLRES METRO JAKARTA TIMUR,,CIPAYUNG,,80,blank crime type
2026,POLDA METRO JAYA,POLRES METRO JAKARTA TIMUR,,CIRACAS,,84,blank crime type
2026,POLDA METRO JAYA,POLRES METRO JAKARTA TIMUR,,DUREN SAWIT,,132,blank crime type
2026,POLDA METRO JAYA,POLRES METRO JAKARTA TIMUR,,GAMBIR,,3,blank crime type
2026,POLDA METRO JAYA,POLRES METRO JAKARTA TIMUR,,GROGOL PETAMBURAN,,1,blank crime type
2026,POLDA METRO JAYA,POLRES METRO JAKARTA TIMUR,,JAGAKARSA,,6,blank crime type
2026,POLDA METRO JAYA,POLRES METRO JAKARTA TIMUR,,JATINEGARA,,158,blank crime type
2026,POLDA METRO JAYA,POLRES METRO JAKARTA TIMUR,,KALI DERES,,1,blank crime type
2026,POLDA METRO JAYA,POLRES METRO JAKARTA TIMUR,,KEBAYORAN LAMA,,1,blank crime type
2026,POLDA METRO JAYA,POLRES METRO JAKARTA TIMUR,,KELAPA GADING,,1,blank crime type
2026,POLDA METRO JAYA,POLRES METRO JAKARTA TIMUR,,KEMAYORAN,,1,blank crime type
2026,POLDA METRO JAYA,POLRES METRO JAKARTA TIMUR,,KRAMAT JATI,,89,blank crime type
2026,POLDA METRO JAYA,POLRES METRO JAKARTA TIMUR,,MAKASAR,,50,blank crime type
2026,POLDA METRO JAYA,POLRES METRO JAKARTA TIMUR,,MAMPANG PRAPATAN,,2,blank crime type
2026,POLDA METRO JAYA,POLRES METRO JAKARTA TIMUR,,MATRAMAN,,56,blank crime type
2026,POLDA METRO JAYA,POLRES METRO JAKARTA TIMUR,,MENTENG,,4,blank crime type
2026,POLDA METRO JAYA,POLRES METRO JAKARTA TIMUR,,PANCORAN,,3,blank crime type
2026,POLDA METRO JAYA,POLRES METRO JAKARTA TIMUR,,PASAR MINGGU,,1,blank crime type
2026,POLDA METRO JAYA,POLRES METRO JAKARTA TIMUR,,PASAR REBO,,56,blank crime type
2026,POLDA METRO JAYA,POLRES METRO JAKARTA TIMUR,,PULO GADUNG,,85,blank crime type
2026,POLDA METRO JAYA,POLRES METRO JAKARTA TIMUR,,SETIA BUDI,,1,blank crime type
2026,POLDA METRO JAYA,POLRES METRO JAKARTA TIMUR,,TAMAN SARI,,2,blank crime type
2026,POLDA METRO JAYA,POLRES METRO JAKARTA TIMUR,,TAMBORA,,1,blank crime type
2026,POLDA METRO JAYA,POLRES METRO JAKARTA TIMUR,,TANAH ABANG,,2,blank crime type
2026,POLDA METRO JAYA,POLRES METRO JAKARTA TIMUR,,TANJUNG PRIOK,,1,blank crime type
2026,POLDA METRO JAYA,POLRES METRO JAKARTA TIMUR,,TEBET,,8,blank crime type
2026,POLDA METRO JAYA,POLRES METRO JAKARTA TIMUR,POLSEK METRO CAKUNG,,Pemerasan Dan Pengancaman,2,blank kecamatan
2026,POLDA METRO JAYA,POLRES METRO JAKARTA TIMUR,POLSEK METRO CAKUNG,,Pencurian Biasa,3,blank kecamatan
2026,POLDA METRO JAYA,POLRES METRO JAKARTA TIMUR,POLSEK METRO CAKUNG,,Pencurian Dengan Kekerasan ( Curas ),1,blank kecamatan
2026,POLDA METRO JAYA,POLRES METRO JAKARTA TIMUR,POLSEK METRO CAKUNG,,Pencurian Dengan Pemberatan ( Curat ),8,blank kecamatan
2026,POLDA METRO JAYA,POLRES METRO JAKARTA TIMUR,POLSEK METRO CAKUNG,,Penganiayaan,9,blank kecamatan
2026,POLDA METRO JAYA,POLRES METRO JAKARTA TIMUR,POLSEK METRO CAKUNG,,Penganiayaan Berat ( Anirat ),3,blank kecamatan
2026,POLDA METRO JAYA,POLRES METRO JAKARTA TIMUR,POLSEK METRO CAKUNG,,Pengeroyokan,5,blank kecamatan
2026,POLDA METRO JAYA,POLRES METRO JAKARTA TIMUR,POLSEK METRO CAKUNG,,Penggelapan,1,blank kecamatan
2026,POLDA METRO JAYA,POLRES METRO JAKARTA TIMUR,POLSEK METRO CAKUNG,,Penipuan / Perbuatan Curang,6,blank kecamatan
2026,POLDA METRO JAYA,POLRES METRO JAKARTA TIMUR,POLSEK METRO CAKUNG,,Percobaan Pencurian,1,blank kecamatan
2026,POLDA METRO JAYA,POLRES METRO JAKARTA TIMUR,POLSEK METRO CAKUNG,CAKUNG,,56,blank crime type
2026,POLDA METRO JAYA,POLRES METRO JAKARTA TIMUR,POLSEK METRO CIPAYUNG,,Pencurian Biasa,1,blank kecamatan
2026,POLDA METRO JAYA,POLRES METRO JAKARTA TIMUR,POLSEK METRO CIPAYUNG,,Pencurian Dengan Kekerasan ( Curas ),1,blank kecamatan
2026,POLDA METRO JAYA,POLRES METRO JAKARTA TIMUR,POLSEK METRO CIPAYUNG,,Pencurian Dengan Pemberatan ( Curat ),1,blank kecamatan
2026,POLDA METRO JAYA,POLRES METRO JAKARTA TIMUR,POLSEK METRO CIPAYUNG,,Penggelapan,1,blank kecamatan
2026,POLDA METRO JAYA,POLRES METRO JAKARTA TIMUR,POLSEK METRO CIPAYUNG,,Penipuan / Perbuatan Curang,6,blank kecamatan
2026,POLDA METRO JAYA,POLRES METRO JAKARTA TIMUR,POLSEK METRO CIPAYUNG,CIPAYUNG,,28,blank crime type
2026,POLDA METRO JAYA,POLRES METRO JAKARTA TIMUR,POLSEK METRO CIPAYUNG,KRAMAT JATI,,1,blank crime type
2026,POLDA METRO JAYA,POLRES METRO JAKARTA TIMUR,POLSEK METRO CIRACAS,,Curanmor R-2,1,blank kecamatan
2026,POLDA METRO JAYA,POLRES METRO JAKARTA TIMUR,POLSEK METRO CIRACAS,,Pemerasan Dan Pengancaman,1,blank kecamatan
2026,POLDA METRO JAYA,POLRES METRO JAKARTA TIMUR,POLSEK METRO CIRACAS,,Pencurian Biasa,6,blank kecamatan
2026,POLDA METRO JAYA,POLRES METRO JAKARTA TIMUR,POLSEK METRO CIRACAS,,Pencurian Dengan Pemberatan ( Curat ),27,blank kecamatan
2026,POLDA METRO JAYA,POLRES METRO JAKARTA TIMUR,POLSEK METRO CIRACAS,,Pencurian Ringan,1,blank kecamatan
2026,POLDA METRO JAYA,POLRES METRO JAKARTA TIMUR,POLSEK METRO CIRACAS,,Penganiayaan,1,blank kecamatan
2026,POLDA METRO JAYA,POLRES METRO JAKARTA TIMUR,POLSEK METRO CIRACAS,,Penggelapan,3,blank kecamatan
2026,POLDA METRO JAYA,POLRES METRO JAKARTA TIMUR,POLSEK METRO CIRACAS,,Penipuan / Perbuatan Curang,5,blank kecamatan
2026,POLDA METRO JAYA,POLRES METRO JAKARTA TIMUR,POLSEK METRO CIRACAS,CIRACAS,,29,blank crime type
2026,POLDA METRO JAYA,POLRES METRO JAKARTA TIMUR,POLSEK METRO DUREN SAWIT,,Curanmor R-2,2,blank kecamatan
2026,POLDA METRO JAYA,POLRES METRO JAKARTA TIMUR,POLSEK METRO DUREN SAWIT,,Pencurian Biasa,9,blank kecamatan
2026,POLDA METRO JAYA,POLRES METRO JAKARTA TIMUR,POLSEK METRO DUREN SAWIT,,Pencurian Dengan Kekerasan ( Curas ),1,blank kecamatan
2026,POLDA METRO JAYA,POLRES METRO JAKARTA TIMUR,POLSEK METRO DUREN SAWIT,,Pencurian Dengan Pemberatan ( Curat ),15,blank kecamatan
2026,POLDA METRO JAYA,POLRES METRO JAKARTA TIMUR,POLSEK METRO DUREN SAWIT,,Penipuan / Perbuatan Curang,7,blank kecamatan
2026,POLDA METRO JAYA,POLRES METRO JAKARTA TIMUR,POLSEK METRO DUREN SAWIT,CAKUNG,,1,blank crime type
2026,POLDA METRO JAYA,POLRES METRO JAKARTA TIMUR,POLSEK METRO DUREN SAWIT,DUREN SAWIT,,51,blank crime type
2026,POLDA METRO JAYA,POLRES METRO JAKARTA TIMUR,POLSEK METRO DUREN SAWIT,KELAPA GADING,,1,blank crime type
2026,POLDA METRO JAYA,POLRES METRO JAKARTA TIMUR,POLSEK METRO JATINEGARA,,Narkotika ( Narkoba ),1,blank kecamatan
2026,POLDA METRO JAYA,POLRES METRO JAKARTA TIMUR,POLSEK METRO JATINEGARA,,Pencurian Biasa,1,blank kecamatan
2026,POLDA METRO JAYA,POLRES METRO JAKARTA TIMUR,POLSEK METRO JATINEGARA,,Pencurian Dengan Pemberatan ( Curat ),3,blank kecamatan
2026,POLDA METRO JAYA,POLRES METRO JAKARTA TIMUR,POLSEK METRO JATINEGARA,,Penggelapan,4,blank kecamatan
2026,POLDA METRO JAYA,POLRES METRO JAKARTA TIMUR,POLSEK METRO JATINEGARA,,Penipuan / Perbuatan Curang,2,blank kecamatan
2026,POLDA METRO JAYA,POLRES METRO JAKARTA TIMUR,POLSEK METRO JATINEGARA,JATINEGARA,,27,blank crime type
2026,POLDA METRO JAYA,POLRES METRO JAKARTA TIMUR,POLSEK METRO JATINEGARA,KRAMAT JATI,,1,blank crime type
2026,POLDA METRO JAYA,POLRES METRO JAKARTA TIMUR,POLSEK METRO KRAMATJATI,,Pemerasan Dan Pengancaman,1,blank kecamatan
2026,POLDA METRO JAYA,POLRES METRO JAKARTA TIMUR,POLSEK METRO KRAMATJATI,,Pencurian Biasa,4,blank kecamatan
2026,POLDA METRO JAYA,POLRES METRO JAKARTA TIMUR,POLSEK METRO KRAMATJATI,,Pencurian Dengan Pemberatan ( Curat ),4,blank kecamatan
2026,POLDA METRO JAYA,POLRES METRO JAKARTA TIMUR,POLSEK METRO KRAMATJATI,,Penganiayaan,4,blank kecamatan
2026,POLDA METRO JAYA,POLRES METRO JAKARTA TIMUR,POLSEK METRO KRAMATJATI,,Penggelapan,1,blank kecamatan
2026,POLDA METRO JAYA,POLRES METRO JAKARTA TIMUR,POLSEK METRO KRAMATJATI,CIPAYUNG,,2,blank crime type
2026,POLDA METRO JAYA,POLRES METRO JAKARTA TIMUR,POLSEK METRO KRAMATJATI,CIRACAS,,1,blank crime type
2026,POLDA METRO JAYA,POLRES METRO JAKARTA TIMUR,POLSEK METRO KRAMATJATI,KRAMAT JATI,,20,blank crime type
2026,POLDA METRO JAYA,POLRES METRO JAKARTA TIMUR,POLSEK METRO KRAMATJATI,PASAR REBO,,1,blank crime type
2026,POLDA METRO JAYA,POLRES METRO JAKARTA TIMUR,POLSEK METRO MAKASAR,,Curanmor R-2,8,blank kecamatan
2026,POLDA METRO JAYA,POLRES METRO JAKARTA TIMUR,POLSEK METRO MAKASAR,,Pemerasan Dan Pengancaman,1,blank kecamatan
2026,POLDA METRO JAYA,POLRES METRO JAKARTA TIMUR,POLSEK METRO MAKASAR,,Pencurian Biasa,3,blank kecamatan
2026,POLDA METRO JAYA,POLRES METRO JAKARTA TIMUR,POLSEK METRO MAKASAR,,Pencurian Dengan Pemberatan ( Curat ),3,blank kecamatan
2026,POLDA METRO JAYA,POLRES METRO JAKARTA TIMUR,POLSEK METRO MAKASAR,,Penganiayaan,2,blank kecamatan
2026,POLDA METRO JAYA,POLRES METRO JAKARTA TIMUR,POLSEK METRO MAKASAR,,Penganiayaan Berat ( Anirat ),1,blank kecamatan
2026,POLDA METRO JAYA,POLRES METRO JAKARTA TIMUR,POLSEK METRO MAKASAR,,Pengeroyokan,1,blank kecamatan
2026,POLDA METRO JAYA,POLRES METRO JAKARTA TIMUR,POLSEK METRO MAKASAR,,Penipuan / Perbuatan Curang,5,blank kecamatan
2026,POLDA METRO JAYA,POLRES METRO JAKARTA TIMUR,POLSEK METRO MAKASAR,KRAMAT JATI,,1,blank crime type
2026,POLDA METRO JAYA,POLRES METRO JAKARTA TIMUR,POLSEK METRO MAKASAR,MAKASAR,,34,blank crime type
2026,POLDA METRO JAYA,POLRES METRO JAKARTA TIMUR,POLSEK METRO MATRAMAN,,Curanmor R-2,4,blank kecamatan
2026,POLDA METRO JAYA,POLRES METRO JAKARTA TIMUR,POLSEK METRO MATRAMAN,,Narkotika ( Narkoba ),1,blank kecamatan
2026,POLDA METRO JAYA,POLRES METRO JAKARTA TIMUR,POLSEK METRO MATRAMAN,,Pencurian Biasa,2,blank kecamatan
2026,POLDA METRO JAYA,POLRES METRO JAKARTA TIMUR,POLSEK METRO MATRAMAN,,Pencurian Dengan Pemberatan ( Curat ),3,blank kecamatan
2026,POLDA METRO JAYA,POLRES METRO JAKARTA TIMUR,POLSEK METRO MATRAMAN,,Penganiayaan,1,blank kecamatan
2026,POLDA METRO JAYA,POLRES METRO JAKARTA TIMUR,POLSEK METRO MATRAMAN,,Penipuan / Perbuatan Curang,1,blank kecamatan
2026,POLDA METRO JAYA,POLRES METRO JAKARTA TIMUR,POLSEK METRO MATRAMAN,,Terhadap ketertiban umum,1,blank kecamatan
2026,POLDA METRO JAYA,POLRES METRO JAKARTA TIMUR,POLSEK METRO MATRAMAN,MATRAMAN,,23,blank crime type
2026,POLDA METRO JAYA,POLRES METRO JAKARTA TIMUR,POLSEK METRO PASAR REBO,,Curanmor R-2,3,blank kecamatan
2026,POLDA METRO JAYA,POLRES METRO JAKARTA TIMUR,POLSEK METRO PASAR REBO,,Narkotika ( Narkoba ),1,blank kecamatan
2026,POLDA METRO JAYA,POLRES METRO JAKARTA TIMUR,POLSEK METRO PASAR REBO,,Pencurian Biasa,4,blank kecamatan
2026,POLDA METRO JAYA,POLRES METRO JAKARTA TIMUR,POLSEK METRO PASAR REBO,,Pencurian Dengan Pemberatan ( Curat ),7,blank kecamatan
2026,POLDA METRO JAYA,POLRES METRO JAKARTA TIMUR,POLSEK METRO PASAR REBO,,Pengancaman,1,blank kecamatan
2026,POLDA METRO JAYA,POLRES METRO JAKARTA TIMUR,POLSEK METRO PASAR REBO,,Penganiayaan,1,blank kecamatan
2026,POLDA METRO JAYA,POLRES METRO JAKARTA TIMUR,POLSEK METRO PASAR REBO,,Pengeroyokan,1,blank kecamatan
2026,POLDA METRO JAYA,POLRES METRO JAKARTA TIMUR,POLSEK METRO PASAR REBO,,Penggelapan,1,blank kecamatan
2026,POLDA METRO JAYA,POLRES METRO JAKARTA TIMUR,POLSEK METRO PASAR REBO,,Penipuan / Perbuatan Curang,7,blank kecamatan
2026,POLDA METRO JAYA,POLRES METRO JAKARTA TIMUR,POLSEK METRO PASAR REBO,,Terhadap ketertiban umum,1,blank kecamatan
2026,POLDA METRO JAYA,POLRES METRO JAKARTA TIMUR,POLSEK METRO PASAR REBO,JATINEGARA,,1,blank crime type
2026,POLDA METRO JAYA,POLRES METRO JAKARTA TIMUR,POLSEK METRO PASAR REBO,PASAR REBO,,67,blank crime type
2026,POLDA METRO JAYA,POLRES METRO JAKARTA TIMUR,POLSEK METRO PULO GADUNG,,Kejahatan Terkait Senjata Tajam ( Sajam ) ( Premanisme ),1,blank kecamatan
2026,POLDA METRO JAYA,POLRES METRO JAKARTA TIMUR,POLSEK METRO PULO GADUNG,,Menjual atau mengedarkan obat keras / bebas terbatas tanpa ijin,1,blank kecamatan
2026,POLDA METRO JAYA,POLRES METRO JAKARTA TIMUR,POLSEK METRO PULO GADUNG,,Pencurian Biasa,3,blank kecamatan
2026,POLDA METRO JAYA,POLRES METRO JAKARTA TIMUR,POLSEK METRO PULO GADUNG,,Pencurian Dengan Kekerasan ( Curas ),1,blank kecamatan
2026,POLDA METRO JAYA,POLRES METRO JAKARTA TIMUR,POLSEK METRO PULO GADUNG,,Pencurian Dengan Pemberatan ( Curat ),6,blank kecamatan
2026,POLDA METRO JAYA,POLRES METRO JAKARTA TIMUR,POLSEK METRO PULO GADUNG,,Penganiayaan,3,blank kecamatan
2026,POLDA METRO JAYA,POLRES METRO JAKARTA TIMUR,POLSEK METRO PULO GADUNG,,Penganiayaan Berat ( Anirat ),2,blank kecamatan
2026,POLDA METRO JAYA,POLRES METRO JAKARTA TIMUR,POLSEK METRO PULO GADUNG,,Pengeroyokan,1,blank kecamatan
2026,POLDA METRO JAYA,POLRES METRO JAKARTA TIMUR,POLSEK METRO PULO GADUNG,,Penggelapan,1,blank kecamatan
2026,POLDA METRO JAYA,POLRES METRO JAKARTA TIMUR,POLSEK METRO PULO GADUNG,,Penipuan / Perbuatan Curang,2,blank kecamatan
2026,POLDA METRO JAYA,POLRES METRO JAKARTA TIMUR,POLSEK METRO PULO GADUNG,PULO GADUNG,,42,blank crime type
2026,POLDA METRO JAYA,POLRES METRO JAKARTA TIMUR,POLSEK METRO PULO GADUNG,TANJUNG PRIOK,,2,blank crime type
2026,POLDA METRO JAYA,POLRES METRO JAKARTA UTARA,,,,3,blank kecamatan
2026,POLDA METRO JAYA,POLRES METRO JAKARTA UTARA,,,Curanmor R-2,2,blank kecamatan
2026,POLDA METRO JAYA,POLRES METRO JAKARTA UTARA,,,Hak Atas Kekayaan Intelektual ( HAKI ),1,blank kecamatan
2026,POLDA METRO JAYA,POLRES METRO JAKARTA UTARA,,,Kejahatan Tentang Jaminan Fidusia,5,blank kecamatan
2026,POLDA METRO JAYA,POLRES METRO JAKARTA UTARA,,,Kejahatan Terhadap Jiwa Orang / Pembunuhan,1,blank kecamatan
2026,POLDA METRO JAYA,POLRES METRO JAKARTA UTARA,,,Kejahatan Terkait Merek,1,blank kecamatan
2026,POLDA METRO JAYA,POLRES METRO JAKARTA UTARA,,,Kejahatan Terkait Perlindungan Data Pribadi,2,blank kecamatan
2026,POLDA METRO JAYA,POLRES METRO JAKARTA UTARA,,,Kejahatan Terkait Senjata Tajam ( Sajam ) ( Premanisme ),5,blank kecamatan
2026,POLDA METRO JAYA,POLRES METRO JAKARTA UTARA,,,Kejahatan terkait Tenaga Kesehatan,5,blank kecamatan
2026,POLDA METRO JAYA,POLRES METRO JAKARTA UTARA,,,Manipulasi data autentik secara elektronik (ITE),11,blank kecamatan
2026,POLDA METRO JAYA,POLRES METRO JAKARTA UTARA,,,Memasuki Pekarangan Tanpa Ijin,2,blank kecamatan
2026,POLDA METRO JAYA,POLRES METRO JAKARTA UTARA,,,Menjual atau mengedarkan obat keras / bebas terbatas tanpa ijin,4,blank kecamatan
2026,POLDA METRO JAYA,POLRES METRO JAKARTA UTARA,,,Narkotika ( Narkoba ),39,blank kecamatan
2026,POLDA METRO JAYA,POLRES METRO JAKARTA UTARA,,,Pemalsuan Surat Otentik,5,blank kecamatan
2026,POLDA METRO JAYA,POLRES METRO JAKARTA UTARA,,,Pemerasan Dan Pengancaman,1,blank kecamatan
2026,POLDA METRO JAYA,POLRES METRO JAKARTA UTARA,,,Pencemaran Nama Baik,3,blank kecamatan
2026,POLDA METRO JAYA,POLRES METRO JAKARTA UTARA,,,Pencurian Biasa,6,blank kecamatan
2026,POLDA METRO JAYA,POLRES METRO JAKARTA UTARA,,,Pencurian Dengan Kekerasan ( Curas ),2,blank kecamatan
2026,POLDA METRO JAYA,POLRES METRO JAKARTA UTARA,,,Pencurian Dengan Pemberatan ( Curat ),8,blank kecamatan
2026,POLDA METRO JAYA,POLRES METRO JAKARTA UTARA,,,Penganiayaan,11,blank kecamatan
2026,POLDA METRO JAYA,POLRES METRO JAKARTA UTARA,,,Penganiayaan Berat ( Anirat ),2,blank kecamatan
2026,POLDA METRO JAYA,POLRES METRO JAKARTA UTARA,,,Pengeroyokan,7,blank kecamatan
2026,POLDA METRO JAYA,POLRES METRO JAKARTA UTARA,,,Penggelapan,26,blank kecamatan
2026,POLDA METRO JAYA,POLRES METRO JAKARTA UTARA,,,Penipuan / Perbuatan Curang,38,blank kecamatan
2026,POLDA METRO JAYA,POLRES METRO JAKARTA UTARA,,,Penyerobotan Tanah,2,blank kecamatan
2026,POLDA METRO JAYA,POLRES METRO JAKARTA UTARA,,CILINCING,,66,blank crime type
2026,POLDA METRO JAYA,POLRES METRO JAKARTA UTARA,,DUREN SAWIT,,1,blank crime type
2026,POLDA METRO JAYA,POLRES METRO JAKARTA UTARA,,GAMBIR,,3,blank crime type
2026,POLDA METRO JAYA,POLRES METRO JAKARTA UTARA,,JATINEGARA,,1,blank crime type
2026,POLDA METRO JAYA,POLRES METRO JAKARTA UTARA,,KELAPA GADING,,44,blank crime type
2026,POLDA METRO JAYA,POLRES METRO JAKARTA UTARA,,KOJA,,63,blank crime type
2026,POLDA METRO JAYA,POLRES METRO JAKARTA UTARA,,PADEMANGAN,,27,blank crime type
2026,POLDA METRO JAYA,POLRES METRO JAKARTA UTARA,,PENJARINGAN,,51,blank crime type
2026,POLDA METRO JAYA,POLRES METRO JAKARTA UTARA,,PULO GADUNG,,1,blank crime type
2026,POLDA METRO JAYA,POLRES METRO JAKARTA UTARA,,TAMAN SARI,,1,blank crime type
2026,POLDA METRO JAYA,POLRES METRO JAKARTA UTARA,,TANJUNG PRIOK,,132,blank crime type
2026,POLDA METRO JAYA,POLRES METRO JAKARTA UTARA,POLSEK CILINCING JAKARTA UTARA,,Curanmor R-2,1,blank kecamatan
2026,POLDA METRO JAYA,POLRES METRO JAKARTA UTARA,POLSEK CILINCING JAKARTA UTARA,,Narkotika ( Narkoba ),2,blank kecamatan
2026,POLDA METRO JAYA,POLRES METRO JAKARTA UTARA,POLSEK CILINCING JAKARTA UTARA,,Pencurian Biasa,2,blank kecamatan
2026,POLDA METRO JAYA,POLRES METRO JAKARTA UTARA,POLSEK CILINCING JAKARTA UTARA,,Pencurian Dengan Pemberatan ( Curat ),1,blank kecamatan
2026,POLDA METRO JAYA,POLRES METRO JAKARTA UTARA,POLSEK CILINCING JAKARTA UTARA,,Pengeroyokan,2,blank kecamatan
2026,POLDA METRO JAYA,POLRES METRO JAKARTA UTARA,POLSEK CILINCING JAKARTA UTARA,,Penipuan / Perbuatan Curang,1,blank kecamatan
2026,POLDA METRO JAYA,POLRES METRO JAKARTA UTARA,POLSEK CILINCING JAKARTA UTARA,CILINCING,,68,blank crime type
2026,POLDA METRO JAYA,POLRES METRO JAKARTA UTARA,POLSEK CILINCING JAKARTA UTARA,PENJARINGAN,,1,blank crime type
2026,POLDA METRO JAYA,POLRES METRO JAKARTA UTARA,POLSEK KELAPA GADING JAKARTA UTARA,,Narkotika ( Narkoba ),2,blank kecamatan
2026,POLDA METRO JAYA,POLRES METRO JAKARTA UTARA,POLSEK KELAPA GADING JAKARTA UTARA,,Penculikan,1,blank kecamatan
2026,POLDA METRO JAYA,POLRES METRO JAKARTA UTARA,POLSEK KELAPA GADING JAKARTA UTARA,,Pencurian Biasa,1,blank kecamatan
2026,POLDA METRO JAYA,POLRES METRO JAKARTA UTARA,POLSEK KELAPA GADING JAKARTA UTARA,,Pencurian Dengan Kekerasan ( Curas ),1,blank kecamatan
2026,POLDA METRO JAYA,POLRES METRO JAKARTA UTARA,POLSEK KELAPA GADING JAKARTA UTARA,,Pencurian Dengan Pemberatan ( Curat ),1,blank kecamatan
2026,POLDA METRO JAYA,POLRES METRO JAKARTA UTARA,POLSEK KELAPA GADING JAKARTA UTARA,,Penganiayaan,2,blank kecamatan
2026,POLDA METRO JAYA,POLRES METRO JAKARTA UTARA,POLSEK KELAPA GADING JAKARTA UTARA,,Pengeroyokan,1,blank kecamatan
2026,POLDA METRO JAYA,POLRES METRO JAKARTA UTARA,POLSEK KELAPA GADING JAKARTA UTARA,,Penggelapan,3,blank kecamatan
2026,POLDA METRO JAYA,POLRES METRO JAKARTA UTARA,POLSEK KELAPA GADING JAKARTA UTARA,CILINCING,,2,blank crime type
2026,POLDA METRO JAYA,POLRES METRO JAKARTA UTARA,POLSEK KELAPA GADING JAKARTA UTARA,KELAPA GADING,,84,blank crime type
2026,POLDA METRO JAYA,POLRES METRO JAKARTA UTARA,POLSEK KELAPA GADING JAKARTA UTARA,PADEMANGAN,,1,blank crime type
2026,POLDA METRO JAYA,POLRES METRO JAKARTA UTARA,POLSEK KELAPA GADING JAKARTA UTARA,TANJUNG PRIOK,,1,blank crime type
2026,POLDA METRO JAYA,POLRES METRO JAKARTA UTARA,POLSEK KOJA JAKARTA UTARA,,Curanmor R-2,3,blank kecamatan
2026,POLDA METRO JAYA,POLRES METRO JAKARTA UTARA,POLSEK KOJA JAKARTA UTARA,,Kejahatan Terkait Senjata Tajam ( Sajam ) ( Premanisme ),1,blank kecamatan
2026,POLDA METRO JAYA,POLRES METRO JAKARTA UTARA,POLSEK KOJA JAKARTA UTARA,,Membahayakan Keamanan Umum Bagi  Orang / Barang,1,blank kecamatan
2026,POLDA METRO JAYA,POLRES METRO JAKARTA UTARA,POLSEK KOJA JAKARTA UTARA,,Narkotika ( Narkoba ),2,blank kecamatan
2026,POLDA METRO JAYA,POLRES METRO JAKARTA UTARA,POLSEK KOJA JAKARTA UTARA,,Pencurian Biasa,3,blank kecamatan
2026,POLDA METRO JAYA,POLRES METRO JAKARTA UTARA,POLSEK KOJA JAKARTA UTARA,,Pencurian Dengan Pemberatan ( Curat ),8,blank kecamatan
2026,POLDA METRO JAYA,POLRES METRO JAKARTA UTARA,POLSEK KOJA JAKARTA UTARA,,Penganiayaan Berat ( Anirat ),2,blank kecamatan
2026,POLDA METRO JAYA,POLRES METRO JAKARTA UTARA,POLSEK KOJA JAKARTA UTARA,,Pengeroyokan,1,blank kecamatan
2026,POLDA METRO JAYA,POLRES METRO JAKARTA UTARA,POLSEK KOJA JAKARTA UTARA,,Pengerusakan,1,blank kecamatan
2026,POLDA METRO JAYA,POLRES METRO JAKARTA UTARA,POLSEK KOJA JAKARTA UTARA,,Penggelapan,2,blank kecamatan
2026,POLDA METRO JAYA,POLRES METRO JAKARTA UTARA,POLSEK KOJA JAKARTA UTARA,,Penipuan / Perbuatan Curang,3,blank kecamatan
2026,POLDA METRO JAYA,POLRES METRO JAKARTA UTARA,POLSEK KOJA JAKARTA UTARA,CAKUNG,,1,blank crime type
2026,POLDA METRO JAYA,POLRES METRO JAKARTA UTARA,POLSEK KOJA JAKARTA UTARA,KOJA,,68,blank crime type
2026,POLDA METRO JAYA,POLRES METRO JAKARTA UTARA,POLSEK KOJA JAKARTA UTARA,TANJUNG PRIOK,,1,blank crime type
2026,POLDA METRO JAYA,POLRES METRO JAKARTA UTARA,POLSEK METRO PENJARINGAN,,Curanmor R-2,2,blank kecamatan
2026,POLDA METRO JAYA,POLRES METRO JAKARTA UTARA,POLSEK METRO PENJARINGAN,,Kejahatan terkait Tenaga Kesehatan,2,blank kecamatan
2026,POLDA METRO JAYA,POLRES METRO JAKARTA UTARA,POLSEK METRO PENJARINGAN,,Narkotika ( Narkoba ),1,blank kecamatan
2026,POLDA METRO JAYA,POLRES METRO JAKARTA UTARA,POLSEK METRO PENJARINGAN,,Pencurian Biasa,3,blank kecamatan
2026,POLDA METRO JAYA,POLRES METRO JAKARTA UTARA,POLSEK METRO PENJARINGAN,,Pencurian Dengan Kekerasan ( Curas ),2,blank kecamatan
2026,POLDA METRO JAYA,POLRES METRO JAKARTA UTARA,POLSEK METRO PENJARINGAN,,Penganiayaan Berat ( Anirat ),1,blank kecamatan
2026,POLDA METRO JAYA,POLRES METRO JAKARTA UTARA,POLSEK METRO PENJARINGAN,,Penggelapan,1,blank kecamatan
2026,POLDA METRO JAYA,POLRES METRO JAKARTA UTARA,POLSEK METRO PENJARINGAN,PENJARINGAN,,39,blank crime type
2026,POLDA METRO JAYA,POLRES METRO JAKARTA UTARA,POLSEK METRO PENJARINGAN,PULO GADUNG,,1,blank crime type
2026,POLDA METRO JAYA,POLRES METRO JAKARTA UTARA,POLSEK METRO PENJARINGAN,TAMBORA,,1,blank crime type
2026,POLDA METRO JAYA,POLRES METRO JAKARTA UTARA,POLSEK PADEMANGAN,,,1,blank kecamatan
2026,POLDA METRO JAYA,POLRES METRO JAKARTA UTARA,POLSEK PADEMANGAN,,Narkotika ( Narkoba ),2,blank kecamatan
2026,POLDA METRO JAYA,POLRES METRO JAKARTA UTARA,POLSEK PADEMANGAN,,Pencurian Dengan Pemberatan ( Curat ),3,blank kecamatan
2026,POLDA METRO JAYA,POLRES METRO JAKARTA UTARA,POLSEK PADEMANGAN,,Penganiayaan,1,blank kecamatan
2026,POLDA METRO JAYA,POLRES METRO JAKARTA UTARA,POLSEK PADEMANGAN,,Penggelapan,2,blank kecamatan
2026,POLDA METRO JAYA,POLRES METRO JAKARTA UTARA,POLSEK PADEMANGAN,PADEMANGAN,,64,blank crime type
2026,POLDA METRO JAYA,POLRES METRO JAKARTA UTARA,POLSEK PADEMANGAN,TAMAN SARI,,3,blank crime type
2026,POLDA METRO JAYA,POLRES METRO JAKARTA UTARA,POLSEK TANJUNG PRIOK,,Curanmor R-2,4,blank kecamatan
2026,POLDA METRO JAYA,POLRES METRO JAKARTA UTARA,POLSEK TANJUNG PRIOK,,Pencurian Biasa,3,blank kecamatan
2026,POLDA METRO JAYA,POLRES METRO JAKARTA UTARA,POLSEK TANJUNG PRIOK,,Pencurian Dengan Pemberatan ( Curat ),11,blank kecamatan
2026,POLDA METRO JAYA,POLRES METRO JAKARTA UTARA,POLSEK TANJUNG PRIOK,,Pengancaman,1,blank kecamatan
2026,POLDA METRO JAYA,POLRES METRO JAKARTA UTARA,POLSEK TANJUNG PRIOK,,Penggelapan,2,blank kecamatan
2026,POLDA METRO JAYA,POLRES METRO JAKARTA UTARA,POLSEK TANJUNG PRIOK,,Penipuan / Perbuatan Curang,1,blank kecamatan
2026,POLDA METRO JAYA,POLRES METRO JAKARTA UTARA,POLSEK TANJUNG PRIOK,TANJUNG PRIOK,,27,blank crime type
2026,POLDA METRO JAYA,POLRES METRO TANGERANG KOTA,,,Narkotika ( Narkoba ),1,blank kecamatan
2026,POLDA METRO JAYA,POLRES METRO TANGERANG KOTA,,KALI DERES,,1,blank crime type
2026,POLDA METRO JAYA,POLRES METRO TANGERANG KOTA,,KEMBANGAN,,1,blank crime type
2026,POLDA METRO JAYA,POLRES METRO TANGERANG KOTA,,PENJARINGAN,,1,blank crime type
2026,POLDA METRO JAYA,POLRES METRO TANGERANG KOTA,POLSEK JATIUWUNG,,Narkotika ( Narkoba ),1,blank kecamatan
2026,POLDA METRO JAYA,POLRES METRO TANGERANG KOTA,POLSEK SEPATAN,PALMERAH,,1,blank crime type
2026,POLDA METRO JAYA,POLRES PELABUHAN TANJUNG PRIOK,,,Cabul,1,blank kecamatan
2026,POLDA METRO JAYA,POLRES PELABUHAN TANJUNG PRIOK,,,Kejahatan Tentang Minyak Dan Gas  ( MIGAS ),2,blank kecamatan
2026,POLDA METRO JAYA,POLRES PELABUHAN TANJUNG PRIOK,,,Menjual atau mengedarkan obat keras / bebas terbatas tanpa ijin,2,blank kecamatan
2026,POLDA METRO JAYA,POLRES PELABUHAN TANJUNG PRIOK,,,Narkotika ( Narkoba ),5,blank kecamatan
2026,POLDA METRO JAYA,POLRES PELABUHAN TANJUNG PRIOK,,,Pemalsuan Surat Otentik,2,blank kecamatan
2026,POLDA METRO JAYA,POLRES PELABUHAN TANJUNG PRIOK,,,Pencurian Dengan Pemberatan ( Curat ),2,blank kecamatan
2026,POLDA METRO JAYA,POLRES PELABUHAN TANJUNG PRIOK,,,Penggelapan,2,blank kecamatan
2026,POLDA METRO JAYA,POLRES PELABUHAN TANJUNG PRIOK,,,Penipuan / Perbuatan Curang,3,blank kecamatan
2026,POLDA METRO JAYA,POLRES PELABUHAN TANJUNG PRIOK,,CILINCING,,2,blank crime type
2026,POLDA METRO JAYA,POLRES PELABUHAN TANJUNG PRIOK,,DUREN SAWIT,,1,blank crime type
2026,POLDA METRO JAYA,POLRES PELABUHAN TANJUNG PRIOK,,GROGOL PETAMBURAN,,2,blank crime type
2026,POLDA METRO JAYA,POLRES PELABUHAN TANJUNG PRIOK,,JATINEGARA,,1,blank crime type
2026,POLDA METRO JAYA,POLRES PELABUHAN TANJUNG PRIOK,,KOJA,,4,blank crime type
2026,POLDA METRO JAYA,POLRES PELABUHAN TANJUNG PRIOK,,PADEMANGAN,,3,blank crime type
2026,POLDA METRO JAYA,POLRES PELABUHAN TANJUNG PRIOK,,PENJARINGAN,,5,blank crime type
2026,POLDA METRO JAYA,POLRES PELABUHAN TANJUNG PRIOK,,TAMBORA,,1,blank crime type
2026,POLDA METRO JAYA,POLRES PELABUHAN TANJUNG PRIOK,,TANJUNG PRIOK,,16,blank crime type
2026,POLDA METRO JAYA,POLRES PELABUHAN TANJUNG PRIOK,POLSEK KAWASAN KALIBARU,,Narkotika ( Narkoba ),6,blank kecamatan
2026,POLDA METRO JAYA,POLRES PELABUHAN TANJUNG PRIOK,POLSEK KAWASAN KALIBARU,,Pencurian Biasa,1,blank kecamatan
2026,POLDA METRO JAYA,POLRES PELABUHAN TANJUNG PRIOK,POLSEK KAWASAN KALIBARU,,Penganiayaan,1,blank kecamatan
2026,POLDA METRO JAYA,POLRES PELABUHAN TANJUNG PRIOK,POLSEK KAWASAN KALIBARU,KOJA,,2,blank crime type
2026,POLDA METRO JAYA,POLRES PELABUHAN TANJUNG PRIOK,POLSEK KAWASAN KALIBARU,PADEMANGAN,,2,blank crime type
2026,POLDA METRO JAYA,POLRES PELABUHAN TANJUNG PRIOK,POLSEK KAWASAN KALIBARU,TANJUNG PRIOK,,5,blank crime type
2026,POLDA METRO JAYA,POLRES PELABUHAN TANJUNG PRIOK,POLSEK KAWASAN MUARA BARU,,Kejahatan Tentang Konservasi Sumber Daya Alam Hayati Dan Ekosistem,1,blank kecamatan
2026,POLDA METRO JAYA,POLRES PELABUHAN TANJUNG PRIOK,POLSEK KAWASAN MUARA BARU,,Narkotika ( Narkoba ),1,blank kecamatan
2026,POLDA METRO JAYA,POLRES PELABUHAN TANJUNG PRIOK,POLSEK KAWASAN MUARA BARU,,Pemalsuan Surat Otentik,1,blank kecamatan
2026,POLDA METRO JAYA,POLRES PELABUHAN TANJUNG PRIOK,POLSEK KAWASAN MUARA BARU,,Pencurian Biasa,1,blank kecamatan
2026,POLDA METRO JAYA,POLRES PELABUHAN TANJUNG PRIOK,POLSEK KAWASAN MUARA BARU,,Penipuan / Perbuatan Curang,1,blank kecamatan
2026,POLDA METRO JAYA,POLRES PELABUHAN TANJUNG PRIOK,POLSEK KAWASAN MUARA BARU,PENJARINGAN,,7,blank crime type
2026,POLDA METRO JAYA,POLRES PELABUHAN TANJUNG PRIOK,POLSEK KAWASAN MUARA BARU,TAMAN SARI,,1,blank crime type
2026,POLDA METRO JAYA,POLRES PELABUHAN TANJUNG PRIOK,POLSEK KAWASAN SUNDA KELAPA,,Narkotika ( Narkoba ),1,blank kecamatan
2026,POLDA METRO JAYA,POLRES PELABUHAN TANJUNG PRIOK,POLSEK KAWASAN SUNDA KELAPA,,Pengeroyokan,1,blank kecamatan
2026,POLDA METRO JAYA,POLRES PELABUHAN TANJUNG PRIOK,POLSEK KAWASAN SUNDA KELAPA,,Penggelapan,2,blank kecamatan
2026,POLDA METRO JAYA,POLRES PELABUHAN TANJUNG PRIOK,POLSEK KAWASAN SUNDA KELAPA,PADEMANGAN,,2,blank crime type
2026,POLDA METRO JAYA,POLRES PELABUHAN TANJUNG PRIOK,POLSEK KAWASAN SUNDA KELAPA,PENJARINGAN,,6,blank crime type
2026,POLDA METRO JAYA,POLRES TANGERANG SELATAN,,,Kejahatan Tentang Jaminan Fidusia,1,blank kecamatan
2026,POLDA METRO JAYA,POLRES TANGERANG SELATAN,,,Manipulasi data autentik secara elektronik (ITE),1,blank kecamatan
2026,POLDA METRO JAYA,POLRES TANGERANG SELATAN,,,Narkotika ( Narkoba ),5,blank kecamatan
2026,POLDA METRO JAYA,POLRES TANGERANG SELATAN,,,Penipuan / Perbuatan Curang,1,blank kecamatan
2026,POLDA METRO JAYA,POLRES TANGERANG SELATAN,,CENGKARENG,,1,blank crime type
2026,POLDA METRO JAYA,POLRES TANGERANG SELATAN,,CILANDAK,,2,blank crime type
2026,POLDA METRO JAYA,POLRES TANGERANG SELATAN,,JAGAKARSA,,1,blank crime type
2026,POLDA METRO JAYA,POLRES TANGERANG SELATAN,,KALI DERES,,1,blank crime type
2026,POLDA METRO JAYA,POLRES TANGERANG SELATAN,,KEBAYORAN LAMA,,2,blank crime type
2026,POLDA METRO JAYA,POLRES TANGERANG SELATAN,,KEBON JERUK,,1,blank crime type
2026,POLDA METRO JAYA,POLRES TANGERANG SELATAN,,KEMBANGAN,,1,blank crime type
2026,POLDA METRO JAYA,POLRES TANGERANG SELATAN,,MAKASAR,,1,blank crime type
2026,POLDA METRO JAYA,POLRES TANGERANG SELATAN,,MAMPANG PRAPATAN,,1,blank crime type
2026,POLDA METRO JAYA,POLRES TANGERANG SELATAN,,PESANGGRAHAN,,1,blank crime type
2026,POLDA METRO JAYA,POLRES TANGERANG SELATAN,,SAWAH BESAR,,1,blank crime type
2026,POLDA METRO JAYA,POLRES TANGERANG SELATAN,,TAMBORA,,1,blank crime type
2026,POLDA METRO JAYA,POLRES TANGERANG SELATAN,,TANJUNG PRIOK,,1,blank crime type
2026,POLDA METRO JAYA,POLRES TANGERANG SELATAN,POLSEK KELAPA DUA,,Pencurian Dengan Pemberatan ( Curat ),1,blank kecamatan
2026,POLDA METRO JAYA,POLRES TANGERANG SELATAN,POLSEK PAMULANG,,Penipuan / Perbuatan Curang,2,blank kecamatan
2026,POLDA METRO JAYA,POLRES TANGERANG SELATAN,POLSEK SERPONG,MENTENG,,1,blank crime type
2026,POLDA METRO JAYA,POLRESTA BANDARA SOEKARNO HATTA,,,Narkotika ( Narkoba ),1,blank kecamatan
2026,POLDA METRO JAYA,POLRESTA BANDARA SOEKARNO HATTA,,KALI DERES,,1,blank crime type
