kecamatan,jenis_kejahatan,time_window,year
KEBAYORAN BARU,Curanmor R-2,05:00-07:59,2026
KEBAYORAN BARU,Curanmor R-2,05:00-07:59,2026
KEBAYORAN BARU,Manipulasi data autentik secara elektronik (ITE),05:00-07:59,2026
KEBAYORAN BARU,Mengakibatkan Orang Luka,05:00-07:59,2026
KEBAYORAN BARU,Pemerasan Dan Pengancaman,05:00-07:59,2026
KEBAYORAN BARU,Pencurian Biasa,05:00-07:59,2026
KEBAYORAN BARU,Pencurian Biasa,05:00-07:59,2026
KEBAYORAN BARU,Pencurian Biasa,05:00-07:59,2026
KEBAYORAN BARU,Pencurian Biasa,05:00-07:59,2026
KEBAYORAN BARU,Pencurian Biasa,05:00-07:59,2026
KEBAYORAN BARU,Pencurian Dengan Pemberatan ( Curat ),05:00-07:59,2026
KEBAYORAN BARU,Pencurian Dengan Pemberatan ( Curat ),05:00-07:59,2026
KEBAYORAN BARU,Pencurian Dengan Pemberatan ( Curat ),05:00-07:59,2026
KEBAYORAN BARU,Pencurian Dengan Pemberatan ( Curat ),05:00-07:59,2026
KEBAYORAN BARU,Pencurian Dengan Pemberatan ( Curat ),05:00-07:59,2026
KEBAYORAN BARU,Pencurian Dengan Pemberatan ( Curat ),05:00-07:59,2026
KEBAYORAN BARU,Pencurian Dengan Pemberatan ( Curat ),05:00-07:59,2026
KEBAYORAN BARU,Pencurian Dengan Pemberatan ( Curat ),05:00-07:59,2026
KEBAYORAN BARU,Pencurian Dengan Pemberatan ( Curat ),05:00-07:59,2026
KEBAYORAN BARU,Pencurian Dengan Pemberatan ( Curat ),05:00-07:59,2026
KEBAYORAN BARU,Pencurian Dengan Pemberatan ( Curat ),05:00-07:59,2026
KEBAYORAN BARU,Penganiayaan,05:00-07:59,2026
KEBAYORAN BARU,Penggelapan,05:00-07:59,2026
KEBAYORAN BARU,Penipuan / Perbuatan Curang,05:00-07:59,2026
KEBAYORAN BARU,Penipuan / Perbuatan Curang,05:00-07:59,2026
KEBAYORAN BARU,Tindak Pidana Transfer Dana,05:00-07:59,2026
KEBAYORAN BARU,Curanmor R-2,08:00-11:59,2026
KEBAYORAN BARU,Curanmor R-2,08:00-11:59,2026
KEBAYORAN BARU,Curanmor R-2,08:00-11:59,2026
KEBAYORAN BARU,Curanmor R-2,08:00-11:59,2026
KEBAYORAN BARU,Curanmor R-2,08:00-11:59,2026
KEBAYORAN BARU,Curanmor R-2,08:00-11:59,2026
KEBAYORAN BARU,Kejahatan Tentang Jaminan Fidusia,08:00-11:59,2026
KEBAYORAN BARU,Kejahatan Terkait Perlindungan Data Pribadi,08:00-11:59,2026
KEBAYORAN BARU,Kekerasan Dalam Rumah Tangga,08:00-11:59,2026
KEBAYORAN BARU,Kekerasan Dalam Rumah Tangga,08:00-11:59,2026
KEBAYORAN BARU,Kekerasan Dalam Rumah Tangga,08:00-11:59,2026
KEBAYORAN BARU,Kekerasan Seksual (KDRT),08:00-11:59,2026
KEBAYORAN BARU,Manipulasi data autentik secara elektronik (ITE),08:00-11:59,2026
KEBAYORAN BARU,Manipulasi data autentik secara elektronik (ITE),08:00-11:59,2026
KEBAYORAN BARU,Manipulasi data autentik secara elektronik (ITE),08:00-11:59,2026
KEBAYORAN BARU,Manipulasi data autentik secara elektronik (ITE),08:00-11:59,2026
KEBAYORAN BARU,Manipulasi data autentik secara elektronik (ITE),08:00-11:59,2026
KEBAYORAN BARU,Manipulasi data autentik secara elektronik (ITE),08:00-11:59,2026
KEBAYORAN BARU,Manipulasi data autentik secara elektronik (ITE),08:00-11:59,2026
KEBAYORAN BARU,Manipulasi data autentik secara elektronik (ITE),08:00-11:59,2026
KEBAYORAN BARU,Manipulasi data autentik secara elektronik (ITE),08:00-11:59,2026
KEBAYORAN BARU,Manipulasi data autentik secara elektronik (ITE),08:00-11:59,2026
KEBAYORAN BARU,Manipulasi data autentik secara elektronik (ITE),08:00-11:59,2026
KEBAYORAN BARU,Manipulasi data autentik secara elektronik (ITE),08:00-11:59,2026
KEBAYORAN BARU,Manipulasi data autentik secara elektronik (ITE),08:00-11:59,2026
KEBAYORAN BARU,Manipulasi data autentik secara elektronik (ITE),08:00-11:59,2026
KEBAYORAN BARU,Manipulasi data autentik secara elektronik (ITE),08:00-11:59,2026
KEBAYORAN BARU,Manipulasi data autentik secara elektronik (ITE),08:00-11:59,2026
KEBAYORAN BARU,Manipulasi data autentik secara elektronik (ITE),08:00-11:59,2026
KEBAYORAN BARU,Manipulasi data autentik secara elektronik (ITE),08:00-11:59,2026
KEBAYORAN BARU,Manipulasi data autentik secara elektronik (ITE),08:00-11:59,2026
KEBAYORAN BARU,Manipulasi data autentik secara elektronik (ITE),08:00-11:59,2026
KEBAYORAN BARU,Manipulasi data autentik secara elektronik (ITE),08:00-11:59,2026
KEBAYORAN BARU,Manipulasi data autentik secara elektronik (ITE),08:00-11:59,2026
KEBAYORAN BARU,Memasuki Pekarangan Tanpa Ijin,08:00-11:59,2026
KEBAYORAN BARU,Memasuki Pekarangan Tanpa Ijin,08:00-11:59,2026
KEBAYORAN BARU,Narkotika ( Narkoba ),08:00-11:59,2026
KEBAYORAN BARU,Narkotika ( Narkoba ),08:00-11:59,2026
KEBAYORAN BARU,Narkotika ( Narkoba ),08:00-11:59,2026
KEBAYORAN BARU,Pencemaran Nama Baik,08:00-11:59,2026
KEBAYORAN BARU,Pencemaran Nama Baik,08:00-11:59,2026
KEBAYORAN BARU,Pencemaran Nama Baik,08:00-11:59,2026
KEBAYORAN BARU,Pencemaran Nama Baik,08:00-11:59,2026
KEBAYORAN BARU,Pencemaran Nama Baik,08:00-11:59,2026
KEBAYORAN BARU,Pencurian Biasa,08:00-11:59,2026
KEBAYORAN BARU,Pencurian Biasa,08:00-11:59,2026
KEBAYORAN BARU,Pencurian Biasa,08:00-11:59,2026
KEBAYORAN BARU,Pencurian Biasa,08:00-11:59,2026
KEBAYORAN BARU,Pencurian Biasa,08:00-11:59,2026
KEBAYORAN BARU,Pencurian Biasa,08:00-11:59,2026
KEBAYORAN BARU,Pencurian Biasa,08:00-11:59,2026
KEBAYORAN BARU,Pencurian Biasa,08:00-11:59,2026
KEBAYORAN BARU,Pencurian Biasa,08:00-11:59,2026
KEBAYORAN BARU,Pencurian Biasa,08:00-11:59,2026
KEBAYORAN BARU,Pencurian Biasa,08:00-11:59,2026
KEBAYORAN BARU,Pencurian Biasa,08:00-11:59,2026
KEBAYORAN BARU,Pencurian Biasa,08:00-11:59,2026
KEBAYORAN BARU,Pencurian Biasa,08:00-11:59,2026
KEBAYORAN BARU,Pencurian Biasa,08:00-11:59,2026
KEBAYORAN BARU,Pencurian Biasa,08:00-11:59,2026
KEBAYORAN BARU,Pencurian Biasa,08:00-11:59,2026
KEBAYORAN BARU,Pencurian Biasa,08:00-11:59,2026
KEBAYORAN BARU,Pencurian Biasa,08:00-11:59,2026
KEBAYORAN BARU,Pencurian Biasa,08:00-11:59,2026
KEBAYORAN BARU,Pencurian Dengan Pemberatan ( Curat ),08:00-11:59,2026
KEBAYORAN BARU,Pencurian Dengan Pemberatan ( Curat ),08:00-11:59,2026
KEBAYORAN BARU,Pencurian Dengan Pemberatan ( Curat ),08:00-11:59,2026
KEBAYORAN BARU,Pencurian Dengan Pemberatan ( Curat ),08:00-11:59,2026
KEBAYORAN BARU,Pencurian Dengan Pemberatan ( Curat ),08:00-11:59,2026
KEBAYORAN BARU,Pencurian Dengan Pemberatan ( Curat ),08:00-11:59,2026
KEBAYORAN BARU,Pencurian Dengan Pemberatan ( Curat ),08:00-11:59,2026
KEBAYORAN BARU,Pencurian Dengan Pemberatan ( Curat ),08:00-11:59,2026
KEBAYORAN BARU,Pengancaman,08:00-11:59,2026
KEBAYORAN BARU,Pengancaman,08:00-11:59,2026
KEBAYORAN BARU,Penganiayaan,08:00-11:59,2026
KEBAYORAN BARU,Penganiayaan,08:00-11:59,2026
KEBAYORAN BARU,Penganiayaan,08:00-11:59,2026
KEBAYORAN BARU,Penganiayaan,08:00-11:59,2026
KEBAYORAN BARU,Pengeroyokan,08:00-11:59,2026
KEBAYORAN BARU,Pengerusakan,08:00-11:59,2026
KEBAYORAN BARU,Penggelapan,08:00-11:59,2026
KEBAYORAN BARU,Penggelapan,08:00-11:59,2026
KEBAYORAN BARU,Penggelapan,08:00-11:59,2026
KEBAYORAN BARU,Penggelapan,08:00-11:59,2026
KEBAYORAN BARU,Penggelapan,08:00-11:59,2026
KEBAYORAN BARU,Penggelapan,08:00-11:59,2026
KEBAYORAN BARU,Penggelapan,08:00-11:59,2026
KEBAYORAN BARU,Penggelapan,08:00-11:59,2026
KEBAYORAN BARU,Penggelapan,08:00-11:59,2026
KEBAYORAN BARU,Penipuan / Perbuatan Curang,08:00-11:59,2026
KEBAYORAN BARU,Penipuan / Perbuatan Curang,08:00-11:59,2026
KEBAYORAN BARU,Penipuan / Perbuatan Curang,08:00-11:59,2026
KEBAYORAN BARU,Penipuan / Perbuatan Curang,08:00-11:59,2026
KEBAYORAN BARU,Penipuan / Perbuatan Curang,08:00-11:59,2026
KEBAYORAN BARU,Penipuan / Perbuatan Curang,08:00-11:59,2026
KEBAYORAN BARU,Penipuan / Perbuatan Curang,08:00-11:59,2026
KEBAYORAN BARU,Penipuan / Perbuatan Curang,08:00-11:59,2026
KEBAYORAN BARU,Penipuan / Perbuatan Curang,08:00-11:59,2026
KEBAYORAN BARU,Penipuan / Perbuatan Curang,08:00-11:59,2026
KEBAYORAN BARU,Penipuan / Perbuatan Curang,08:00-11:59,2026
KEBAYORAN BARU,Penipuan / Perbuatan Curang,08:00-11:59,2026
KEBAYORAN BARU,Penipuan / Perbuatan Curang,08:00-11:59,2026
KEBAYORAN BARU,Penipuan / Perbuatan Curang,08:00-11:59,2026
KEBAYORAN BARU,Penipuan / Perbuatan Curang,08:00-11:59,2026
KEBAYORAN BARU,Penipuan / Perbuatan Curang,08:00-11:59,2026
KEBAYORAN BARU,Penipuan / Perbuatan Curang,08:00-11:59,2026
KEBAYORAN BARU,Penipuan / Perbuatan Curang,08:00-11:59,2026
KEBAYORAN BARU,Penipuan / Perbuatan Curang,08:00-11:59,2026
KEBAYORAN BARU,Penipuan / Perbuatan Curang,08:00-11:59,2026
KEBAYORAN BARU,Penipuan / Perbuatan Curang,08:00-11:59,2026
KEBAYORAN BARU,Penipuan / Perbuatan Curang,08:00-11:59,2026
KEBAYORAN BARU,Penipuan / Perbuatan Curang,08:00-11:59,2026
KEBAYORAN BARU,Penipuan / Perbuatan Curang,08:00-11:59,2026
KEBAYORAN BARU,Penipuan / Perbuatan Curang,08:00-11:59,2026
KEBAYORAN BARU,Penipuan / Perbuatan Curang,08:00-11:59,2026
KEBAYORAN BARU,Penipuan / Perbuatan Curang,08:00-11:59,2026
KEBAYORAN BARU,Penipuan / Perbuatan Curang,08:00-11:59,2026
KEBAYORAN BARU,Penistaan Agama,08:00-11:59,2026
KEBAYORAN BARU,Penyebaran Berita Bohong ( Hoax ),08:00-11:59,2026
KEBAYORAN BARU,Perbankan,08:00-11:59,2026
KEBAYORAN BARU,Percobaan Pencurian,08:00-11:59,2026
KEBAYORAN BARU,Psikotropika ( Narkoba ),08:00-11:59,2026
KEBAYORAN BARU,Tindak Pidana Dalam Perlindungan Anak,08:00-11:59,2026
KEBAYORAN BARU,Curanmor R-2,12:00-14:59,2026
KEBAYORAN BARU,Curanmor R-2,12:00-14:59,2026
KEBAYORAN BARU,Curanmor R-2,12:00-14:59,2026
KEBAYORAN BARU,Curanmor R-2,12:00-14:59,2026
KEBAYORAN BARU,Kejahatan Terkait Perlindungan Data Pribadi,12:00-14:59,2026
KEBAYORAN BARU,Kejahatan Terkait Perlindungan Data Pribadi,12:00-14:59,2026
KEBAYORAN BARU,Kejahatan Terkait Perlindungan Data Pribadi,12:00-14:59,2026
KEBAYORAN BARU,Kejahatan Terkait Perlindungan Data Pribadi,12:00-14:59,2026
KEBAYORAN BARU,Kekerasan Dalam Rumah Tangga,12:00-14:59,2026
KEBAYORAN BARU,Manipulasi data autentik secara elektronik (ITE),12:00-14:59,2026
KEBAYORAN BARU,Manipulasi data autentik secara elektronik (ITE),12:00-14:59,2026
KEBAYORAN BARU,Manipulasi data autentik secara elektronik (ITE),12:00-14:59,2026
KEBAYORAN BARU,Manipulasi data autentik secara elektronik (ITE),12:00-14:59,2026
KEBAYORAN BARU,Manipulasi data autentik secara elektronik (ITE),12:00-14:59,2026
KEBAYORAN BARU,Manipulasi data autentik secara elektronik (ITE),12:00-14:59,2026
KEBAYORAN BARU,Manipulasi data autentik secara elektronik (ITE),12:00-14:59,2026
KEBAYORAN BARU,Manipulasi data autentik secara elektronik (ITE),12:00-14:59,2026
KEBAYORAN BARU,Manipulasi data autentik secara elektronik (ITE),12:00-14:59,2026
KEBAYORAN BARU,Manipulasi data autentik secara elektronik (ITE),12:00-14:59,2026
KEBAYORAN BARU,Manipulasi data autentik secara elektronik (ITE),12:00-14:59,2026
KEBAYORAN BARU,Manipulasi data autentik secara elektronik (ITE),12:00-14:59,2026
KEBAYORAN BARU,Manipulasi data autentik secara elektronik (ITE),12:00-14:59,2026
KEBAYORAN BARU,Manipulasi data autentik secara elektronik (ITE),12:00-14:59,2026
KEBAYORAN BARU,Manipulasi data autentik secara elektronik (ITE),12:00-14:59,2026
KEBAYORAN BARU,Manipulasi data autentik secara elektronik (ITE),12:00-14:59,2026
KEBAYORAN BARU,Manipulasi data autentik secara elektronik (ITE),12:00-14:59,2026
KEBAYORAN BARU,Manipulasi data autentik secara elektronik (ITE),12:00-14:59,2026
KEBAYORAN BARU,Manipulasi data autentik secara elektronik (ITE),12:00-14:59,2026
KEBAYORAN BARU,Manipulasi data autentik secara elektronik (ITE),12:00-14:59,2026
KEBAYORAN BARU,Manipulasi data autentik secara elektronik (ITE),12:00-14:59,2026
KEBAYORAN BARU,Manipulasi data autentik secara elektronik (ITE),12:00-14:59,2026
KEBAYORAN BARU,Memasuki Pekarangan Tanpa Ijin,12:00-14:59,2026
KEBAYORAN BARU,Narkotika ( Narkoba ),12:00-14:59,2026
KEBAYORAN BARU,Pemalsuan Surat Otentik,12:00-14:59,2026
KEBAYORAN BARU,Pemalsuan Surat Otentik,12:00-14:59,2026
KEBAYORAN BARU,Pemalsuan Surat Otentik,12:00-14:59,2026
KEBAYORAN BARU,Pembunuhan,12:00-14:59,2026
KEBAYORAN BARU,Pemerasan Dan Pengancaman,12:00-14:59,2026
KEBAYORAN BARU,Penadahan,12:00-14:59,2026
KEBAYORAN BARU,Penadahan,12:00-14:59,2026
KEBAYORAN BARU,Pencemaran Nama Baik,12:00-14:59,2026
KEBAYORAN BARU,Pencemaran Nama Baik,12:00-14:59,2026
KEBAYORAN BARU,Pencemaran Nama Baik,12:00-14:59,2026
KEBAYORAN BARU,Pencemaran Nama Baik,12:00-14:59,2026
KEBAYORAN BARU,Pencemaran Nama Baik,12:00-14:59,2026
KEBAYORAN BARU,Pencemaran Nama Baik,12:00-14:59,2026
KEBAYORAN BARU,Pencemaran Nama Baik,12:00-14:59,2026
KEBAYORAN BARU,Pencurian Biasa,12:00-14:59,2026
KEBAYORAN BARU,Pencurian Biasa,12:00-14:59,2026
KEBAYORAN BARU,Pencurian Biasa,12:00-14:59,2026
KEBAYORAN BARU,Pencurian Biasa,12:00-14:59,2026
KEBAYORAN BARU,Pencurian Biasa,12:00-14:59,2026
KEBAYORAN BARU,Pencurian Biasa,12:00-14:59,2026
KEBAYORAN BARU,Pencurian Biasa,12:00-14:59,2026
KEBAYORAN BARU,Pencurian Biasa,12:00-14:59,2026
KEBAYORAN BARU,Pencurian Biasa,12:00-14:59,2026
KEBAYORAN BARU,Pencurian Biasa,12:00-14:59,2026
KEBAYORAN BARU,Pencurian Biasa,12:00-14:59,2026
KEBAYORAN BARU,Pencurian Biasa,12:00-14:59,2026
KEBAYORAN BARU,Pencurian Biasa,12:00-14:59,2026
KEBAYORAN BARU,Pencurian Biasa,12:00-14:59,2026
KEBAYORAN BARU,Pencurian Biasa,12:00-14:59,2026
KEBAYORAN BARU,Pencurian Biasa,12:00-14:59,2026
KEBAYORAN BARU,Pencurian Biasa,12:00-14:59,2026
KEBAYORAN BARU,Pencurian Biasa,12:00-14:59,2026
KEBAYORAN BARU,Pencurian Biasa,12:00-14:59,2026
KEBAYORAN BARU,Pencurian Biasa,12:00-14:59,2026
KEBAYORAN BARU,Pencurian Biasa,12:00-14:59,2026
KEBAYORAN BARU,Pencurian Biasa,12:00-14:59,2026
KEBAYORAN BARU,Pencurian Biasa,12:00-14:59,2026
KEBAYORAN BARU,Pencurian Dengan Pemberatan ( Curat ),12:00-14:59,2026
KEBAYORAN BARU,Pencurian Dengan Pemberatan ( Curat ),12:00-14:59,2026
KEBAYORAN BARU,Pencurian Dengan Pemberatan ( Curat ),12:00-14:59,2026
KEBAYORAN BARU,Pencurian Dengan Pemberatan ( Curat ),12:00-14:59,2026
KEBAYORAN BARU,Pencurian Dengan Pemberatan ( Curat ),12:00-14:59,2026
KEBAYORAN BARU,Pencurian Dengan Pemberatan ( Curat ),12:00-14:59,2026
KEBAYORAN BARU,Pencurian Dengan Pemberatan ( Curat ),12:00-14:59,2026
KEBAYORAN BARU,Pencurian Dengan Pemberatan ( Curat ),12:00-14:59,2026
KEBAYORAN BARU,Pencurian Dengan Pemberatan ( Curat ),12:00-14:59,2026
KEBAYORAN BARU,Pencurian Dengan Pemberatan ( Curat ),12:00-14:59,2026
KEBAYORAN BARU,Pencurian Dengan Pemberatan ( Curat ),12:00-14:59,2026
KEBAYORAN BARU,Pengaduan Palsu,12:00-14:59,2026
KEBAYORAN BARU,Pengaduan Palsu,12:00-14:59,2026
KEBAYORAN BARU,Pengaduan Palsu,12:00-14:59,2026
KEBAYORAN BARU,Pengancaman,12:00-14:59,2026
KEBAYORAN BARU,Penganiayaan,12:00-14:59,2026
KEBAYORAN BARU,Penganiayaan,12:00-14:59,2026
KEBAYORAN BARU,Penganiayaan,12:00-14:59,2026
KEBAYORAN BARU,Penganiayaan,12:00-14:59,2026
KEBAYORAN BARU,Penganiayaan,12:00-14:59,2026
KEBAYORAN BARU,Penganiayaan,12:00-14:59,2026
KEBAYORAN BARU,Penganiayaan,12:00-14:59,2026
KEBAYORAN BARU,Penganiayaan Berat ( Anirat ),12:00-14:59,2026
KEBAYORAN BARU,Pengeroyokan,12:00-14:59,2026
KEBAYORAN BARU,Pengeroyokan,12:00-14:59,2026
KEBAYORAN BARU,Pengeroyokan,12:00-14:59,2026
KEBAYORAN BARU,Pengerusakan,12:00-14:59,2026
KEBAYORAN BARU,Penggelapan,12:00-14:59,2026
KEBAYORAN BARU,Penggelapan,12:00-14:59,2026
KEBAYORAN BARU,Penggelapan,12:00-14:59,2026
KEBAYORAN BARU,Penggelapan,12:00-14:59,2026
KEBAYORAN BARU,Penggelapan,12:00-14:59,2026
KEBAYORAN BARU,Penggelapan,12:00-14:59,2026
KEBAYORAN BARU,Penggelapan,12:00-14:59,2026
KEBAYORAN BARU,Penggelapan,12:00-14:59,2026
KEBAYORAN BARU,Penggelapan,12:00-14:59,2026
KEBAYORAN BARU,Penggelapan,12:00-14:59,2026
KEBAYORAN BARU,Penggelapan,12:00-14:59,2026
KEBAYORAN BARU,Penggelapan,12:00-14:59,2026
KEBAYORAN BARU,Penggelapan,12:00-14:59,2026
KEBAYORAN BARU,Penggelapan,12:00-14:59,2026
KEBAYORAN BARU,Penggelapan,12:00-14:59,2026
KEBAYORAN BARU,Penggelapan,12:00-14:59,2026
KEBAYORAN BARU,Penggelapan,12:00-14:59,2026
KEBAYORAN BARU,Penggelapan,12:00-14:59,2026
KEBAYORAN BARU,Penggelapan,12:00-14:59,2026
KEBAYORAN BARU,Penggelapan,12:00-14:59,2026
KEBAYORAN BARU,Penggelapan,12:00-14:59,2026
KEBAYORAN BARU,Penggelapan,12:00-14:59,2026
KEBAYORAN BARU,Penggelapan,12:00-14:59,2026
KEBAYORAN BARU,Penggelapan,12:00-14:59,2026
KEBAYORAN BARU,Penggelapan,12:00-14:59,2026
KEBAYORAN BARU,Penghinaan,12:00-14:59,2026
KEBAYORAN BARU,Penipuan / Perbuatan Curang,12:00-14:59,2026
KEBAYORAN BARU,Penipuan / Perbuatan Curang,12:00-14:59,2026
KEBAYORAN BARU,Penipuan / Perbuatan Curang,12:00-14:59,2026
KEBAYORAN BARU,Penipuan / Perbuatan Curang,12:00-14:59,2026
KEBAYORAN BARU,Penipuan / Perbuatan Curang,12:00-14:59,2026
KEBAYORAN BARU,Penipuan / Perbuatan Curang,12:00-14:59,2026
KEBAYORAN BARU,Penipuan / Perbuatan Curang,12:00-14:59,2026
KEBAYORAN BARU,Penipuan / Perbuatan Curang,12:00-14:59,2026
KEBAYORAN BARU,Penipuan / Perbuatan Curang,12:00-14:59,2026
KEBAYORAN BARU,Penipuan / Perbuatan Curang,12:00-14:59,2026
KEBAYORAN BARU,Penipuan / Perbuatan Curang,12:00-14:59,2026
KEBAYORAN BARU,Penipuan / Perbuatan Curang,12:00-14:59,2026
KEBAYORAN BARU,Penipuan / Perbuatan Curang,12:00-14:59,2026
KEBAYORAN BARU,Penipuan / Perbuatan Curang,12:00-14:59,2026
KEBAYORAN BARU,Penipuan / Perbuatan Curang,12:00-14:59,2026
KEBAYORAN BARU,Penipuan / Perbuatan Curang,12:00-14:59,2026
KEBAYORAN BARU,Penipuan / Perbuatan Curang,12:00-14:59,2026
KEBAYORAN BARU,Penipuan / Perbuatan Curang,12:00-14:59,2026
KEBAYORAN BARU,Penipuan / Perbuatan Curang,12:00-14:59,2026
KEBAYORAN BARU,Penipuan / Perbuatan Curang,12:00-14:59,2026
KEBAYORAN BARU,Penipuan / Perbuatan Curang,12:00-14:59,2026
KEBAYORAN BARU,Penipuan / Perbuatan Curang,12:00-14:59,2026
KEBAYORAN BARU,Penipuan / Perbuatan Curang,12:00-14:59,2026
KEBAYORAN BARU,Penipuan / Perbuatan Curang,12:00-14:59,2026
KEBAYORAN BARU,Penipuan / Perbuatan Curang,12:00-14:59,2026
KEBAYORAN BARU,Penipuan / Perbuatan Curang,12:00-14:59,2026
KEBAYORAN BARU,Penipuan / Perbuatan Curang,12:00-14:59,2026
KEBAYORAN BARU,Penipuan / Perbuatan Curang,12:00-14:59,2026
KEBAYORAN BARU,Penipuan / Perbuatan Curang,12:00-14:59,2026
KEBAYORAN BARU,Penipuan / Perbuatan Curang,12:00-14:59,2026
KEBAYORAN BARU,Penipuan / Perbuatan Curang,12:00-14:59,2026
KEBAYORAN BARU,Perzinahan,12:00-14:59,2026
KEBAYORAN BARU,Perzinahan,12:00-14:59,2026
KEBAYORAN BARU,Tindak Pidana Pencucian Uang ( TPPU / Money Laundering),12:00-14:59,2026
KEBAYORAN BARU,Judi,15:00-17:59,2026
KEBAYORAN BARU,Kejahatan Terkait Perlindungan Data Pribadi,15:00-17:59,2026
KEBAYORAN BARU,Kejahatan Terkait Perlindungan Data Pribadi,15:00-17:59,2026
KEBAYORAN BARU,Kejahatan Terkait Perlindungan Data Pribadi,15:00-17:59,2026
KEBAYORAN BARU,Kejahatan terkait Tenaga Kesehatan,15:00-17:59,2026
KEBAYORAN BARU,Kekerasan Dalam Rumah Tangga,15:00-17:59,2026
KEBAYORAN BARU,Kekerasan Dalam Rumah Tangga,15:00-17:59,2026
KEBAYORAN BARU,Kekerasan Seksual (KDRT),15:00-17:59,2026
KEBAYORAN BARU,"Konflik Suku, Agama, Ras, dan Antar Golongan (SARA)",15:00-17:59,2026
KEBAYORAN BARU,Korupsi ( Tipikor ),15:00-17:59,2026
KEBAYORAN BARU,Manipulasi data autentik secara elektronik (ITE),15:00-17:59,2026
KEBAYORAN BARU,Manipulasi data autentik secara elektronik (ITE),15:00-17:59,2026
KEBAYORAN BARU,Manipulasi data autentik secara elektronik (ITE),15:00-17:59,2026
KEBAYORAN BARU,Manipulasi data autentik secara elektronik (ITE),15:00-17:59,2026
KEBAYORAN BARU,Manipulasi data autentik secara elektronik (ITE),15:00-17:59,2026
KEBAYORAN BARU,Manipulasi data autentik secara elektronik (ITE),15:00-17:59,2026
KEBAYORAN BARU,Manipulasi data autentik secara elektronik (ITE),15:00-17:59,2026
KEBAYORAN BARU,Manipulasi data autentik secara elektronik (ITE),15:00-17:59,2026
KEBAYORAN BARU,Manipulasi data autentik secara elektronik (ITE),15:00-17:59,2026
KEBAYORAN BARU,Manipulasi data autentik secara elektronik (ITE),15:00-17:59,2026
KEBAYORAN BARU,Manipulasi data autentik secara elektronik (ITE),15:00-17:59,2026
KEBAYORAN BARU,Manipulasi data autentik secara elektronik (ITE),15:00-17:59,2026
KEBAYORAN BARU,Manipulasi data autentik secara elektronik (ITE),15:00-17:59,2026
KEBAYORAN BARU,Manipulasi data autentik secara elektronik (ITE),15:00-17:59,2026
KEBAYORAN BARU,Manipulasi data autentik secara elektronik (ITE),15:00-17:59,2026
KEBAYORAN BARU,Manipulasi data autentik secara elektronik (ITE),15:00-17:59,2026
KEBAYORAN BARU,Manipulasi data autentik secara elektronik (ITE),15:00-17:59,2026
KEBAYORAN BARU,Melawan Putusan Pengadilan,15:00-17:59,2026
KEBAYORAN BARU,Memasuki Pekarangan Tanpa Ijin,15:00-17:59,2026
KEBAYORAN BARU,Memasuki Pekarangan Tanpa Ijin,15:00-17:59,2026
KEBAYORAN BARU,Narkotika ( Narkoba ),15:00-17:59,2026
KEBAYORAN BARU,Narkotika ( Narkoba ),15:00-17:59,2026
KEBAYORAN BARU,Pemerasan,15:00-17:59,2026
KEBAYORAN BARU,Pemerasan,15:00-17:59,2026
KEBAYORAN BARU,Pemerasan Dan Pengancaman,15:00-17:59,2026
KEBAYORAN BARU,Penadahan,15:00-17:59,2026
KEBAYORAN BARU,Pencemaran Nama Baik,15:00-17:59,2026
KEBAYORAN BARU,Pencemaran Nama Baik,15:00-17:59,2026
KEBAYORAN BARU,Pencemaran Nama Baik,15:00-17:59,2026
KEBAYORAN BARU,Pencemaran Nama Baik,15:00-17:59,2026
KEBAYORAN BARU,Pencemaran Nama Baik,15:00-17:59,2026
KEBAYORAN BARU,Pencemaran Nama Baik,15:00-17:59,2026
KEBAYORAN BARU,Pencemaran Nama Baik,15:00-17:59,2026
KEBAYORAN BARU,Pencemaran Nama Baik,15:00-17:59,2026
KEBAYORAN BARU,Pencemaran Nama Baik,15:00-17:59,2026
KEBAYORAN BARU,Pencemaran Nama Baik,15:00-17:59,2026
KEBAYORAN BARU,Pencemaran Nama Baik,15:00-17:59,2026
KEBAYORAN BARU,Pencemaran Nama Baik,15:00-17:59,2026
KEBAYORAN BARU,Pencemaran Nama Baik,15:00-17:59,2026
KEBAYORAN BARU,Pencemaran Nama Baik,15:00-17:59,2026
KEBAYORAN BARU,Pencurian Biasa,15:00-17:59,2026
KEBAYORAN BARU,Pencurian Biasa,15:00-17:59,2026
KEBAYORAN BARU,Pencurian Biasa,15:00-17:59,2026
KEBAYORAN BARU,Pencurian Biasa,15:00-17:59,2026
KEBAYORAN BARU,Pencurian Biasa,15:00-17:59,2026
KEBAYORAN BARU,Pencurian Biasa,15:00-17:59,2026
KEBAYORAN BARU,Pencurian Biasa,15:00-17:59,2026
KEBAYORAN BARU,Pencurian Biasa,15:00-17:59,2026
KEBAYORAN BARU,Pencurian Biasa,15:00-17:59,2026
KEBAYORAN BARU,Pencurian Biasa,15:00-17:59,2026
KEBAYORAN BARU,Pencurian Biasa,15:00-17:59,2026
KEBAYORAN BARU,Pencurian Biasa,15:00-17:59,2026
KEBAYORAN BARU,Pencurian Biasa,15:00-17:59,2026
KEBAYORAN BARU,Pencurian Biasa,15:00-17:59,2026
KEBAYORAN BARU,Pencurian Biasa,15:00-17:59,2026
KEBAYORAN BARU,Pencurian Biasa,15:00-17:59,2026
KEBAYORAN BARU,Pencurian Biasa,15:00-17:59,2026
KEBAYORAN BARU,Pencurian Biasa,15:00-17:59,2026
KEBAYORAN BARU,Pencurian Biasa,15:00-17:59,2026
KEBAYORAN BARU,Pencurian Biasa,15:00-17:59,2026
KEBAYORAN BARU,Pencurian Biasa,15:00-17:59,2026
KEBAYORAN BARU,Pencurian Biasa,15:00-17:59,2026
KEBAYORAN BARU,Pencurian Biasa,15:00-17:59,2026
KEBAYORAN BARU,Pencurian Biasa,15:00-17:59,2026
KEBAYORAN BARU,Pencurian Biasa,15:00-17:59,2026
KEBAYORAN BARU,Pencurian Biasa,15:00-17:59,2026
KEBAYORAN BARU,Pencurian Biasa,15:00-17:59,2026
KEBAYORAN BARU,Pencurian Biasa,15:00-17:59,2026
KEBAYORAN BARU,Pencurian Biasa,15:00-17:59,2026
KEBAYORAN BARU,Pencurian Biasa,15:00-17:59,2026
KEBAYORAN BARU,Pencurian Biasa,15:00-17:59,2026
KEBAYORAN BARU,Pencurian Biasa,15:00-17:59,2026
KEBAYORAN BARU,Pencurian Biasa,15:00-17:59,2026
KEBAYORAN BARU,Pencurian Biasa,15:00-17:59,2026
KEBAYORAN BARU,Pencurian Dengan Pemberatan ( Curat ),15:00-17:59,2026
KEBAYORAN BARU,Pencurian Dengan Pemberatan ( Curat ),15:00-17:59,2026
KEBAYORAN BARU,Pencurian Dengan Pemberatan ( Curat ),15:00-17:59,2026
KEBAYORAN BARU,Pencurian Dengan Pemberatan ( Curat ),15:00-17:59,2026
KEBAYORAN BARU,Pencurian Dengan Pemberatan ( Curat ),15:00-17:59,2026
KEBAYORAN BARU,Pencurian Dengan Pemberatan ( Curat ),15:00-17:59,2026
KEBAYORAN BARU,Pengancaman,15:00-17:59,2026
KEBAYORAN BARU,Pengancaman,15:00-17:59,2026
KEBAYORAN BARU,Penganiayaan,15:00-17:59,2026
KEBAYORAN BARU,Penganiayaan,15:00-17:59,2026
KEBAYORAN BARU,Penganiayaan,15:00-17:59,2026
KEBAYORAN BARU,Penganiayaan,15:00-17:59,2026
KEBAYORAN BARU,Penganiayaan,15:00-17:59,2026
KEBAYORAN BARU,Penganiayaan,15:00-17:59,2026
KEBAYORAN BARU,Penganiayaan,15:00-17:59,2026
KEBAYORAN BARU,Penganiayaan,15:00-17:59,2026
KEBAYORAN BARU,Pengeroyokan,15:00-17:59,2026
KEBAYORAN BARU,Penggelapan,15:00-17:59,2026
KEBAYORAN BARU,Penggelapan,15:00-17:59,2026
KEBAYORAN BARU,Penggelapan,15:00-17:59,2026
KEBAYORAN BARU,Penggelapan,15:00-17:59,2026
KEBAYORAN BARU,Penggelapan,15:00-17:59,2026
KEBAYORAN BARU,Penggelapan,15:00-17:59,2026
KEBAYORAN BARU,Penggelapan,15:00-17:59,2026
KEBAYORAN BARU,Penggelapan,15:00-17:59,2026
KEBAYORAN BARU,Penggelapan,15:00-17:59,2026
KEBAYORAN BARU,Penggelapan,15:00-17:59,2026
KEBAYORAN BARU,Penggelapan,15:00-17:59,2026
KEBAYORAN BARU,Penggelapan,15:00-17:59,2026
KEBAYORAN BARU,Penggelapan,15:00-17:59,2026
KEBAYORAN BARU,Penggelapan,15:00-17:59,2026
KEBAYORAN BARU,Penggelapan,15:00-17:59,2026
KEBAYORAN BARU,Penghinaan,15:00-17:59,2026
KEBAYORAN BARU,Penghinaan,15:00-17:59,2026
KEBAYORAN BARU,Penipuan / Perbuatan Curang,15:00-17:59,2026
KEBAYORAN BARU,Penipuan / Perbuatan Curang,15:00-17:59,2026
KEBAYORAN BARU,Penipuan / Perbuatan Curang,15:00-17:59,2026
KEBAYORAN BARU,Penipuan / Perbuatan Curang,15:00-17:59,2026
KEBAYORAN BARU,Penipuan / Perbuatan Curang,15:00-17:59,2026
KEBAYORAN BARU,Penipuan / Perbuatan Curang,15:00-17:59,2026
KEBAYORAN BARU,Penipuan / Perbuatan Curang,15:00-17:59,2026
KEBAYORAN BARU,Penipuan / Perbuatan Curang,15:00-17:59,2026
KEBAYORAN BARU,Penipuan / Perbuatan Curang,15:00-17:59,2026
KEBAYORAN BARU,Penipuan / Perbuatan Curang,15:00-17:59,2026
KEBAYORAN BARU,Penipuan / Perbuatan Curang,15:00-17:59,2026
KEBAYORAN BARU,Penipuan / Perbuatan Curang,15:00-17:59,2026
KEBAYORAN BARU,Penipuan / Perbuatan Curang,15:00-17:59,2026
KEBAYORAN BARU,Penipuan / Perbuatan Curang,15:00-17:59,2026
KEBAYORAN BARU,Perbuatan Yang Tidak Menyenangkan,15:00-17:59,2026
KEBAYORAN BARU,Perbuatan Yang Tidak Menyenangkan,15:00-17:59,2026
KEBAYORAN BARU,Percobaan Pencurian,15:00-17:59,2026
KEBAYORAN BARU,Perkosaan,15:00-17:59,2026
KEBAYORAN BARU,Sumpah Palsu Dan Keterangan Palsu,15:00-17:59,2026
KEBAYORAN BARU,Tindak Pidana Dalam Perlindungan Anak,15:00-17:59,2026
KEBAYORAN BARU,Tindak Pidana Pencucian Uang ( TPPU / Money Laundering),15:00-17:59,2026
KEBAYORAN BARU,Tindak Pidana Pencucian Uang ( TPPU / Money Laundering),15:00-17:59,2026
KEBAYORAN BARU,Tindak Pidana Transfer Dana,15:00-17:59,2026
KEBAYORAN BARU,Curanmor R-2,18:00-21:59,2026
KEBAYORAN BARU,Curanmor R-2,18:00-21:59,2026
KEBAYORAN BARU,Judi,18:00-21:59,2026
KEBAYORAN BARU,Kejahatan Tentang Pornografi,18:00-21:59,2026
KEBAYORAN BARU,Kejahatan Terkait Perlindungan Data Pribadi,18:00-21:59,2026
KEBAYORAN BARU,Kejahatan Terkait Perlindungan Data Pribadi,18:00-21:59,2026
KEBAYORAN BARU,Kekerasan Dalam Rumah Tangga,18:00-21:59,2026
KEBAYORAN BARU,Kekerasan Dalam Rumah Tangga,18:00-21:59,2026
KEBAYORAN BARU,Kekerasan Dalam Rumah Tangga,18:00-21:59,2026
KEBAYORAN BARU,Kekerasan Dalam Rumah Tangga,18:00-21:59,2026
KEBAYORAN BARU,Manipulasi data autentik secara elektronik (ITE),18:00-21:59,2026
KEBAYORAN BARU,Manipulasi data autentik secara elektronik (ITE),18:00-21:59,2026
KEBAYORAN BARU,Manipulasi data autentik secara elektronik (ITE),18:00-21:59,2026
KEBAYORAN BARU,Manipulasi data autentik secara elektronik (ITE),18:00-21:59,2026
KEBAYORAN BARU,Manipulasi data autentik secara elektronik (ITE),18:00-21:59,2026
KEBAYORAN BARU,Manipulasi data autentik secara elektronik (ITE),18:00-21:59,2026
KEBAYORAN BARU,Manipulasi data autentik secara elektronik (ITE),18:00-21:59,2026
KEBAYORAN BARU,Manipulasi data autentik secara elektronik (ITE),18:00-21:59,2026
KEBAYORAN BARU,Manipulasi data autentik secara elektronik (ITE),18:00-21:59,2026
KEBAYORAN BARU,Manipulasi data autentik secara elektronik (ITE),18:00-21:59,2026
KEBAYORAN BARU,Manipulasi data autentik secara elektronik (ITE),18:00-21:59,2026
KEBAYORAN BARU,Memasuki Pekarangan Tanpa Ijin,18:00-21:59,2026
KEBAYORAN BARU,Narkotika ( Narkoba ),18:00-21:59,2026
KEBAYORAN BARU,Narkotika ( Narkoba ),18:00-21:59,2026
KEBAYORAN BARU,Narkotika ( Narkoba ),18:00-21:59,2026
KEBAYORAN BARU,Narkotika ( Narkoba ),18:00-21:59,2026
KEBAYORAN BARU,Narkotika ( Narkoba ),18:00-21:59,2026
KEBAYORAN BARU,Narkotika ( Narkoba ),18:00-21:59,2026
KEBAYORAN BARU,Narkotika ( Narkoba ),18:00-21:59,2026
KEBAYORAN BARU,Pemalsuan Surat Otentik,18:00-21:59,2026
KEBAYORAN BARU,Pemalsuan Surat Otentik,18:00-21:59,2026
KEBAYORAN BARU,Pemerasan Dan Pengancaman,18:00-21:59,2026
KEBAYORAN BARU,Penadahan,18:00-21:59,2026
KEBAYORAN BARU,Pencemaran Nama Baik,18:00-21:59,2026
KEBAYORAN BARU,Pencemaran Nama Baik,18:00-21:59,2026
KEBAYORAN BARU,Pencemaran Nama Baik,18:00-21:59,2026
KEBAYORAN BARU,Pencemaran Nama Baik,18:00-21:59,2026
KEBAYORAN BARU,Pencemaran Nama Baik,18:00-21:59,2026
KEBAYORAN BARU,Pencemaran Nama Baik,18:00-21:59,2026
KEBAYORAN BARU,Pencemaran Nama Baik,18:00-21:59,2026
KEBAYORAN BARU,Pencemaran Nama Baik,18:00-21:59,2026
KEBAYORAN BARU,Pencemaran Nama Baik,18:00-21:59,2026
KEBAYORAN BARU,Pencurian Biasa,18:00-21:59,2026
KEBAYORAN BARU,Pencurian Biasa,18:00-21:59,2026
KEBAYORAN BARU,Pencurian Biasa,18:00-21:59,2026
KEBAYORAN BARU,Pencurian Biasa,18:00-21:59,2026
KEBAYORAN BARU,Pencurian Biasa,18:00-21:59,2026
KEBAYORAN BARU,Pencurian Biasa,18:00-21:59,2026
KEBAYORAN BARU,Pencurian Biasa,18:00-21:59,2026
KEBAYORAN BARU,Pencurian Biasa,18:00-21:59,2026
KEBAYORAN BARU,Pencurian Biasa,18:00-21:59,2026
KEBAYORAN BARU,Pencurian Biasa,18:00-21:59,2026
KEBAYORAN BARU,Pencurian Biasa,18:00-21:59,2026
KEBAYORAN BARU,Pencurian Biasa,18:00-21:59,2026
KEBAYORAN BARU,Pencurian Biasa,18:00-21:59,2026
KEBAYORAN BARU,Pencurian Biasa,18:00-21:59,2026
KEBAYORAN BARU,Pencurian Biasa,18:00-21:59,2026
KEBAYORAN BARU,Pencurian Biasa,18:00-21:59,2026
KEBAYORAN BARU,Pencurian Biasa,18:00-21:59,2026
KEBAYORAN BARU,Pencurian Biasa,18:00-21:59,2026
KEBAYORAN BARU,Pencurian Biasa,18:00-21:59,2026
KEBAYORAN BARU,Pencurian Biasa,18:00-21:59,2026
KEBAYORAN BARU,Pencurian Biasa,18:00-21:59,2026
KEBAYORAN BARU,Pencurian Biasa,18:00-21:59,2026
KEBAYORAN BARU,Pencurian Biasa,18:00-21:59,2026
KEBAYORAN BARU,Pencurian Biasa,18:00-21:59,2026
KEBAYORAN BARU,Pencurian Biasa,18:00-21:59,2026
KEBAYORAN BARU,Pencurian Biasa,18:00-21:59,2026
KEBAYORAN BARU,Pencurian Biasa,18:00-21:59,2026
KEBAYORAN BARU,Pencurian Biasa,18:00-21:59,2026
KEBAYORAN BARU,Pencurian Dengan Kekerasan ( Curas ),18:00-21:59,2026
KEBAYORAN BARU,Pencurian Dengan Pemberatan ( Curat ),18:00-21:59,2026
KEBAYORAN BARU,Pencurian Dengan Pemberatan ( Curat ),18:00-21:59,2026
KEBAYORAN BARU,Pencurian Dengan Pemberatan ( Curat ),18:00-21:59,2026
KEBAYORAN BARU,Pencurian Dengan Pemberatan ( Curat ),18:00-21:59,2026
KEBAYORAN BARU,Pencurian Dengan Pemberatan ( Curat ),18:00-21:59,2026
KEBAYORAN BARU,Pencurian Dengan Pemberatan ( Curat ),18:00-21:59,2026
KEBAYORAN BARU,Pencurian Dengan Pemberatan ( Curat ),18:00-21:59,2026
KEBAYORAN BARU,Pencurian Ringan,18:00-21:59,2026
KEBAYORAN BARU,Pengancaman,18:00-21:59,2026
KEBAYORAN BARU,Pengancaman,18:00-21:59,2026
KEBAYORAN BARU,Penganiayaan,18:00-21:59,2026
KEBAYORAN BARU,Penganiayaan,18:00-21:59,2026
KEBAYORAN BARU,Penganiayaan,18:00-21:59,2026
KEBAYORAN BARU,Penganiayaan,18:00-21:59,2026
KEBAYORAN BARU,Penganiayaan,18:00-21:59,2026
KEBAYORAN BARU,Penganiayaan,18:00-21:59,2026
KEBAYORAN BARU,Penganiayaan,18:00-21:59,2026
KEBAYORAN BARU,Penganiayaan,18:00-21:59,2026
KEBAYORAN BARU,Penganiayaan,18:00-21:59,2026
KEBAYORAN BARU,Penganiayaan,18:00-21:59,2026
KEBAYORAN BARU,Penganiayaan,18:00-21:59,2026
KEBAYORAN BARU,Penganiayaan,18:00-21:59,2026
KEBAYORAN BARU,Penganiayaan,18:00-21:59,2026
KEBAYORAN BARU,Pengeroyokan,18:00-21:59,2026
KEBAYORAN BARU,Pengeroyokan,18:00-21:59,2026
KEBAYORAN BARU,Penggelapan,18:00-21:59,2026
KEBAYORAN BARU,Penggelapan,18:00-21:59,2026
KEBAYORAN BARU,Penggelapan,18:00-21:59,2026
KEBAYORAN BARU,Penggelapan,18:00-21:59,2026
KEBAYORAN BARU,Penggelapan,18:00-21:59,2026
KEBAYORAN BARU,Penggelapan,18:00-21:59,2026
KEBAYORAN BARU,Penggelapan,18:00-21:59,2026
KEBAYORAN BARU,Penggelapan,18:00-21:59,2026
KEBAYORAN BARU,Penggelapan,18:00-21:59,2026
KEBAYORAN BARU,Penggelapan,18:00-21:59,2026
KEBAYORAN BARU,Penggelapan,18:00-21:59,2026
KEBAYORAN BARU,Penggelapan,18:00-21:59,2026
KEBAYORAN BARU,Penggelapan,18:00-21:59,2026
KEBAYORAN BARU,Penggelapan,18:00-21:59,2026
KEBAYORAN BARU,Penggelapan,18:00-21:59,2026
KEBAYORAN BARU,Penggelapan,18:00-21:59,2026
KEBAYORAN BARU,Penipuan / Perbuatan Curang,18:00-21:59,2026
KEBAYORAN BARU,Penipuan / Perbuatan Curang,18:00-21:59,2026
KEBAYORAN BARU,Penipuan / Perbuatan Curang,18:00-21:59,2026
KEBAYORAN BARU,Penipuan / Perbuatan Curang,18:00-21:59,2026
KEBAYORAN BARU,Penipuan / Perbuatan Curang,18:00-21:59,2026
KEBAYORAN BARU,Penipuan / Perbuatan Curang,18:00-21:59,2026
KEBAYORAN BARU,Penipuan / Perbuatan Curang,18:00-21:59,2026
KEBAYORAN BARU,Penipuan / Perbuatan Curang,18:00-21:59,2026
KEBAYORAN BARU,Penipuan / Perbuatan Curang,18:00-21:59,2026
KEBAYORAN BARU,Penipuan / Perbuatan Curang,18:00-21:59,2026
KEBAYORAN BARU,Penipuan / Perbuatan Curang,18:00-21:59,2026
KEBAYORAN BARU,Penipuan / Perbuatan Curang,18:00-21:59,2026
KEBAYORAN BARU,Penipuan / Perbuatan Curang,18:00-21:59,2026
KEBAYORAN BARU,Penipuan / Perbuatan Curang,18:00-21:59,2026
KEBAYORAN BARU,Penipuan / Perbuatan Curang,18:00-21:59,2026
KEBAYORAN BARU,Penipuan / Perbuatan Curang,18:00-21:59,2026
KEBAYORAN BARU,Penipuan / Perbuatan Curang,18:00-21:59,2026
KEBAYORAN BARU,Penipuan / Perbuatan Curang,18:00-21:59,2026
KEBAYORAN BARU,Penipuan / Perbuatan Curang,18:00-21:59,2026
KEBAYORAN BARU,Penipuan / Perbuatan Curang,18:00-21:59,2026
KEBAYORAN BARU,Penipuan / Perbuatan Curang,18:00-21:59,2026
KEBAYORAN BARU,Penipuan / Perbuatan Curang,18:00-21:59,2026
KEBAYORAN BARU,Penipuan / Perbuatan Curang,18:00-21:59,2026
KEBAYORAN BARU,Penipuan / Perbuatan Curang,18:00-21:59,2026
KEBAYORAN BARU,Penipuan / Perbuatan Curang,18:00-21:59,2026
KEBAYORAN BARU,Penipuan / Perbuatan Curang,18:00-21:59,2026
KEBAYORAN BARU,Perkosaan,18:00-21:59,2026
KEBAYORAN BARU,Perzinahan,18:00-21:59,2026
KEBAYORAN BARU,Perzinahan,18:00-21:59,2026
KEBAYORAN BARU,Sumpah Palsu Dan Keterangan Palsu,18:00-21:59,2026
KEBAYORAN BARU,Kejahatan Terkait Perlindungan Data Pribadi,22:00-23:59,2026
KEBAYORAN BARU,Kejahatan terkait Tenaga Kesehatan,22:00-23:59,2026
KEBAYORAN BARU,Kekerasan Dalam Rumah Tangga,22:00-23:59,2026
KEBAYORAN BARU,Manipulasi data autentik secara elektronik (ITE),22:00-23:59,2026
KEBAYORAN BARU,Manipulasi data autentik secara elektronik (ITE),22:00-23:59,2026
KEBAYORAN BARU,Manipulasi data autentik secara elektronik (ITE),22:00-23:59,2026
KEBAYORAN BARU,Manipulasi data autentik secara elektronik (ITE),22:00-23:59,2026
KEBAYORAN BARU,Manipulasi data autentik secara elektronik (ITE),22:00-23:59,2026
KEBAYORAN BARU,Manipulasi data autentik secara elektronik (ITE),22:00-23:59,2026
KEBAYORAN BARU,Manipulasi data autentik secara elektronik (ITE),22:00-23:59,2026
KEBAYORAN BARU,Narkotika ( Narkoba ),22:00-23:59,2026
KEBAYORAN BARU,Narkotika ( Narkoba ),22:00-23:59,2026
KEBAYORAN BARU,Narkotika ( Narkoba ),22:00-23:59,2026
KEBAYORAN BARU,Pencemaran Nama Baik,22:00-23:59,2026
KEBAYORAN BARU,Pencemaran Nama Baik,22:00-23:59,2026
KEBAYORAN BARU,Pencurian Biasa,22:00-23:59,2026
KEBAYORAN BARU,Pencurian Biasa,22:00-23:59,2026
KEBAYORAN BARU,Pencurian Biasa,22:00-23:59,2026
KEBAYORAN BARU,Pencurian Biasa,22:00-23:59,2026
KEBAYORAN BARU,Pencurian Biasa,22:00-23:59,2026
KEBAYORAN BARU,Pencurian Biasa,22:00-23:59,2026
KEBAYORAN BARU,Pencurian Biasa,22:00-23:59,2026
KEBAYORAN BARU,Pencurian Biasa,22:00-23:59,2026
KEBAYORAN BARU,Pencurian Biasa,22:00-23:59,2026
KEBAYORAN BARU,Pencurian Biasa,22:00-23:59,2026
KEBAYORAN BARU,Pencurian Biasa,22:00-23:59,2026
KEBAYORAN BARU,Pencurian Biasa,22:00-23:59,2026
KEBAYORAN BARU,Pencurian Biasa,22:00-23:59,2026
KEBAYORAN BARU,Pencurian Dengan Pemberatan ( Curat ),22:00-23:59,2026
KEBAYORAN BARU,Pencurian Dengan Pemberatan ( Curat ),22:00-23:59,2026
KEBAYORAN BARU,Pencurian Dengan Pemberatan ( Curat ),22:00-23:59,2026
KEBAYORAN BARU,Pencurian Dengan Pemberatan ( Curat ),22:00-23:59,2026
KEBAYORAN BARU,Pencurian Dengan Pemberatan ( Curat ),22:00-23:59,2026
KEBAYORAN BARU,Pencurian Dengan Pemberatan ( Curat ),22:00-23:59,2026
KEBAYORAN BARU,Pengaduan Palsu,22:00-23:59,2026
KEBAYORAN BARU,Pengancaman,22:00-23:59,2026
KEBAYORAN BARU,Penganiayaan,22:00-23:59,2026
KEBAYORAN BARU,Penganiayaan,22:00-23:59,2026
KEBAYORAN BARU,Penganiayaan,22:00-23:59,2026
KEBAYORAN BARU,Penganiayaan,22:00-23:59,2026
KEBAYORAN BARU,Penganiayaan,22:00-23:59,2026
KEBAYORAN BARU,Penganiayaan,22:00-23:59,2026
KEBAYORAN BARU,Pengeroyokan,22:00-23:59,2026
KEBAYORAN BARU,Penggelapan,22:00-23:59,2026
KEBAYORAN BARU,Penggelapan,22:00-23:59,2026
KEBAYORAN BARU,Penggelapan,22:00-23:59,2026
KEBAYORAN BARU,Penggelapan,22:00-23:59,2026
KEBAYORAN BARU,Penggelapan,22:00-23:59,2026
KEBAYORAN BARU,Penggelapan,22:00-23:59,2026
KEBAYORAN BARU,Penggelapan,22:00-23:59,2026
KEBAYORAN BARU,Penipuan / Perbuatan Curang,22:00-23:59,2026
KEBAYORAN BARU,Penipuan / Perbuatan Curang,22:00-23:59,2026
KEBAYORAN BARU,Penipuan / Perbuatan Curang,22:00-23:59,2026
KEBAYORAN BARU,Penipuan / Perbuatan Curang,22:00-23:59,2026
KEBAYORAN BARU,Perzinahan,22:00-23:59,2026
KEBAYORAN BARU,Perzinahan,22:00-23:59,2026
KEBAYORAN BARU,Tindak Asusila,22:00-23:59,2026
KEBAYORAN BARU,Tindak Pidana Pencucian Uang ( TPPU / Money Laundering),22:00-23:59,2026
KEBAYORAN BARU,Cabul,00:00-04:59,2026
KEBAYORAN BARU,Curanmor R-2,00:00-04:59,2026
KEBAYORAN BARU,Curanmor R-2,00:00-04:59,2026
KEBAYORAN BARU,Curanmor R-2,00:00-04:59,2026
KEBAYORAN BARU,Curanmor R-2,00:00-04:59,2026
KEBAYORAN BARU,Kekerasan Dalam Rumah Tangga,00:00-04:59,2026
KEBAYORAN BARU,Kekerasan Seksual (KDRT),00:00-04:59,2026
KEBAYORAN BARU,Manipulasi data autentik secara elektronik (ITE),00:00-04:59,2026
KEBAYORAN BARU,Narkotika ( Narkoba ),00:00-04:59,2026
KEBAYORAN BARU,Narkotika ( Narkoba ),00:00-04:59,2026
KEBAYORAN BARU,Narkotika ( Narkoba ),00:00-04:59,2026
KEBAYORAN BARU,Narkotika ( Narkoba ),00:00-04:59,2026
KEBAYORAN BARU,Narkotika ( Narkoba ),00:00-04:59,2026
KEBAYORAN BARU,Narkotika ( Narkoba ),00:00-04:59,2026
KEBAYORAN BARU,Narkotika ( Narkoba ),00:00-04:59,2026
KEBAYORAN BARU,Penadahan,00:00-04:59,2026
KEBAYORAN BARU,Pencurian Biasa,00:00-04:59,2026
KEBAYORAN BARU,Pencurian Biasa,00:00-04:59,2026
KEBAYORAN BARU,Pencurian Biasa,00:00-04:59,2026
KEBAYORAN BARU,Pencurian Biasa,00:00-04:59,2026
KEBAYORAN BARU,Pencurian Biasa,00:00-04:59,2026
KEBAYORAN BARU,Pencurian Biasa,00:00-04:59,2026
KEBAYORAN BARU,Pencurian Biasa,00:00-04:59,2026
KEBAYORAN BARU,Pencurian Biasa,00:00-04:59,2026
KEBAYORAN BARU,Pencurian Biasa,00:00-04:59,2026
KEBAYORAN BARU,Pencurian Biasa,00:00-04:59,2026
KEBAYORAN BARU,Pencurian Biasa,00:00-04:59,2026
KEBAYORAN BARU,Pencurian Biasa,00:00-04:59,2026
KEBAYORAN BARU,Pencurian Biasa,00:00-04:59,2026
KEBAYORAN BARU,Pencurian Biasa,00:00-04:59,2026
KEBAYORAN BARU,Pencurian Biasa,00:00-04:59,2026
KEBAYORAN BARU,Pencurian Biasa,00:00-04:59,2026
KEBAYORAN BARU,Pencurian Biasa,00:00-04:59,2026
KEBAYORAN BARU,Pencurian Biasa,00:00-04:59,2026
KEBAYORAN BARU,Pencurian Biasa,00:00-04:59,2026
KEBAYORAN BARU,Pencurian Biasa,00:00-04:59,2026
KEBAYORAN BARU,Pencurian Biasa,00:00-04:59,2026
KEBAYORAN BARU,Pencurian Biasa,00:00-04:59,2026
KEBAYORAN BARU,Pencurian Biasa,00:00-04:59,2026
KEBAYORAN BARU,Pencurian Biasa,00:00-04:59,2026
KEBAYORAN BARU,Pencurian Biasa,00:00-04:59,2026
KEBAYORAN BARU,Pencurian Biasa,00:00-04:59,2026
KEBAYORAN BARU,Pencurian Biasa,00:00-04:59,2026
KEBAYORAN BARU,Pencurian Biasa,00:00-04:59,2026
KEBAYORAN BARU,Pencurian Dengan Kekerasan ( Curas ),00:00-04:59,2026
KEBAYORAN BARU,Pencurian Dengan Kekerasan ( Curas ),00:00-04:59,2026
KEBAYORAN BARU,Pencurian Dengan Kekerasan ( Curas ),00:00-04:59,2026
KEBAYORAN BARU,Pencurian Dengan Pemberatan ( Curat ),00:00-04:59,2026
KEBAYORAN BARU,Pencurian Dengan Pemberatan ( Curat ),00:00-04:59,2026
KEBAYORAN BARU,Pencurian Dengan Pemberatan ( Curat ),00:00-04:59,2026
KEBAYORAN BARU,Pencurian Dengan Pemberatan ( Curat ),00:00-04:59,2026
KEBAYORAN BARU,Pencurian Dengan Pemberatan ( Curat ),00:00-04:59,2026
KEBAYORAN BARU,Pencurian Dengan Pemberatan ( Curat ),00:00-04:59,2026
KEBAYORAN BARU,Pencurian Dengan Pemberatan ( Curat ),00:00-04:59,2026
KEBAYORAN BARU,Pencurian Dengan Pemberatan ( Curat ),00:00-04:59,2026
KEBAYORAN BARU,Pencurian Dengan Pemberatan ( Curat ),00:00-04:59,2026
KEBAYORAN BARU,Pencurian Ringan,00:00-04:59,2026
KEBAYORAN BARU,Pencurian Ringan,00:00-04:59,2026
KEBAYORAN BARU,Pencurian Ringan,00:00-04:59,2026
KEBAYORAN BARU,Pencurian Ringan,00:00-04:59,2026
KEBAYORAN BARU,Penganiayaan,00:00-04:59,2026
KEBAYORAN BARU,Penganiayaan,00:00-04:59,2026
KEBAYORAN BARU,Penganiayaan,00:00-04:59,2026
KEBAYORAN BARU,Penganiayaan,00:00-04:59,2026
KEBAYORAN BARU,Penganiayaan,00:00-04:59,2026
KEBAYORAN BARU,Penganiayaan,00:00-04:59,2026
KEBAYORAN BARU,Penganiayaan,00:00-04:59,2026
KEBAYORAN BARU,Penganiayaan,00:00-04:59,2026
KEBAYORAN BARU,Penganiayaan,00:00-04:59,2026
KEBAYORAN BARU,Penganiayaan,00:00-04:59,2026
KEBAYORAN BARU,Penganiayaan,00:00-04:59,2026
KEBAYORAN BARU,Penganiayaan,00:00-04:59,2026
KEBAYORAN BARU,Penganiayaan,00:00-04:59,2026
KEBAYORAN BARU,Penganiayaan Berat ( Anirat ),00:00-04:59,2026
KEBAYORAN BARU,Pengeroyokan,00:00-04:59,2026
KEBAYORAN BARU,Pengeroyokan,00:00-04:59,2026
KEBAYORAN BARU,Pengeroyokan,00:00-04:59,2026
KEBAYORAN BARU,Pengeroyokan,00:00-04:59,2026
KEBAYORAN BARU,Pengeroyokan,00:00-04:59,2026
KEBAYORAN BARU,Pengeroyokan,00:00-04:59,2026
KEBAYORAN BARU,Pengeroyokan,00:00-04:59,2026
KEBAYORAN BARU,Pengeroyokan,00:00-04:59,2026
KEBAYORAN BARU,Pengeroyokan,00:00-04:59,2026
KEBAYORAN BARU,Pengeroyokan,00:00-04:59,2026
KEBAYORAN BARU,Penggelapan,00:00-04:59,2026
KEBAYORAN BARU,Perkosaan,00:00-04:59,2026
KEBAYORAN BARU,Perkosaan,00:00-04:59,2026
KEBAYORAN BARU,Tindak Pidana Dalam Perlindungan Anak,00:00-04:59,2026
KEMAYORAN,Curanmor R-2,05:00-07:59,2026
KEMAYORAN,Curanmor R-2,05:00-07:59,2026
KEMAYORAN,Curanmor R-2,05:00-07:59,2026
KEMAYORAN,Curanmor R-2,05:00-07:59,2026
KEMAYORAN,Curanmor R-2,05:00-07:59,2026
KEMAYORAN,Curanmor R-2,05:00-07:59,2026
KEMAYORAN,Curanmor R-2,05:00-07:59,2026
KEMAYORAN,Curanmor R-2,05:00-07:59,2026
KEMAYORAN,Curanmor R-2,05:00-07:59,2026
KEMAYORAN,Curanmor R-2,05:00-07:59,2026
KEMAYORAN,Curanmor R-2,05:00-07:59,2026
KEMAYORAN,Curanmor R-2,05:00-07:59,2026
KEMAYORAN,Curanmor R-2,05:00-07:59,2026
KEMAYORAN,Curanmor R-2,05:00-07:59,2026
KEMAYORAN,Kekerasan Dalam Rumah Tangga,05:00-07:59,2026
KEMAYORAN,Kekerasan Dalam Rumah Tangga,05:00-07:59,2026
KEMAYORAN,Kekerasan Dalam Rumah Tangga,05:00-07:59,2026
KEMAYORAN,Narkotika ( Narkoba ),05:00-07:59,2026
KEMAYORAN,Narkotika ( Narkoba ),05:00-07:59,2026
KEMAYORAN,Pemalsuan Surat Otentik,05:00-07:59,2026
KEMAYORAN,Pemerasan,05:00-07:59,2026
KEMAYORAN,Pencemaran Nama Baik,05:00-07:59,2026
KEMAYORAN,Pencurian Biasa,05:00-07:59,2026
KEMAYORAN,Pencurian Biasa,05:00-07:59,2026
KEMAYORAN,Pencurian Biasa,05:00-07:59,2026
KEMAYORAN,Pencurian Biasa,05:00-07:59,2026
KEMAYORAN,Pencurian Biasa,05:00-07:59,2026
KEMAYORAN,Pencurian Biasa,05:00-07:59,2026
KEMAYORAN,Pencurian Biasa,05:00-07:59,2026
KEMAYORAN,Pencurian Biasa,05:00-07:59,2026
KEMAYORAN,Pencurian Biasa,05:00-07:59,2026
KEMAYORAN,Pencurian Biasa,05:00-07:59,2026
KEMAYORAN,Pencurian Biasa,05:00-07:59,2026
KEMAYORAN,Pencurian Biasa,05:00-07:59,2026
KEMAYORAN,Pencurian Biasa,05:00-07:59,2026
KEMAYORAN,Pencurian Biasa,05:00-07:59,2026
KEMAYORAN,Pencurian Biasa,05:00-07:59,2026
KEMAYORAN,Pencurian Dengan Pemberatan ( Curat ),05:00-07:59,2026
KEMAYORAN,Pencurian Dengan Pemberatan ( Curat ),05:00-07:59,2026
KEMAYORAN,Pencurian Dengan Pemberatan ( Curat ),05:00-07:59,2026
KEMAYORAN,Pencurian Dengan Pemberatan ( Curat ),05:00-07:59,2026
KEMAYORAN,Pencurian Dengan Pemberatan ( Curat ),05:00-07:59,2026
KEMAYORAN,Pencurian Dengan Pemberatan ( Curat ),05:00-07:59,2026
KEMAYORAN,Pencurian Dengan Pemberatan ( Curat ),05:00-07:59,2026
KEMAYORAN,Pencurian Dengan Pemberatan ( Curat ),05:00-07:59,2026
KEMAYORAN,Pencurian Dengan Pemberatan ( Curat ),05:00-07:59,2026
KEMAYORAN,Pencurian Dengan Pemberatan ( Curat ),05:00-07:59,2026
KEMAYORAN,Pencurian Dengan Pemberatan ( Curat ),05:00-07:59,2026
KEMAYORAN,Pencurian Dengan Pemberatan ( Curat ),05:00-07:59,2026
KEMAYORAN,Pencurian Dengan Pemberatan ( Curat ),05:00-07:59,2026
KEMAYORAN,Pencurian Dengan Pemberatan ( Curat ),05:00-07:59,2026
KEMAYORAN,Pencurian Dengan Pemberatan ( Curat ),05:00-07:59,2026
KEMAYORAN,Pencurian Ringan,05:00-07:59,2026
KEMAYORAN,Penganiayaan,05:00-07:59,2026
KEMAYORAN,Penganiayaan,05:00-07:59,2026
KEMAYORAN,Penganiayaan,05:00-07:59,2026
KEMAYORAN,Penganiayaan,05:00-07:59,2026
KEMAYORAN,Penganiayaan,05:00-07:59,2026
KEMAYORAN,Penganiayaan,05:00-07:59,2026
KEMAYORAN,Pengeroyokan,05:00-07:59,2026
KEMAYORAN,Penggelapan,05:00-07:59,2026
KEMAYORAN,Penggelapan,05:00-07:59,2026
KEMAYORAN,Penipuan / Perbuatan Curang,05:00-07:59,2026
KEMAYORAN,Penipuan / Perbuatan Curang,05:00-07:59,2026
KEMAYORAN,Penipuan / Perbuatan Curang,05:00-07:59,2026
KEMAYORAN,Sengaja Menimbulkan Kebakaran/banjir (pembakaran),05:00-07:59,2026
KEMAYORAN,Curanmor R-2,08:00-11:59,2026
KEMAYORAN,Curanmor R-2,08:00-11:59,2026
KEMAYORAN,Curanmor R-2,08:00-11:59,2026
KEMAYORAN,Curanmor R-2,08:00-11:59,2026
KEMAYORAN,Curanmor R-2,08:00-11:59,2026
KEMAYORAN,Curanmor R-2,08:00-11:59,2026
KEMAYORAN,Curanmor R-2,08:00-11:59,2026
KEMAYORAN,Kejahatan Tentang Pornografi,08:00-11:59,2026
KEMAYORAN,Kejahatan Terkait Merek,08:00-11:59,2026
KEMAYORAN,Kejahatan Terkait Perlindungan Data Pribadi,08:00-11:59,2026
KEMAYORAN,Kekerasan Dalam Rumah Tangga,08:00-11:59,2026
KEMAYORAN,Kekerasan Dalam Rumah Tangga,08:00-11:59,2026
KEMAYORAN,Kekerasan Seksual (KDRT),08:00-11:59,2026
KEMAYORAN,Manipulasi data autentik secara elektronik (ITE),08:00-11:59,2026
KEMAYORAN,Manipulasi data autentik secara elektronik (ITE),08:00-11:59,2026
KEMAYORAN,Manipulasi data autentik secara elektronik (ITE),08:00-11:59,2026
KEMAYORAN,Manipulasi data autentik secara elektronik (ITE),08:00-11:59,2026
KEMAYORAN,Manipulasi data autentik secara elektronik (ITE),08:00-11:59,2026
KEMAYORAN,Manipulasi data autentik secara elektronik (ITE),08:00-11:59,2026
KEMAYORAN,Manipulasi data autentik secara elektronik (ITE),08:00-11:59,2026
KEMAYORAN,Manipulasi data autentik secara elektronik (ITE),08:00-11:59,2026
KEMAYORAN,Memasuki Pekarangan Tanpa Ijin,08:00-11:59,2026
KEMAYORAN,Narkotika ( Narkoba ),08:00-11:59,2026
KEMAYORAN,Narkotika ( Narkoba ),08:00-11:59,2026
KEMAYORAN,Narkotika ( Narkoba ),08:00-11:59,2026
KEMAYORAN,Pemalsuan Surat Otentik,08:00-11:59,2026
KEMAYORAN,Pemerasan,08:00-11:59,2026
KEMAYORAN,Pemerasan,08:00-11:59,2026
KEMAYORAN,Pencemaran Nama Baik,08:00-11:59,2026
KEMAYORAN,Pencemaran Nama Baik,08:00-11:59,2026
KEMAYORAN,Pencemaran Nama Baik,08:00-11:59,2026
KEMAYORAN,Pencemaran Nama Baik,08:00-11:59,2026
KEMAYORAN,Pencurian Biasa,08:00-11:59,2026
KEMAYORAN,Pencurian Biasa,08:00-11:59,2026
KEMAYORAN,Pencurian Biasa,08:00-11:59,2026
KEMAYORAN,Pencurian Biasa,08:00-11:59,2026
KEMAYORAN,Pencurian Biasa,08:00-11:59,2026
KEMAYORAN,Pencurian Biasa,08:00-11:59,2026
KEMAYORAN,Pencurian Biasa,08:00-11:59,2026
KEMAYORAN,Pencurian Biasa,08:00-11:59,2026
KEMAYORAN,Pencurian Biasa,08:00-11:59,2026
KEMAYORAN,Pencurian Biasa,08:00-11:59,2026
KEMAYORAN,Pencurian Biasa,08:00-11:59,2026
KEMAYORAN,Pencurian Biasa,08:00-11:59,2026
KEMAYORAN,Pencurian Biasa,08:00-11:59,2026
KEMAYORAN,Pencurian Biasa,08:00-11:59,2026
KEMAYORAN,Pencurian Biasa,08:00-11:59,2026
KEMAYORAN,Pencurian Biasa,08:00-11:59,2026
KEMAYORAN,Pencurian Biasa,08:00-11:59,2026
KEMAYORAN,Pencurian Biasa,08:00-11:59,2026
KEMAYORAN,Pencurian Biasa,08:00-11:59,2026
KEMAYORAN,Pencurian Biasa,08:00-11:59,2026
KEMAYORAN,Pencurian Biasa,08:00-11:59,2026
KEMAYORAN,Pencurian Biasa,08:00-11:59,2026
KEMAYORAN,Pencurian Biasa,08:00-11:59,2026
KEMAYORAN,Pencurian Biasa,08:00-11:59,2026
KEMAYORAN,Pencurian Dengan Kekerasan ( Curas ),08:00-11:59,2026
KEMAYORAN,Pencurian Dengan Pemberatan ( Curat ),08:00-11:59,2026
KEMAYORAN,Pencurian Dengan Pemberatan ( Curat ),08:00-11:59,2026
KEMAYORAN,Pencurian Dengan Pemberatan ( Curat ),08:00-11:59,2026
KEMAYORAN,Pencurian Dengan Pemberatan ( Curat ),08:00-11:59,2026
KEMAYORAN,Pencurian Dengan Pemberatan ( Curat ),08:00-11:59,2026
KEMAYORAN,Pencurian Dengan Pemberatan ( Curat ),08:00-11:59,2026
KEMAYORAN,Pencurian Dengan Pemberatan ( Curat ),08:00-11:59,2026
KEMAYORAN,Pencurian Dengan Pemberatan ( Curat ),08:00-11:59,2026
KEMAYORAN,Pencurian Dengan Pemberatan ( Curat ),08:00-11:59,2026
KEMAYORAN,Pencurian Dengan Pemberatan ( Curat ),08:00-11:59,2026
KEMAYORAN,Pencurian Dengan Pemberatan ( Curat ),08:00-11:59,2026
KEMAYORAN,Pencurian Dengan Pemberatan ( Curat ),08:00-11:59,2026
KEMAYORAN,Pencurian Dengan Pemberatan ( Curat ),08:00-11:59,2026
KEMAYORAN,Pencurian Dengan Pemberatan ( Curat ),08:00-11:59,2026
KEMAYORAN,Pencurian Dengan Pemberatan ( Curat ),08:00-11:59,2026
KEMAYORAN,Pengancaman,08:00-11:59,2026
KEMAYORAN,Penganiayaan,08:00-11:59,2026
KEMAYORAN,Pengeroyokan,08:00-11:59,2026
KEMAYORAN,Penggelapan,08:00-11:59,2026
KEMAYORAN,Penggelapan,08:00-11:59,2026
KEMAYORAN,Penggelapan,08:00-11:59,2026
KEMAYORAN,Penggelapan,08:00-11:59,2026
KEMAYORAN,Penggelapan,08:00-11:59,2026
KEMAYORAN,Penggelapan,08:00-11:59,2026
KEMAYORAN,Penggelapan,08:00-11:59,2026
KEMAYORAN,Penggelapan,08:00-11:59,2026
KEMAYORAN,Penggelapan,08:00-11:59,2026
KEMAYORAN,Penggelapan,08:00-11:59,2026
KEMAYORAN,Penggelapan,08:00-11:59,2026
KEMAYORAN,Penggelapan,08:00-11:59,2026
KEMAYORAN,Penggelapan,08:00-11:59,2026
KEMAYORAN,Penipuan / Perbuatan Curang,08:00-11:59,2026
KEMAYORAN,Penipuan / Perbuatan Curang,08:00-11:59,2026
KEMAYORAN,Penipuan / Perbuatan Curang,08:00-11:59,2026
KEMAYORAN,Penipuan / Perbuatan Curang,08:00-11:59,2026
KEMAYORAN,Penipuan / Perbuatan Curang,08:00-11:59,2026
KEMAYORAN,Penipuan / Perbuatan Curang,08:00-11:59,2026
KEMAYORAN,Penipuan / Perbuatan Curang,08:00-11:59,2026
KEMAYORAN,Penipuan / Perbuatan Curang,08:00-11:59,2026
KEMAYORAN,Penipuan / Perbuatan Curang,08:00-11:59,2026
KEMAYORAN,Penipuan / Perbuatan Curang,08:00-11:59,2026
KEMAYORAN,Penipuan / Perbuatan Curang,08:00-11:59,2026
KEMAYORAN,Penipuan / Perbuatan Curang,08:00-11:59,2026
KEMAYORAN,Penipuan / Perbuatan Curang,08:00-11:59,2026
KEMAYORAN,Penipuan / Perbuatan Curang,08:00-11:59,2026
KEMAYORAN,Penipuan / Perbuatan Curang,08:00-11:59,2026
KEMAYORAN,Penipuan / Perbuatan Curang,08:00-11:59,2026
KEMAYORAN,Penipuan / Perbuatan Curang,08:00-11:59,2026
KEMAYORAN,Penipuan / Perbuatan Curang,08:00-11:59,2026
KEMAYORAN,Penipuan / Perbuatan Curang,08:00-11:59,2026
KEMAYORAN,Penipuan / Perbuatan Curang,08:00-11:59,2026
KEMAYORAN,Penipuan / Perbuatan Curang,08:00-11:59,2026
KEMAYORAN,Perbuatan Yang Tidak Menyenangkan,08:00-11:59,2026
KEMAYORAN,Perbuatan Yang Tidak Menyenangkan,08:00-11:59,2026
KEMAYORAN,Perzinahan,08:00-11:59,2026
KEMAYORAN,Sumpah Palsu Dan Keterangan Palsu,08:00-11:59,2026
KEMAYORAN,Sumpah Palsu Dan Keterangan Palsu,08:00-11:59,2026
KEMAYORAN,Sumpah Palsu Dan Keterangan Palsu,08:00-11:59,2026
KEMAYORAN,Curanmor R-2,12:00-14:59,2026
KEMAYORAN,Curanmor R-2,12:00-14:59,2026
KEMAYORAN,Curanmor R-2,12:00-14:59,2026
KEMAYORAN,Curanmor R-2,12:00-14:59,2026
KEMAYORAN,Curanmor R-2,12:00-14:59,2026
KEMAYORAN,Curanmor R-2,12:00-14:59,2026
KEMAYORAN,Curanmor R-2,12:00-14:59,2026
KEMAYORAN,Curanmor R-2,12:00-14:59,2026
KEMAYORAN,Kejahatan Tentang Tenaga Kerja,12:00-14:59,2026
KEMAYORAN,Kejahatan Terkait Administrasi Kependudukan,12:00-14:59,2026
KEMAYORAN,Kejahatan Terkait Perlindungan Data Pribadi,12:00-14:59,2026
KEMAYORAN,Kejahatan Terkait Perlindungan Data Pribadi,12:00-14:59,2026
KEMAYORAN,Manipulasi data autentik secara elektronik (ITE),12:00-14:59,2026
KEMAYORAN,Manipulasi data autentik secara elektronik (ITE),12:00-14:59,2026
KEMAYORAN,Manipulasi data autentik secara elektronik (ITE),12:00-14:59,2026
KEMAYORAN,Manipulasi data autentik secara elektronik (ITE),12:00-14:59,2026
KEMAYORAN,Manipulasi data autentik secara elektronik (ITE),12:00-14:59,2026
KEMAYORAN,Manipulasi data autentik secara elektronik (ITE),12:00-14:59,2026
KEMAYORAN,Manipulasi data autentik secara elektronik (ITE),12:00-14:59,2026
KEMAYORAN,Narkotika ( Narkoba ),12:00-14:59,2026
KEMAYORAN,Narkotika ( Narkoba ),12:00-14:59,2026
KEMAYORAN,Narkotika ( Narkoba ),12:00-14:59,2026
KEMAYORAN,Pemalsuan Surat Otentik,12:00-14:59,2026
KEMAYORAN,Pemalsuan Surat Otentik,12:00-14:59,2026
KEMAYORAN,Pemalsuan Surat Otentik,12:00-14:59,2026
KEMAYORAN,Pencemaran Nama Baik,12:00-14:59,2026
KEMAYORAN,Pencemaran Nama Baik,12:00-14:59,2026
KEMAYORAN,Pencemaran Nama Baik,12:00-14:59,2026
KEMAYORAN,Pencurian Biasa,12:00-14:59,2026
KEMAYORAN,Pencurian Biasa,12:00-14:59,2026
KEMAYORAN,Pencurian Biasa,12:00-14:59,2026
KEMAYORAN,Pencurian Biasa,12:00-14:59,2026
KEMAYORAN,Pencurian Biasa,12:00-14:59,2026
KEMAYORAN,Pencurian Biasa,12:00-14:59,2026
KEMAYORAN,Pencurian Biasa,12:00-14:59,2026
KEMAYORAN,Pencurian Biasa,12:00-14:59,2026
KEMAYORAN,Pencurian Biasa,12:00-14:59,2026
KEMAYORAN,Pencurian Biasa,12:00-14:59,2026
KEMAYORAN,Pencurian Biasa,12:00-14:59,2026
KEMAYORAN,Pencurian Biasa,12:00-14:59,2026
KEMAYORAN,Pencurian Biasa,12:00-14:59,2026
KEMAYORAN,Pencurian Biasa,12:00-14:59,2026
KEMAYORAN,Pencurian Biasa,12:00-14:59,2026
KEMAYORAN,Pencurian Biasa,12:00-14:59,2026
KEMAYORAN,Pencurian Biasa,12:00-14:59,2026
KEMAYORAN,Pencurian Biasa,12:00-14:59,2026
KEMAYORAN,Pencurian Dengan Pemberatan ( Curat ),12:00-14:59,2026
KEMAYORAN,Pencurian Dengan Pemberatan ( Curat ),12:00-14:59,2026
KEMAYORAN,Pencurian Dengan Pemberatan ( Curat ),12:00-14:59,2026
KEMAYORAN,Pencurian Dengan Pemberatan ( Curat ),12:00-14:59,2026
KEMAYORAN,Pencurian Dengan Pemberatan ( Curat ),12:00-14:59,2026
KEMAYORAN,Pencurian Dengan Pemberatan ( Curat ),12:00-14:59,2026
KEMAYORAN,Pencurian Dengan Pemberatan ( Curat ),12:00-14:59,2026
KEMAYORAN,Pencurian Ringan,12:00-14:59,2026
KEMAYORAN,Pencurian Ringan,12:00-14:59,2026
KEMAYORAN,Pengancaman,12:00-14:59,2026
KEMAYORAN,Pengancaman,12:00-14:59,2026
KEMAYORAN,Penganiayaan,12:00-14:59,2026
KEMAYORAN,Penganiayaan,12:00-14:59,2026
KEMAYORAN,Penganiayaan,12:00-14:59,2026
KEMAYORAN,Penggelapan,12:00-14:59,2026
KEMAYORAN,Penggelapan,12:00-14:59,2026
KEMAYORAN,Penggelapan,12:00-14:59,2026
KEMAYORAN,Penggelapan,12:00-14:59,2026
KEMAYORAN,Penggelapan,12:00-14:59,2026
KEMAYORAN,Penggelapan,12:00-14:59,2026
KEMAYORAN,Penghinaan,12:00-14:59,2026
KEMAYORAN,Penghinaan,12:00-14:59,2026
KEMAYORAN,Penipuan / Perbuatan Curang,12:00-14:59,2026
KEMAYORAN,Penipuan / Perbuatan Curang,12:00-14:59,2026
KEMAYORAN,Penipuan / Perbuatan Curang,12:00-14:59,2026
KEMAYORAN,Penipuan / Perbuatan Curang,12:00-14:59,2026
KEMAYORAN,Penipuan / Perbuatan Curang,12:00-14:59,2026
KEMAYORAN,Penipuan / Perbuatan Curang,12:00-14:59,2026
KEMAYORAN,Penipuan / Perbuatan Curang,12:00-14:59,2026
KEMAYORAN,Penipuan / Perbuatan Curang,12:00-14:59,2026
KEMAYORAN,Penipuan / Perbuatan Curang,12:00-14:59,2026
KEMAYORAN,Penipuan / Perbuatan Curang,12:00-14:59,2026
KEMAYORAN,Penipuan / Perbuatan Curang,12:00-14:59,2026
KEMAYORAN,Penipuan / Perbuatan Curang,12:00-14:59,2026
KEMAYORAN,Penipuan / Perbuatan Curang,12:00-14:59,2026
KEMAYORAN,Penipuan / Perbuatan Curang,12:00-14:59,2026
KEMAYORAN,Penipuan / Perbuatan Curang,12:00-14:59,2026
KEMAYORAN,Penipuan / Perbuatan Curang,12:00-14:59,2026
KEMAYORAN,Penipuan / Perbuatan Curang,12:00-14:59,2026
KEMAYORAN,Penipuan / Perbuatan Curang,12:00-14:59,2026
KEMAYORAN,Penipuan / Perbuatan Curang,12:00-14:59,2026
KEMAYORAN,Penipuan / Perbuatan Curang,12:00-14:59,2026
KEMAYORAN,Penipuan / Perbuatan Curang,12:00-14:59,2026
KEMAYORAN,Penipuan / Perbuatan Curang,12:00-14:59,2026
KEMAYORAN,Penipuan / Perbuatan Curang,12:00-14:59,2026
KEMAYORAN,Penipuan / Perbuatan Curang,12:00-14:59,2026
KEMAYORAN,Penyerobotan Tanah,12:00-14:59,2026
KEMAYORAN,Perbuatan Yang Tidak Menyenangkan,12:00-14:59,2026
KEMAYORAN,Perbuatan Yang Tidak Menyenangkan,12:00-14:59,2026
KEMAYORAN,Percobaan Pencurian,12:00-14:59,2026
KEMAYORAN,Sumpah Palsu Dan Keterangan Palsu,12:00-14:59,2026
KEMAYORAN,Sumpah Palsu Dan Keterangan Palsu,12:00-14:59,2026
KEMAYORAN,Terhadap ketertiban umum,12:00-14:59,2026
KEMAYORAN,Curanmor R-2,15:00-17:59,2026
KEMAYORAN,Curanmor R-2,15:00-17:59,2026
KEMAYORAN,Curanmor R-2,15:00-17:59,2026
KEMAYORAN,Curanmor R-2,15:00-17:59,2026
KEMAYORAN,Curanmor R-2,15:00-17:59,2026
KEMAYORAN,Curanmor R-2,15:00-17:59,2026
KEMAYORAN,Curanmor R-2,15:00-17:59,2026
KEMAYORAN,Kejahatan Tentang Tenaga Kerja,15:00-17:59,2026
KEMAYORAN,Kejahatan Terkait Perlindungan Data Pribadi,15:00-17:59,2026
KEMAYORAN,Kejahatan terkait Tenaga Kesehatan,15:00-17:59,2026
KEMAYORAN,Kekerasan Dalam Rumah Tangga,15:00-17:59,2026
KEMAYORAN,Kekerasan Dalam Rumah Tangga,15:00-17:59,2026
KEMAYORAN,Kekerasan Dalam Rumah Tangga,15:00-17:59,2026
KEMAYORAN,Kekerasan Seksual (KDRT),15:00-17:59,2026
KEMAYORAN,Manipulasi data autentik secara elektronik (ITE),15:00-17:59,2026
KEMAYORAN,Manipulasi data autentik secara elektronik (ITE),15:00-17:59,2026
KEMAYORAN,Manipulasi data autentik secara elektronik (ITE),15:00-17:59,2026
KEMAYORAN,Manipulasi data autentik secara elektronik (ITE),15:00-17:59,2026
KEMAYORAN,Manipulasi data autentik secara elektronik (ITE),15:00-17:59,2026
KEMAYORAN,Manipulasi data autentik secara elektronik (ITE),15:00-17:59,2026
KEMAYORAN,Melawan Putusan Pengadilan,15:00-17:59,2026
KEMAYORAN,Narkotika ( Narkoba ),15:00-17:59,2026
KEMAYORAN,Narkotika ( Narkoba ),15:00-17:59,2026
KEMAYORAN,Pemalsuan Surat Otentik,15:00-17:59,2026
KEMAYORAN,Pemalsuan Surat Otentik,15:00-17:59,2026
KEMAYORAN,Pemalsuan Surat Otentik,15:00-17:59,2026
KEMAYORAN,Pemalsuan Surat Otentik,15:00-17:59,2026
KEMAYORAN,Pencemaran Nama Baik,15:00-17:59,2026
KEMAYORAN,Pencemaran Nama Baik,15:00-17:59,2026
KEMAYORAN,Pencemaran Nama Baik,15:00-17:59,2026
KEMAYORAN,Pencemaran Nama Baik,15:00-17:59,2026
KEMAYORAN,Pencemaran Nama Baik,15:00-17:59,2026
KEMAYORAN,Pencemaran Nama Baik,15:00-17:59,2026
KEMAYORAN,Pencurian Biasa,15:00-17:59,2026
KEMAYORAN,Pencurian Biasa,15:00-17:59,2026
KEMAYORAN,Pencurian Biasa,15:00-17:59,2026
KEMAYORAN,Pencurian Biasa,15:00-17:59,2026
KEMAYORAN,Pencurian Biasa,15:00-17:59,2026
KEMAYORAN,Pencurian Biasa,15:00-17:59,2026
KEMAYORAN,Pencurian Biasa,15:00-17:59,2026
KEMAYORAN,Pencurian Biasa,15:00-17:59,2026
KEMAYORAN,Pencurian Biasa,15:00-17:59,2026
KEMAYORAN,Pencurian Biasa,15:00-17:59,2026
KEMAYORAN,Pencurian Biasa,15:00-17:59,2026
KEMAYORAN,Pencurian Biasa,15:00-17:59,2026
KEMAYORAN,Pencurian Biasa,15:00-17:59,2026
KEMAYORAN,Pencurian Biasa,15:00-17:59,2026
KEMAYORAN,Pencurian Biasa,15:00-17:59,2026
KEMAYORAN,Pencurian Biasa,15:00-17:59,2026
KEMAYORAN,Pencurian Biasa,15:00-17:59,2026
KEMAYORAN,Pencurian Biasa,15:00-17:59,2026
KEMAYORAN,Pencurian Biasa,15:00-17:59,2026
KEMAYORAN,Pencurian Biasa,15:00-17:59,2026
KEMAYORAN,Pencurian Biasa,15:00-17:59,2026
KEMAYORAN,Pencurian Biasa,15:00-17:59,2026
KEMAYORAN,Pencurian Biasa,15:00-17:59,2026
KEMAYORAN,Pencurian Dengan Pemberatan ( Curat ),15:00-17:59,2026
KEMAYORAN,Pencurian Dengan Pemberatan ( Curat ),15:00-17:59,2026
KEMAYORAN,Pencurian Dengan Pemberatan ( Curat ),15:00-17:59,2026
KEMAYORAN,Pencurian Dengan Pemberatan ( Curat ),15:00-17:59,2026
KEMAYORAN,Pencurian Dengan Pemberatan ( Curat ),15:00-17:59,2026
KEMAYORAN,Pencurian Dengan Pemberatan ( Curat ),15:00-17:59,2026
KEMAYORAN,Pencurian Dengan Pemberatan ( Curat ),15:00-17:59,2026
KEMAYORAN,Pencurian Dengan Pemberatan ( Curat ),15:00-17:59,2026
KEMAYORAN,Pengancaman,15:00-17:59,2026
KEMAYORAN,Penganiayaan,15:00-17:59,2026
KEMAYORAN,Penganiayaan,15:00-17:59,2026
KEMAYORAN,Penganiayaan,15:00-17:59,2026
KEMAYORAN,Penganiayaan,15:00-17:59,2026
KEMAYORAN,Penganiayaan,15:00-17:59,2026
KEMAYORAN,Penganiayaan,15:00-17:59,2026
KEMAYORAN,Penganiayaan,15:00-17:59,2026
KEMAYORAN,Penganiayaan Berat ( Anirat ),15:00-17:59,2026
KEMAYORAN,Penganiayaan Berat ( Anirat ),15:00-17:59,2026
KEMAYORAN,Pengeroyokan,15:00-17:59,2026
KEMAYORAN,Pengeroyokan,15:00-17:59,2026
KEMAYORAN,Pengerusakan,15:00-17:59,2026
KEMAYORAN,Penggelapan,15:00-17:59,2026
KEMAYORAN,Penggelapan,15:00-17:59,2026
KEMAYORAN,Penggelapan,15:00-17:59,2026
KEMAYORAN,Penggelapan,15:00-17:59,2026
KEMAYORAN,Penggelapan,15:00-17:59,2026
KEMAYORAN,Penggelapan,15:00-17:59,2026
KEMAYORAN,Penggelapan,15:00-17:59,2026
KEMAYORAN,Penggelapan,15:00-17:59,2026
KEMAYORAN,Penggelapan,15:00-17:59,2026
KEMAYORAN,Penggelapan,15:00-17:59,2026
KEMAYORAN,Penggelapan,15:00-17:59,2026
KEMAYORAN,Penggelapan,15:00-17:59,2026
KEMAYORAN,Penggelapan,15:00-17:59,2026
KEMAYORAN,Penghinaan,15:00-17:59,2026
KEMAYORAN,Penipuan / Perbuatan Curang,15:00-17:59,2026
KEMAYORAN,Penipuan / Perbuatan Curang,15:00-17:59,2026
KEMAYORAN,Penipuan / Perbuatan Curang,15:00-17:59,2026
KEMAYORAN,Penipuan / Perbuatan Curang,15:00-17:59,2026
KEMAYORAN,Penipuan / Perbuatan Curang,15:00-17:59,2026
KEMAYORAN,Penipuan / Perbuatan Curang,15:00-17:59,2026
KEMAYORAN,Penipuan / Perbuatan Curang,15:00-17:59,2026
KEMAYORAN,Penipuan / Perbuatan Curang,15:00-17:59,2026
KEMAYORAN,Penipuan / Perbuatan Curang,15:00-17:59,2026
KEMAYORAN,Penipuan / Perbuatan Curang,15:00-17:59,2026
KEMAYORAN,Penipuan / Perbuatan Curang,15:00-17:59,2026
KEMAYORAN,Penipuan / Perbuatan Curang,15:00-17:59,2026
KEMAYORAN,Penipuan / Perbuatan Curang,15:00-17:59,2026
KEMAYORAN,Penipuan / Perbuatan Curang,15:00-17:59,2026
KEMAYORAN,Penipuan / Perbuatan Curang,15:00-17:59,2026
KEMAYORAN,Penipuan / Perbuatan Curang,15:00-17:59,2026
KEMAYORAN,Penipuan / Perbuatan Curang,15:00-17:59,2026
KEMAYORAN,Penipuan / Perbuatan Curang,15:00-17:59,2026
KEMAYORAN,Penipuan / Perbuatan Curang,15:00-17:59,2026
KEMAYORAN,Penipuan / Perbuatan Curang,15:00-17:59,2026
KEMAYORAN,Perzinahan,15:00-17:59,2026
KEMAYORAN,Sumpah Palsu Dan Keterangan Palsu,15:00-17:59,2026
KEMAYORAN,Sumpah Palsu Dan Keterangan Palsu,15:00-17:59,2026
KEMAYORAN,Curanmor R-2,18:00-21:59,2026
KEMAYORAN,Curanmor R-2,18:00-21:59,2026
KEMAYORAN,Curanmor R-2,18:00-21:59,2026
KEMAYORAN,Curanmor R-2,18:00-21:59,2026
KEMAYORAN,Kejahatan terkait Tenaga Kesehatan,18:00-21:59,2026
KEMAYORAN,Kejahatan terkait Tenaga Kesehatan,18:00-21:59,2026
KEMAYORAN,Kejahatan terkait Tenaga Kesehatan,18:00-21:59,2026
KEMAYORAN,Kekerasan Dalam Rumah Tangga,18:00-21:59,2026
KEMAYORAN,Kekerasan Dalam Rumah Tangga,18:00-21:59,2026
KEMAYORAN,Kekerasan Dalam Rumah Tangga,18:00-21:59,2026
KEMAYORAN,Kekerasan Dalam Rumah Tangga,18:00-21:59,2026
KEMAYORAN,Kekerasan Dalam Rumah Tangga,18:00-21:59,2026
KEMAYORAN,Kekerasan Dalam Rumah Tangga,18:00-21:59,2026
KEMAYORAN,Manipulasi data autentik secara elektronik (ITE),18:00-21:59,2026
KEMAYORAN,Manipulasi data autentik secara elektronik (ITE),18:00-21:59,2026
KEMAYORAN,Manipulasi data autentik secara elektronik (ITE),18:00-21:59,2026
KEMAYORAN,Narkotika ( Narkoba ),18:00-21:59,2026
KEMAYORAN,Narkotika ( Narkoba ),18:00-21:59,2026
KEMAYORAN,Narkotika ( Narkoba ),18:00-21:59,2026
KEMAYORAN,Narkotika ( Narkoba ),18:00-21:59,2026
KEMAYORAN,Narkotika ( Narkoba ),18:00-21:59,2026
KEMAYORAN,Narkotika ( Narkoba ),18:00-21:59,2026
KEMAYORAN,Narkotika ( Narkoba ),18:00-21:59,2026
KEMAYORAN,Narkotika ( Narkoba ),18:00-21:59,2026
KEMAYORAN,Narkotika ( Narkoba ),18:00-21:59,2026
KEMAYORAN,Pemalsuan Surat Otentik,18:00-21:59,2026
KEMAYORAN,Pemalsuan Surat Otentik,18:00-21:59,2026
KEMAYORAN,Pemerasan,18:00-21:59,2026
KEMAYORAN,Pemerasan,18:00-21:59,2026
KEMAYORAN,Pemerasan Dan Pengancaman,18:00-21:59,2026
KEMAYORAN,Pencemaran Nama Baik,18:00-21:59,2026
KEMAYORAN,Pencemaran Nama Baik,18:00-21:59,2026
KEMAYORAN,Pencurian Biasa,18:00-21:59,2026
KEMAYORAN,Pencurian Biasa,18:00-21:59,2026
KEMAYORAN,Pencurian Biasa,18:00-21:59,2026
KEMAYORAN,Pencurian Biasa,18:00-21:59,2026
KEMAYORAN,Pencurian Biasa,18:00-21:59,2026
KEMAYORAN,Pencurian Biasa,18:00-21:59,2026
KEMAYORAN,Pencurian Biasa,18:00-21:59,2026
KEMAYORAN,Pencurian Biasa,18:00-21:59,2026
KEMAYORAN,Pencurian Biasa,18:00-21:59,2026
KEMAYORAN,Pencurian Biasa,18:00-21:59,2026
KEMAYORAN,Pencurian Biasa,18:00-21:59,2026
KEMAYORAN,Pencurian Biasa,18:00-21:59,2026
KEMAYORAN,Pencurian Biasa,18:00-21:59,2026
KEMAYORAN,Pencurian Biasa,18:00-21:59,2026
KEMAYORAN,Pencurian Biasa,18:00-21:59,2026
KEMAYORAN,Pencurian Biasa,18:00-21:59,2026
KEMAYORAN,Pencurian Biasa,18:00-21:59,2026
KEMAYORAN,Pencurian Biasa,18:00-21:59,2026
KEMAYORAN,Pencurian Biasa,18:00-21:59,2026
KEMAYORAN,Pencurian Biasa,18:00-21:59,2026
KEMAYORAN,Pencurian Biasa,18:00-21:59,2026
KEMAYORAN,Pencurian Biasa,18:00-21:59,2026
KEMAYORAN,Pencurian Biasa,18:00-21:59,2026
KEMAYORAN,Pencurian Biasa,18:00-21:59,2026
KEMAYORAN,Pencurian Biasa,18:00-21:59,2026
KEMAYORAN,Pencurian Biasa,18:00-21:59,2026
KEMAYORAN,Pencurian Biasa,18:00-21:59,2026
KEMAYORAN,Pencurian Biasa,18:00-21:59,2026
KEMAYORAN,Pencurian Biasa,18:00-21:59,2026
KEMAYORAN,Pencurian Biasa,18:00-21:59,2026
KEMAYORAN,Pencurian Biasa,18:00-21:59,2026
KEMAYORAN,Pencurian Biasa,18:00-21:59,2026
KEMAYORAN,Pencurian Biasa,18:00-21:59,2026
KEMAYORAN,Pencurian Biasa,18:00-21:59,2026
KEMAYORAN,Pencurian Biasa,18:00-21:59,2026
KEMAYORAN,Pencurian Biasa,18:00-21:59,2026
KEMAYORAN,Pencurian Biasa,18:00-21:59,2026
KEMAYORAN,Pencurian Biasa,18:00-21:59,2026
KEMAYORAN,Pencurian Biasa,18:00-21:59,2026
KEMAYORAN,Pencurian Biasa,18:00-21:59,2026
KEMAYORAN,Pencurian Biasa,18:00-21:59,2026
KEMAYORAN,Pencurian Biasa,18:00-21:59,2026
KEMAYORAN,Pencurian Biasa,18:00-21:59,2026
KEMAYORAN,Pencurian Biasa,18:00-21:59,2026
KEMAYORAN,Pencurian Biasa,18:00-21:59,2026
KEMAYORAN,Pencurian Biasa,18:00-21:59,2026
KEMAYORAN,Pencurian Biasa,18:00-21:59,2026
KEMAYORAN,Pencurian Biasa,18:00-21:59,2026
KEMAYORAN,Pencurian Biasa,18:00-21:59,2026
KEMAYORAN,Pencurian Biasa,18:00-21:59,2026
KEMAYORAN,Pencurian Biasa,18:00-21:59,2026
KEMAYORAN,Pencurian Biasa,18:00-21:59,2026
KEMAYORAN,Pencurian Biasa,18:00-21:59,2026
KEMAYORAN,Pencurian Biasa,18:00-21:59,2026
KEMAYORAN,Pencurian Biasa,18:00-21:59,2026
KEMAYORAN,Pencurian Biasa,18:00-21:59,2026
KEMAYORAN,Pencurian Biasa,18:00-21:59,2026
KEMAYORAN,Pencurian Biasa,18:00-21:59,2026
KEMAYORAN,Pencurian Biasa,18:00-21:59,2026
KEMAYORAN,Pencurian Biasa,18:00-21:59,2026
KEMAYORAN,Pencurian Biasa,18:00-21:59,2026
KEMAYORAN,Pencurian Biasa,18:00-21:59,2026
KEMAYORAN,Pencurian Biasa,18:00-21:59,2026
KEMAYORAN,Pencurian Biasa,18:00-21:59,2026
KEMAYORAN,Pencurian Biasa,18:00-21:59,2026
KEMAYORAN,Pencurian Biasa,18:00-21:59,2026
KEMAYORAN,Pencurian Biasa,18:00-21:59,2026
KEMAYORAN,Pencurian Biasa,18:00-21:59,2026
KEMAYORAN,Pencurian Biasa,18:00-21:59,2026
KEMAYORAN,Pencurian Biasa,18:00-21:59,2026
KEMAYORAN,Pencurian Biasa,18:00-21:59,2026
KEMAYORAN,Pencurian Biasa,18:00-21:59,2026
KEMAYORAN,Pencurian Biasa,18:00-21:59,2026
KEMAYORAN,Pencurian Biasa,18:00-21:59,2026
KEMAYORAN,Pencurian Dengan Pemberatan ( Curat ),18:00-21:59,2026
KEMAYORAN,Pencurian Dengan Pemberatan ( Curat ),18:00-21:59,2026
KEMAYORAN,Pencurian Dengan Pemberatan ( Curat ),18:00-21:59,2026
KEMAYORAN,Pencurian Dengan Pemberatan ( Curat ),18:00-21:59,2026
KEMAYORAN,Pencurian Dengan Pemberatan ( Curat ),18:00-21:59,2026
KEMAYORAN,Pencurian Dengan Pemberatan ( Curat ),18:00-21:59,2026
KEMAYORAN,Pencurian Dengan Pemberatan ( Curat ),18:00-21:59,2026
KEMAYORAN,Pencurian Dengan Pemberatan ( Curat ),18:00-21:59,2026
KEMAYORAN,Pencurian Dengan Pemberatan ( Curat ),18:00-21:59,2026
KEMAYORAN,Pencurian Dengan Pemberatan ( Curat ),18:00-21:59,2026
KEMAYORAN,Pencurian Ringan,18:00-21:59,2026
KEMAYORAN,Pengancaman,18:00-21:59,2026
KEMAYORAN,Penganiayaan,18:00-21:59,2026
KEMAYORAN,Penganiayaan,18:00-21:59,2026
KEMAYORAN,Penganiayaan,18:00-21:59,2026
KEMAYORAN,Penganiayaan,18:00-21:59,2026
KEMAYORAN,Penganiayaan,18:00-21:59,2026
KEMAYORAN,Pengeroyokan,18:00-21:59,2026
KEMAYORAN,Pengeroyokan,18:00-21:59,2026
KEMAYORAN,Penggelapan,18:00-21:59,2026
KEMAYORAN,Penggelapan,18:00-21:59,2026
KEMAYORAN,Penggelapan,18:00-21:59,2026
KEMAYORAN,Penggelapan,18:00-21:59,2026
KEMAYORAN,Penggelapan,18:00-21:59,2026
KEMAYORAN,Penggelapan,18:00-21:59,2026
KEMAYORAN,Penghinaan,18:00-21:59,2026
KEMAYORAN,Penipuan / Perbuatan Curang,18:00-21:59,2026
KEMAYORAN,Penipuan / Perbuatan Curang,18:00-21:59,2026
KEMAYORAN,Penipuan / Perbuatan Curang,18:00-21:59,2026
KEMAYORAN,Penipuan / Perbuatan Curang,18:00-21:59,2026
KEMAYORAN,Penipuan / Perbuatan Curang,18:00-21:59,2026
KEMAYORAN,Penipuan / Perbuatan Curang,18:00-21:59,2026
KEMAYORAN,Penipuan / Perbuatan Curang,18:00-21:59,2026
KEMAYORAN,Penipuan / Perbuatan Curang,18:00-21:59,2026
KEMAYORAN,Penipuan / Perbuatan Curang,18:00-21:59,2026
KEMAYORAN,Penipuan / Perbuatan Curang,18:00-21:59,2026
KEMAYORAN,Penipuan / Perbuatan Curang,18:00-21:59,2026
KEMAYORAN,Penipuan / Perbuatan Curang,18:00-21:59,2026
KEMAYORAN,Penipuan / Perbuatan Curang,18:00-21:59,2026
KEMAYORAN,Penipuan / Perbuatan Curang,18:00-21:59,2026
KEMAYORAN,Percobaan Pencurian,18:00-21:59,2026
KEMAYORAN,Perkosaan,18:00-21:59,2026
KEMAYORAN,Sumpah Palsu Dan Keterangan Palsu,18:00-21:59,2026
KEMAYORAN,Sumpah Palsu Dan Keterangan Palsu,18:00-21:59,2026
KEMAYORAN,Tindak Pidana Dalam Perlindungan Anak,18:00-21:59,2026
KEMAYORAN,Tindak Pidana Transfer Dana,18:00-21:59,2026
KEMAYORAN,Curanmor R-2,22:00-23:59,2026
KEMAYORAN,Curanmor R-2,22:00-23:59,2026
KEMAYORAN,Kekerasan Dalam Rumah Tangga,22:00-23:59,2026
KEMAYORAN,Kekerasan Dalam Rumah Tangga,22:00-23:59,2026
KEMAYORAN,Kekerasan Dalam Rumah Tangga,22:00-23:59,2026
KEMAYORAN,Manipulasi data autentik secara elektronik (ITE),22:00-23:59,2026
KEMAYORAN,Narkotika ( Narkoba ),22:00-23:59,2026
KEMAYORAN,Narkotika ( Narkoba ),22:00-23:59,2026
KEMAYORAN,Narkotika ( Narkoba ),22:00-23:59,2026
KEMAYORAN,Narkotika ( Narkoba ),22:00-23:59,2026
KEMAYORAN,Pemalsuan Surat Otentik,22:00-23:59,2026
KEMAYORAN,Pencurian Biasa,22:00-23:59,2026
KEMAYORAN,Pencurian Biasa,22:00-23:59,2026
KEMAYORAN,Pencurian Biasa,22:00-23:59,2026
KEMAYORAN,Pencurian Dengan Pemberatan ( Curat ),22:00-23:59,2026
KEMAYORAN,Penganiayaan,22:00-23:59,2026
KEMAYORAN,Penganiayaan,22:00-23:59,2026
KEMAYORAN,Penganiayaan,22:00-23:59,2026
KEMAYORAN,Penganiayaan,22:00-23:59,2026
KEMAYORAN,Penganiayaan,22:00-23:59,2026
KEMAYORAN,Pengeroyokan,22:00-23:59,2026
KEMAYORAN,Pengeroyokan,22:00-23:59,2026
KEMAYORAN,Penggelapan,22:00-23:59,2026
KEMAYORAN,Penggelapan,22:00-23:59,2026
KEMAYORAN,Penipuan / Perbuatan Curang,22:00-23:59,2026
KEMAYORAN,Penipuan / Perbuatan Curang,22:00-23:59,2026
KEMAYORAN,Penipuan / Perbuatan Curang,22:00-23:59,2026
KEMAYORAN,Penipuan / Perbuatan Curang,22:00-23:59,2026
KEMAYORAN,Penipuan / Perbuatan Curang,22:00-23:59,2026
KEMAYORAN,Penipuan / Perbuatan Curang,22:00-23:59,2026
KEMAYORAN,Penipuan / Perbuatan Curang,22:00-23:59,2026
KEMAYORAN,Penipuan / Perbuatan Curang,22:00-23:59,2026
KEMAYORAN,Penipuan / Perbuatan Curang,22:00-23:59,2026
KEMAYORAN,Penipuan / Perbuatan Curang,22:00-23:59,2026
KEMAYORAN,Penipuan / Perbuatan Curang,22:00-23:59,2026
KEMAYORAN,Perzinahan,22:00-23:59,2026
KEMAYORAN,Sumpah Palsu Dan Keterangan Palsu,22:00-23:59,2026
KEMAYORAN,Cabul,00:00-04:59,2026
KEMAYORAN,Curanmor R-2,00:00-04:59,2026
KEMAYORAN,Curanmor R-2,00:00-04:59,2026
KEMAYORAN,Curanmor R-2,00:00-04:59,2026
KEMAYORAN,Curanmor R-2,00:00-04:59,2026
KEMAYORAN,Curanmor R-2,00:00-04:59,2026
KEMAYORAN,Curanmor R-2,00:00-04:59,2026
KEMAYORAN,Kekerasan Dalam Rumah Tangga,00:00-04:59,2026
KEMAYORAN,Kekerasan Dalam Rumah Tangga,00:00-04:59,2026
KEMAYORAN,Kekerasan Dalam Rumah Tangga,00:00-04:59,2026
KEMAYORAN,Kekerasan Seksual (KDRT),00:00-04:59,2026
KEMAYORAN,Narkotika ( Narkoba ),00:00-04:59,2026
KEMAYORAN,Narkotika ( Narkoba ),00:00-04:59,2026
KEMAYORAN,Narkotika ( Narkoba ),00:00-04:59,2026
KEMAYORAN,Narkotika ( Narkoba ),00:00-04:59,2026
KEMAYORAN,Narkotika ( Narkoba ),00:00-04:59,2026
KEMAYORAN,Pemerasan,00:00-04:59,2026
KEMAYORAN,Pencemaran Nama Baik,00:00-04:59,2026
KEMAYORAN,Pencurian Biasa,00:00-04:59,2026
KEMAYORAN,Pencurian Biasa,00:00-04:59,2026
KEMAYORAN,Pencurian Biasa,00:00-04:59,2026
KEMAYORAN,Pencurian Biasa,00:00-04:59,2026
KEMAYORAN,Pencurian Biasa,00:00-04:59,2026
KEMAYORAN,Pencurian Biasa,00:00-04:59,2026
KEMAYORAN,Pencurian Biasa,00:00-04:59,2026
KEMAYORAN,Pencurian Biasa,00:00-04:59,2026
KEMAYORAN,Pencurian Biasa,00:00-04:59,2026
KEMAYORAN,Pencurian Dengan Kekerasan ( Curas ),00:00-04:59,2026
KEMAYORAN,Pencurian Dengan Kekerasan ( Curas ),00:00-04:59,2026
KEMAYORAN,Pencurian Dengan Pemberatan ( Curat ),00:00-04:59,2026
KEMAYORAN,Pencurian Dengan Pemberatan ( Curat ),00:00-04:59,2026
KEMAYORAN,Pencurian Dengan Pemberatan ( Curat ),00:00-04:59,2026
KEMAYORAN,Pencurian Dengan Pemberatan ( Curat ),00:00-04:59,2026
KEMAYORAN,Pencurian Dengan Pemberatan ( Curat ),00:00-04:59,2026
KEMAYORAN,Pencurian Dengan Pemberatan ( Curat ),00:00-04:59,2026
KEMAYORAN,Pencurian Dengan Pemberatan ( Curat ),00:00-04:59,2026
KEMAYORAN,Pencurian Dengan Pemberatan ( Curat ),00:00-04:59,2026
KEMAYORAN,Pencurian Dengan Pemberatan ( Curat ),00:00-04:59,2026
KEMAYORAN,Pencurian Dengan Pemberatan ( Curat ),00:00-04:59,2026
KEMAYORAN,Pencurian Dengan Pemberatan ( Curat ),00:00-04:59,2026
KEMAYORAN,Pencurian Dengan Pemberatan ( Curat ),00:00-04:59,2026
KEMAYORAN,Pencurian Dengan Pemberatan ( Curat ),00:00-04:59,2026
KEMAYORAN,Pencurian Dengan Pemberatan ( Curat ),00:00-04:59,2026
KEMAYORAN,Pencurian Dengan Pemberatan ( Curat ),00:00-04:59,2026
KEMAYORAN,Pencurian Dengan Pemberatan ( Curat ),00:00-04:59,2026
KEMAYORAN,Pencurian Ringan,00:00-04:59,2026
KEMAYORAN,Pengancaman,00:00-04:59,2026
KEMAYORAN,Penganiayaan,00:00-04:59,2026
KEMAYORAN,Penganiayaan,00:00-04:59,2026
KEMAYORAN,Penganiayaan,00:00-04:59,2026
KEMAYORAN,Penganiayaan,00:00-04:59,2026
KEMAYORAN,Penganiayaan,00:00-04:59,2026
KEMAYORAN,Penganiayaan,00:00-04:59,2026
KEMAYORAN,Pengeroyokan,00:00-04:59,2026
KEMAYORAN,Pengeroyokan,00:00-04:59,2026
KEMAYORAN,Pengeroyokan,00:00-04:59,2026
KEMAYORAN,Pengeroyokan,00:00-04:59,2026
KEMAYORAN,Pengeroyokan,00:00-04:59,2026
KEMAYORAN,Pengeroyokan,00:00-04:59,2026
KEMAYORAN,Pengeroyokan,00:00-04:59,2026
KEMAYORAN,Pengeroyokan,00:00-04:59,2026
KEMAYORAN,Pengeroyokan,00:00-04:59,2026
KEMAYORAN,Penipuan / Perbuatan Curang,00:00-04:59,2026
KEMAYORAN,Penipuan / Perbuatan Curang,00:00-04:59,2026
KEMAYORAN,Penipuan / Perbuatan Curang,00:00-04:59,2026
KEMAYORAN,Percobaan Pencurian,00:00-04:59,2026
KEMAYORAN,Percobaan Pencurian,00:00-04:59,2026
KEMAYORAN,Perkelahian Pelajar / Mahasiswa,00:00-04:59,2026
KEMAYORAN,Perkelahian Pelajar / Mahasiswa,00:00-04:59,2026
MENTENG,Kejahatan Terkait Senjata Tajam ( Sajam ) ( Premanisme ),05:00-07:59,2026
MENTENG,Pencurian Biasa,05:00-07:59,2026
MENTENG,Pencurian Biasa,05:00-07:59,2026
MENTENG,Pencurian Dengan Pemberatan ( Curat ),05:00-07:59,2026
MENTENG,Pencurian Dengan Pemberatan ( Curat ),05:00-07:59,2026
MENTENG,Pencurian Dengan Pemberatan ( Curat ),05:00-07:59,2026
MENTENG,Penganiayaan,05:00-07:59,2026
MENTENG,Penganiayaan,05:00-07:59,2026
MENTENG,Pengeroyokan,05:00-07:59,2026
MENTENG,Cabul,08:00-11:59,2026
MENTENG,Kejahatan Terkait Perlindungan Data Pribadi,08:00-11:59,2026
MENTENG,Kejahatan Terkait Perlindungan Data Pribadi,08:00-11:59,2026
MENTENG,Kejahatan Terkait Perlindungan Data Pribadi,08:00-11:59,2026
MENTENG,Kejahatan Terkait Perlindungan Data Pribadi,08:00-11:59,2026
MENTENG,Kekerasan Dalam Rumah Tangga,08:00-11:59,2026
MENTENG,Kekerasan Dalam Rumah Tangga,08:00-11:59,2026
MENTENG,Kekerasan Seksual (KDRT),08:00-11:59,2026
MENTENG,Manipulasi data autentik secara elektronik (ITE),08:00-11:59,2026
MENTENG,Manipulasi data autentik secara elektronik (ITE),08:00-11:59,2026
MENTENG,Manipulasi data autentik secara elektronik (ITE),08:00-11:59,2026
MENTENG,Manipulasi data autentik secara elektronik (ITE),08:00-11:59,2026
MENTENG,Manipulasi data autentik secara elektronik (ITE),08:00-11:59,2026
MENTENG,Menjual atau mengedarkan obat keras / bebas terbatas tanpa ijin,08:00-11:59,2026
MENTENG,Narkotika ( Narkoba ),08:00-11:59,2026
MENTENG,Pencemaran Nama Baik,08:00-11:59,2026
MENTENG,Pencurian Biasa,08:00-11:59,2026
MENTENG,Pencurian Biasa,08:00-11:59,2026
MENTENG,Pencurian Biasa,08:00-11:59,2026
MENTENG,Pencurian Biasa,08:00-11:59,2026
MENTENG,Pencurian Biasa,08:00-11:59,2026
MENTENG,Pencurian Biasa,08:00-11:59,2026
MENTENG,Pencurian Biasa,08:00-11:59,2026
MENTENG,Pencurian Biasa,08:00-11:59,2026
MENTENG,Pencurian Biasa,08:00-11:59,2026
MENTENG,Pencurian Biasa,08:00-11:59,2026
MENTENG,Pencurian Biasa,08:00-11:59,2026
MENTENG,Pencurian Biasa,08:00-11:59,2026
MENTENG,Pencurian Biasa,08:00-11:59,2026
MENTENG,Pencurian Biasa,08:00-11:59,2026
MENTENG,Pencurian Biasa,08:00-11:59,2026
MENTENG,Pencurian Biasa,08:00-11:59,2026
MENTENG,Pencurian Biasa,08:00-11:59,2026
MENTENG,Pencurian Biasa,08:00-11:59,2026
MENTENG,Pencurian Biasa,08:00-11:59,2026
MENTENG,Pencurian Biasa,08:00-11:59,2026
MENTENG,Pencurian Dengan Pemberatan ( Curat ),08:00-11:59,2026
MENTENG,Pencurian Dengan Pemberatan ( Curat ),08:00-11:59,2026
MENTENG,Pencurian Dengan Pemberatan ( Curat ),08:00-11:59,2026
MENTENG,Pengancaman,08:00-11:59,2026
MENTENG,Penganiayaan,08:00-11:59,2026
MENTENG,Penganiayaan,08:00-11:59,2026
MENTENG,Penganiayaan,08:00-11:59,2026
MENTENG,Pengerusakan,08:00-11:59,2026
MENTENG,Penggelapan,08:00-11:59,2026
MENTENG,Penggelapan,08:00-11:59,2026
MENTENG,Penggelapan,08:00-11:59,2026
MENTENG,Penggelapan,08:00-11:59,2026
MENTENG,Penggelapan,08:00-11:59,2026
MENTENG,Penggelapan,08:00-11:59,2026
MENTENG,Penipuan / Perbuatan Curang,08:00-11:59,2026
MENTENG,Penipuan / Perbuatan Curang,08:00-11:59,2026
MENTENG,Penipuan / Perbuatan Curang,08:00-11:59,2026
MENTENG,Penipuan / Perbuatan Curang,08:00-11:59,2026
MENTENG,Penipuan / Perbuatan Curang,08:00-11:59,2026
MENTENG,Penipuan / Perbuatan Curang,08:00-11:59,2026
MENTENG,Penipuan / Perbuatan Curang,08:00-11:59,2026
MENTENG,Penyerobotan Tanah,08:00-11:59,2026
MENTENG,Perbankan,08:00-11:59,2026
MENTENG,Tindak Pidana Dalam Perlindungan Anak,08:00-11:59,2026
MENTENG,Hak Atas Kekayaan Intelektual ( HAKI ),12:00-14:59,2026
MENTENG,Kekerasan Seksual (KDRT),12:00-14:59,2026
MENTENG,Manipulasi data autentik secara elektronik (ITE),12:00-14:59,2026
MENTENG,Manipulasi data autentik secara elektronik (ITE),12:00-14:59,2026
MENTENG,Manipulasi data autentik secara elektronik (ITE),12:00-14:59,2026
MENTENG,Manipulasi data autentik secara elektronik (ITE),12:00-14:59,2026
MENTENG,Manipulasi data autentik secara elektronik (ITE),12:00-14:59,2026
MENTENG,Manipulasi data autentik secara elektronik (ITE),12:00-14:59,2026
MENTENG,Manipulasi data autentik secara elektronik (ITE),12:00-14:59,2026
MENTENG,Manipulasi data autentik secara elektronik (ITE),12:00-14:59,2026
MENTENG,Manipulasi data autentik secara elektronik (ITE),12:00-14:59,2026
MENTENG,Narkotika ( Narkoba ),12:00-14:59,2026
MENTENG,Narkotika ( Narkoba ),12:00-14:59,2026
MENTENG,Pemerasan,12:00-14:59,2026
MENTENG,Pencemaran Nama Baik,12:00-14:59,2026
MENTENG,Pencemaran Nama Baik,12:00-14:59,2026
MENTENG,Pencemaran Nama Baik,12:00-14:59,2026
MENTENG,Pencurian Biasa,12:00-14:59,2026
MENTENG,Pencurian Biasa,12:00-14:59,2026
MENTENG,Pencurian Biasa,12:00-14:59,2026
MENTENG,Pencurian Biasa,12:00-14:59,2026
MENTENG,Pencurian Biasa,12:00-14:59,2026
MENTENG,Pencurian Biasa,12:00-14:59,2026
MENTENG,Pencurian Biasa,12:00-14:59,2026
MENTENG,Pencurian Biasa,12:00-14:59,2026
MENTENG,Pencurian Ringan,12:00-14:59,2026
MENTENG,Pengancaman,12:00-14:59,2026
MENTENG,Pengancaman,12:00-14:59,2026
MENTENG,Pengancaman,12:00-14:59,2026
MENTENG,Penganiayaan,12:00-14:59,2026
MENTENG,Penggelapan,12:00-14:59,2026
MENTENG,Penggelapan,12:00-14:59,2026
MENTENG,Penggelapan,12:00-14:59,2026
MENTENG,Penggelapan,12:00-14:59,2026
MENTENG,Penggelapan,12:00-14:59,2026
MENTENG,Penggelapan,12:00-14:59,2026
MENTENG,Penggelapan,12:00-14:59,2026
MENTENG,Penipuan / Perbuatan Curang,12:00-14:59,2026
MENTENG,Penipuan / Perbuatan Curang,12:00-14:59,2026
MENTENG,Penipuan / Perbuatan Curang,12:00-14:59,2026
MENTENG,Penipuan / Perbuatan Curang,12:00-14:59,2026
MENTENG,Penipuan / Perbuatan Curang,12:00-14:59,2026
MENTENG,Penipuan / Perbuatan Curang,12:00-14:59,2026
MENTENG,Penipuan / Perbuatan Curang,12:00-14:59,2026
MENTENG,Penipuan / Perbuatan Curang,12:00-14:59,2026
MENTENG,Penipuan / Perbuatan Curang,12:00-14:59,2026
MENTENG,Penipuan / Perbuatan Curang,12:00-14:59,2026
MENTENG,Penipuan / Perbuatan Curang,12:00-14:59,2026
MENTENG,Perzinahan,12:00-14:59,2026
MENTENG,Terhadap ketertiban umum,12:00-14:59,2026
MENTENG,Cabul,15:00-17:59,2026
MENTENG,Kekerasan Dalam Rumah Tangga,15:00-17:59,2026
MENTENG,Kekerasan Dalam Rumah Tangga,15:00-17:59,2026
MENTENG,Manipulasi data autentik secara elektronik (ITE),15:00-17:59,2026
MENTENG,Manipulasi data autentik secara elektronik (ITE),15:00-17:59,2026
MENTENG,Manipulasi data autentik secara elektronik (ITE),15:00-17:59,2026
MENTENG,Manipulasi data autentik secara elektronik (ITE),15:00-17:59,2026
MENTENG,Manipulasi data autentik secara elektronik (ITE),15:00-17:59,2026
MENTENG,Manipulasi data autentik secara elektronik (ITE),15:00-17:59,2026
MENTENG,Manipulasi data autentik secara elektronik (ITE),15:00-17:59,2026
MENTENG,Narkotika ( Narkoba ),15:00-17:59,2026
MENTENG,Narkotika ( Narkoba ),15:00-17:59,2026
MENTENG,Pemalsuan Surat Otentik,15:00-17:59,2026
MENTENG,Pemalsuan Surat Otentik,15:00-17:59,2026
MENTENG,Pemerasan,15:00-17:59,2026
MENTENG,Pencurian Biasa,15:00-17:59,2026
MENTENG,Pencurian Biasa,15:00-17:59,2026
MENTENG,Pencurian Biasa,15:00-17:59,2026
MENTENG,Pencurian Biasa,15:00-17:59,2026
MENTENG,Pencurian Biasa,15:00-17:59,2026
MENTENG,Pencurian Biasa,15:00-17:59,2026
MENTENG,Pencurian Biasa,15:00-17:59,2026
MENTENG,Pencurian Biasa,15:00-17:59,2026
MENTENG,Pencurian Biasa,15:00-17:59,2026
MENTENG,Pencurian Biasa,15:00-17:59,2026
MENTENG,Pencurian Biasa,15:00-17:59,2026
MENTENG,Pencurian Biasa,15:00-17:59,2026
MENTENG,Pencurian Biasa,15:00-17:59,2026
MENTENG,Pencurian Biasa,15:00-17:59,2026
MENTENG,Pencurian Biasa,15:00-17:59,2026
MENTENG,Pencurian Biasa,15:00-17:59,2026
MENTENG,Pencurian Biasa,15:00-17:59,2026
MENTENG,Pencurian Biasa,15:00-17:59,2026
MENTENG,Pencurian Biasa,15:00-17:59,2026
MENTENG,Pencurian Biasa,15:00-17:59,2026
MENTENG,Pencurian Biasa,15:00-17:59,2026
MENTENG,Pencurian Biasa,15:00-17:59,2026
MENTENG,Pencurian Dengan Pemberatan ( Curat ),15:00-17:59,2026
MENTENG,Pencurian Dengan Pemberatan ( Curat ),15:00-17:59,2026
MENTENG,Pengaduan Palsu,15:00-17:59,2026
MENTENG,Pengancaman,15:00-17:59,2026
MENTENG,Penganiayaan,15:00-17:59,2026
MENTENG,Penganiayaan,15:00-17:59,2026
MENTENG,Penganiayaan,15:00-17:59,2026
MENTENG,Penganiayaan,15:00-17:59,2026
MENTENG,Pengeroyokan,15:00-17:59,2026
MENTENG,Penggelapan,15:00-17:59,2026
MENTENG,Penggelapan,15:00-17:59,2026
MENTENG,Penggelapan,15:00-17:59,2026
MENTENG,Penggelapan,15:00-17:59,2026
MENTENG,Penggelapan,15:00-17:59,2026
MENTENG,Penggelapan,15:00-17:59,2026
MENTENG,Penghinaan,15:00-17:59,2026
MENTENG,Penipuan / Perbuatan Curang,15:00-17:59,2026
MENTENG,Penipuan / Perbuatan Curang,15:00-17:59,2026
MENTENG,Penipuan / Perbuatan Curang,15:00-17:59,2026
MENTENG,Penipuan / Perbuatan Curang,15:00-17:59,2026
MENTENG,Penipuan / Perbuatan Curang,15:00-17:59,2026
MENTENG,Penipuan / Perbuatan Curang,15:00-17:59,2026
MENTENG,Penipuan / Perbuatan Curang,15:00-17:59,2026
MENTENG,Penipuan / Perbuatan Curang,15:00-17:59,2026
MENTENG,Penistaan Agama,15:00-17:59,2026
MENTENG,Perbuatan Yang Tidak Menyenangkan,15:00-17:59,2026
MENTENG,Perbuatan Yang Tidak Menyenangkan,15:00-17:59,2026
MENTENG,Perzinahan,15:00-17:59,2026
MENTENG,Tindak Pidana Dalam Perlindungan Anak,15:00-17:59,2026
MENTENG,Kejahatan Tentang Pornografi,18:00-21:59,2026
MENTENG,Kejahatan Tentang Tenaga Kerja,18:00-21:59,2026
MENTENG,Kekerasan Dalam Rumah Tangga,18:00-21:59,2026
MENTENG,Kekerasan Dalam Rumah Tangga,18:00-21:59,2026
MENTENG,Kekerasan Dalam Rumah Tangga,18:00-21:59,2026
MENTENG,Manipulasi data autentik secara elektronik (ITE),18:00-21:59,2026
MENTENG,Manipulasi data autentik secara elektronik (ITE),18:00-21:59,2026
MENTENG,Melawan Petugas yang Sedang Bertugas,18:00-21:59,2026
MENTENG,Mengakibatkan Orang Luka,18:00-21:59,2026
MENTENG,Narkotika ( Narkoba ),18:00-21:59,2026
MENTENG,Narkotika ( Narkoba ),18:00-21:59,2026
MENTENG,Narkotika ( Narkoba ),18:00-21:59,2026
MENTENG,Narkotika ( Narkoba ),18:00-21:59,2026
MENTENG,Pencemaran Nama Baik,18:00-21:59,2026
MENTENG,Pencemaran Nama Baik,18:00-21:59,2026
MENTENG,Pencemaran Nama Baik,18:00-21:59,2026
MENTENG,Pencemaran Nama Baik,18:00-21:59,2026
MENTENG,Pencemaran Nama Baik,18:00-21:59,2026
MENTENG,Pencemaran Nama Baik,18:00-21:59,2026
MENTENG,Pencurian Biasa,18:00-21:59,2026
MENTENG,Pencurian Biasa,18:00-21:59,2026
MENTENG,Pencurian Biasa,18:00-21:59,2026
MENTENG,Pencurian Biasa,18:00-21:59,2026
MENTENG,Pencurian Biasa,18:00-21:59,2026
MENTENG,Pencurian Biasa,18:00-21:59,2026
MENTENG,Pencurian Biasa,18:00-21:59,2026
MENTENG,Pencurian Biasa,18:00-21:59,2026
MENTENG,Pencurian Biasa,18:00-21:59,2026
MENTENG,Pencurian Biasa,18:00-21:59,2026
MENTENG,Pencurian Biasa,18:00-21:59,2026
MENTENG,Pencurian Biasa,18:00-21:59,2026
MENTENG,Pencurian Biasa,18:00-21:59,2026
MENTENG,Pencurian Biasa,18:00-21:59,2026
MENTENG,Pencurian Biasa,18:00-21:59,2026
MENTENG,Pencurian Biasa,18:00-21:59,2026
MENTENG,Pencurian Biasa,18:00-21:59,2026
MENTENG,Pencurian Biasa,18:00-21:59,2026
MENTENG,Pencurian Biasa,18:00-21:59,2026
MENTENG,Pencurian Biasa,18:00-21:59,2026
MENTENG,Pencurian Biasa,18:00-21:59,2026
MENTENG,Pencurian Dengan Kekerasan ( Curas ),18:00-21:59,2026
MENTENG,Pencurian Dengan Pemberatan ( Curat ),18:00-21:59,2026
MENTENG,Pencurian Dengan Pemberatan ( Curat ),18:00-21:59,2026
MENTENG,Pencurian Dengan Pemberatan ( Curat ),18:00-21:59,2026
MENTENG,Pencurian Ringan,18:00-21:59,2026
MENTENG,Pengancaman,18:00-21:59,2026
MENTENG,Penganiayaan,18:00-21:59,2026
MENTENG,Penganiayaan,18:00-21:59,2026
MENTENG,Penganiayaan,18:00-21:59,2026
MENTENG,Penganiayaan,18:00-21:59,2026
MENTENG,Penganiayaan,18:00-21:59,2026
MENTENG,Penganiayaan,18:00-21:59,2026
MENTENG,Pengeroyokan,18:00-21:59,2026
MENTENG,Pengeroyokan,18:00-21:59,2026
MENTENG,Penggelapan,18:00-21:59,2026
MENTENG,Penggelapan,18:00-21:59,2026
MENTENG,Penggelapan,18:00-21:59,2026
MENTENG,Penggelapan,18:00-21:59,2026
MENTENG,Penipuan / Perbuatan Curang,18:00-21:59,2026
MENTENG,Penipuan / Perbuatan Curang,18:00-21:59,2026
MENTENG,Penipuan / Perbuatan Curang,18:00-21:59,2026
MENTENG,Penipuan / Perbuatan Curang,18:00-21:59,2026
MENTENG,Penipuan / Perbuatan Curang,18:00-21:59,2026
MENTENG,Penipuan / Perbuatan Curang,18:00-21:59,2026
MENTENG,Penipuan / Perbuatan Curang,18:00-21:59,2026
MENTENG,Penipuan / Perbuatan Curang,18:00-21:59,2026
MENTENG,Penipuan / Perbuatan Curang,18:00-21:59,2026
MENTENG,Penipuan / Perbuatan Curang,18:00-21:59,2026
MENTENG,Penipuan / Perbuatan Curang,18:00-21:59,2026
MENTENG,Penyebaran Berita Bohong ( Hoax ),18:00-21:59,2026
MENTENG,Perbankan,18:00-21:59,2026
MENTENG,Perbankan,18:00-21:59,2026
MENTENG,Perzinahan,18:00-21:59,2026
MENTENG,Kejahatan Tentang Pornografi,22:00-23:59,2026
MENTENG,Manipulasi data autentik secara elektronik (ITE),22:00-23:59,2026
MENTENG,Pemerasan,22:00-23:59,2026
MENTENG,Pencurian Biasa,22:00-23:59,2026
MENTENG,Pencurian Biasa,22:00-23:59,2026
MENTENG,Pencurian Biasa,22:00-23:59,2026
MENTENG,Pencurian Biasa,22:00-23:59,2026
MENTENG,Pencurian Biasa,22:00-23:59,2026
MENTENG,Pencurian Biasa,22:00-23:59,2026
MENTENG,Pencurian Biasa,22:00-23:59,2026
MENTENG,Pencurian Biasa,22:00-23:59,2026
MENTENG,Pencurian Biasa,22:00-23:59,2026
MENTENG,Pencurian Biasa,22:00-23:59,2026
MENTENG,Pencurian Biasa,22:00-23:59,2026
MENTENG,Pencurian Biasa,22:00-23:59,2026
MENTENG,Pencurian Biasa,22:00-23:59,2026
MENTENG,Pencurian Dengan Kekerasan ( Curas ),22:00-23:59,2026
MENTENG,Pencurian Dengan Pemberatan ( Curat ),22:00-23:59,2026
MENTENG,Pencurian Dengan Pemberatan ( Curat ),22:00-23:59,2026
MENTENG,Pencurian Ringan,22:00-23:59,2026
MENTENG,Pencurian Ringan,22:00-23:59,2026
MENTENG,Penganiayaan,22:00-23:59,2026
MENTENG,Pengeroyokan,22:00-23:59,2026
MENTENG,Pengeroyokan,22:00-23:59,2026
MENTENG,Pengerusakan,22:00-23:59,2026
MENTENG,Penggelapan,22:00-23:59,2026
MENTENG,Penggelapan,22:00-23:59,2026
MENTENG,Penipuan / Perbuatan Curang,22:00-23:59,2026
MENTENG,Kekerasan Dalam Rumah Tangga,00:00-04:59,2026
MENTENG,Kekerasan Dalam Rumah Tangga,00:00-04:59,2026
MENTENG,Kekerasan Seksual (KDRT),00:00-04:59,2026
MENTENG,Manipulasi data autentik secara elektronik (ITE),00:00-04:59,2026
MENTENG,Manipulasi data autentik secara elektronik (ITE),00:00-04:59,2026
MENTENG,Narkotika ( Narkoba ),00:00-04:59,2026
MENTENG,Pencurian Biasa,00:00-04:59,2026
MENTENG,Pencurian Biasa,00:00-04:59,2026
MENTENG,Pencurian Biasa,00:00-04:59,2026
MENTENG,Pencurian Biasa,00:00-04:59,2026
MENTENG,Pencurian Biasa,00:00-04:59,2026
MENTENG,Pencurian Biasa,00:00-04:59,2026
MENTENG,Pencurian Dengan Pemberatan ( Curat ),00:00-04:59,2026
MENTENG,Pencurian Dengan Pemberatan ( Curat ),00:00-04:59,2026
MENTENG,Pencurian Dengan Pemberatan ( Curat ),00:00-04:59,2026
MENTENG,Pencurian Dengan Pemberatan ( Curat ),00:00-04:59,2026
MENTENG,Pengancaman,00:00-04:59,2026
MENTENG,Penganiayaan,00:00-04:59,2026
MENTENG,Penganiayaan,00:00-04:59,2026
MENTENG,Penganiayaan,00:00-04:59,2026
MENTENG,Penganiayaan,00:00-04:59,2026
MENTENG,Penganiayaan,00:00-04:59,2026
MENTENG,Pengeroyokan,00:00-04:59,2026
MENTENG,Pengeroyokan,00:00-04:59,2026
MENTENG,Penggelapan,00:00-04:59,2026
MENTENG,Penipuan / Perbuatan Curang,00:00-04:59,2026
MENTENG,Penipuan / Perbuatan Curang,00:00-04:59,2026
MENTENG,Penipuan / Perbuatan Curang,00:00-04:59,2026
MENTENG,Penipuan / Perbuatan Curang,00:00-04:59,2026
MENTENG,Penipuan / Perbuatan Curang,00:00-04:59,2026
SETIA BUDI,Kekerasan Seksual (KDRT),05:00-07:59,2026
SETIA BUDI,Pemerasan,05:00-07:59,2026
SETIA BUDI,Pemerasan Dan Pengancaman,05:00-07:59,2026
SETIA BUDI,Pencurian Biasa,05:00-07:59,2026
SETIA BUDI,Pencurian Biasa,05:00-07:59,2026
SETIA BUDI,Pencurian Biasa,05:00-07:59,2026
SETIA BUDI,Pencurian Biasa,05:00-07:59,2026
SETIA BUDI,Pencurian Biasa,05:00-07:59,2026
SETIA BUDI,Pencurian Biasa,05:00-07:59,2026
SETIA BUDI,Pencurian Biasa,05:00-07:59,2026
SETIA BUDI,Pencurian Biasa,05:00-07:59,2026
SETIA BUDI,Pencurian Dengan Pemberatan ( Curat ),05:00-07:59,2026
SETIA BUDI,Pencurian Dengan Pemberatan ( Curat ),05:00-07:59,2026
SETIA BUDI,Pencurian Ringan,05:00-07:59,2026
SETIA BUDI,Penganiayaan,05:00-07:59,2026
SETIA BUDI,Penganiayaan,05:00-07:59,2026
SETIA BUDI,Penganiayaan,05:00-07:59,2026
SETIA BUDI,Penggelapan,05:00-07:59,2026
SETIA BUDI,Penipuan / Perbuatan Curang,05:00-07:59,2026
SETIA BUDI,Perbankan,05:00-07:59,2026
SETIA BUDI,Cabul,08:00-11:59,2026
SETIA BUDI,Kejahatan Tentang Jaminan Fidusia,08:00-11:59,2026
SETIA BUDI,Kejahatan Tentang Jaminan Fidusia,08:00-11:59,2026
SETIA BUDI,Kejahatan Terkait Perlindungan Data Pribadi,08:00-11:59,2026
SETIA BUDI,Kejahatan Terkait Perlindungan Data Pribadi,08:00-11:59,2026
SETIA BUDI,Kekerasan Seksual (KDRT),08:00-11:59,2026
SETIA BUDI,Manipulasi data autentik secara elektronik (ITE),08:00-11:59,2026
SETIA BUDI,Manipulasi data autentik secara elektronik (ITE),08:00-11:59,2026
SETIA BUDI,Manipulasi data autentik secara elektronik (ITE),08:00-11:59,2026
SETIA BUDI,Manipulasi data autentik secara elektronik (ITE),08:00-11:59,2026
SETIA BUDI,Manipulasi data autentik secara elektronik (ITE),08:00-11:59,2026
SETIA BUDI,Manipulasi data autentik secara elektronik (ITE),08:00-11:59,2026
SETIA BUDI,Manipulasi data autentik secara elektronik (ITE),08:00-11:59,2026
SETIA BUDI,Manipulasi data autentik secara elektronik (ITE),08:00-11:59,2026
SETIA BUDI,Manipulasi data autentik secara elektronik (ITE),08:00-11:59,2026
SETIA BUDI,Memasuki Pekarangan Tanpa Ijin,08:00-11:59,2026
SETIA BUDI,Narkotika ( Narkoba ),08:00-11:59,2026
SETIA BUDI,Narkotika ( Narkoba ),08:00-11:59,2026
SETIA BUDI,Pemalsuan Surat Otentik,08:00-11:59,2026
SETIA BUDI,Pencemaran Nama Baik,08:00-11:59,2026
SETIA BUDI,Pencemaran Nama Baik,08:00-11:59,2026
SETIA BUDI,Pencemaran Nama Baik,08:00-11:59,2026
SETIA BUDI,Pencurian Biasa,08:00-11:59,2026
SETIA BUDI,Pencurian Biasa,08:00-11:59,2026
SETIA BUDI,Pencurian Biasa,08:00-11:59,2026
SETIA BUDI,Pencurian Biasa,08:00-11:59,2026
SETIA BUDI,Pencurian Biasa,08:00-11:59,2026
SETIA BUDI,Pencurian Biasa,08:00-11:59,2026
SETIA BUDI,Pencurian Biasa,08:00-11:59,2026
SETIA BUDI,Pencurian Biasa,08:00-11:59,2026
SETIA BUDI,Pencurian Biasa,08:00-11:59,2026
SETIA BUDI,Pencurian Biasa,08:00-11:59,2026
SETIA BUDI,Pencurian Biasa,08:00-11:59,2026
SETIA BUDI,Pencurian Biasa,08:00-11:59,2026
SETIA BUDI,Pencurian Biasa,08:00-11:59,2026
SETIA BUDI,Pencurian Biasa,08:00-11:59,2026
SETIA BUDI,Pencurian Biasa,08:00-11:59,2026
SETIA BUDI,Pencurian Biasa,08:00-11:59,2026
SETIA BUDI,Pencurian Biasa,08:00-11:59,2026
SETIA BUDI,Pencurian Biasa,08:00-11:59,2026
SETIA BUDI,Pencurian Biasa,08:00-11:59,2026
SETIA BUDI,Pencurian Dengan Pemberatan ( Curat ),08:00-11:59,2026
SETIA BUDI,Pencurian Dengan Pemberatan ( Curat ),08:00-11:59,2026
SETIA BUDI,Pencurian Ringan,08:00-11:59,2026
SETIA BUDI,Pengancaman,08:00-11:59,2026
SETIA BUDI,Penganiayaan,08:00-11:59,2026
SETIA BUDI,Penganiayaan,08:00-11:59,2026
SETIA BUDI,Penganiayaan,08:00-11:59,2026
SETIA BUDI,Penganiayaan,08:00-11:59,2026
SETIA BUDI,Penganiayaan,08:00-11:59,2026
SETIA BUDI,Penganiayaan,08:00-11:59,2026
SETIA BUDI,Penganiayaan,08:00-11:59,2026
SETIA BUDI,Penganiayaan,08:00-11:59,2026
SETIA BUDI,Penganiayaan,08:00-11:59,2026
SETIA BUDI,Penggelapan,08:00-11:59,2026
SETIA BUDI,Penggelapan,08:00-11:59,2026
SETIA BUDI,Penggelapan,08:00-11:59,2026
SETIA BUDI,Penggelapan,08:00-11:59,2026
SETIA BUDI,Penggelapan,08:00-11:59,2026
SETIA BUDI,Penggelapan,08:00-11:59,2026
SETIA BUDI,Penggelapan,08:00-11:59,2026
SETIA BUDI,Penggelapan,08:00-11:59,2026
SETIA BUDI,Penggelapan,08:00-11:59,2026
SETIA BUDI,Penggelapan,08:00-11:59,2026
SETIA BUDI,Penggelapan,08:00-11:59,2026
SETIA BUDI,Penggelapan,08:00-11:59,2026
SETIA BUDI,Penggelapan,08:00-11:59,2026
SETIA BUDI,Penggelapan,08:00-11:59,2026
SETIA BUDI,Penggelapan,08:00-11:59,2026
SETIA BUDI,Penggelapan,08:00-11:59,2026
SETIA BUDI,Penghinaan,08:00-11:59,2026
SETIA BUDI,Penghinaan,08:00-11:59,2026
SETIA BUDI,Penipuan / Perbuatan Curang,08:00-11:59,2026
SETIA BUDI,Penipuan / Perbuatan Curang,08:00-11:59,2026
SETIA BUDI,Penipuan / Perbuatan Curang,08:00-11:59,2026
SETIA BUDI,Penipuan / Perbuatan Curang,08:00-11:59,2026
SETIA BUDI,Penipuan / Perbuatan Curang,08:00-11:59,2026
SETIA BUDI,Penipuan / Perbuatan Curang,08:00-11:59,2026
SETIA BUDI,Penipuan / Perbuatan Curang,08:00-11:59,2026
SETIA BUDI,Penipuan / Perbuatan Curang,08:00-11:59,2026
SETIA BUDI,Penipuan / Perbuatan Curang,08:00-11:59,2026
SETIA BUDI,Penipuan / Perbuatan Curang,08:00-11:59,2026
SETIA BUDI,Penipuan / Perbuatan Curang,08:00-11:59,2026
SETIA BUDI,Penipuan / Perbuatan Curang,08:00-11:59,2026
SETIA BUDI,Penipuan / Perbuatan Curang,08:00-11:59,2026
SETIA BUDI,Penipuan / Perbuatan Curang,08:00-11:59,2026
SETIA BUDI,Penipuan / Perbuatan Curang,08:00-11:59,2026
SETIA BUDI,Penipuan / Perbuatan Curang,08:00-11:59,2026
SETIA BUDI,Perbuatan Yang Tidak Menyenangkan,08:00-11:59,2026
SETIA BUDI,Kejahatan Tentang Tenaga Kerja,12:00-14:59,2026
SETIA BUDI,Kekerasan Dalam Rumah Tangga,12:00-14:59,2026
SETIA BUDI,Kekerasan Dalam Rumah Tangga,12:00-14:59,2026
SETIA BUDI,Manipulasi data autentik secara elektronik (ITE),12:00-14:59,2026
SETIA BUDI,Manipulasi data autentik secara elektronik (ITE),12:00-14:59,2026
SETIA BUDI,Manipulasi data autentik secara elektronik (ITE),12:00-14:59,2026
SETIA BUDI,Manipulasi data autentik secara elektronik (ITE),12:00-14:59,2026
SETIA BUDI,Manipulasi data autentik secara elektronik (ITE),12:00-14:59,2026
SETIA BUDI,Manipulasi data autentik secara elektronik (ITE),12:00-14:59,2026
SETIA BUDI,Manipulasi data autentik secara elektronik (ITE),12:00-14:59,2026
SETIA BUDI,Manipulasi data autentik secara elektronik (ITE),12:00-14:59,2026
SETIA BUDI,Manipulasi data autentik secara elektronik (ITE),12:00-14:59,2026
SETIA BUDI,Manipulasi data autentik secara elektronik (ITE),12:00-14:59,2026
SETIA BUDI,Manipulasi data autentik secara elektronik (ITE),12:00-14:59,2026
SETIA BUDI,Manipulasi data autentik secara elektronik (ITE),12:00-14:59,2026
SETIA BUDI,Manipulasi data autentik secara elektronik (ITE),12:00-14:59,2026
SETIA BUDI,Manipulasi data autentik secara elektronik (ITE),12:00-14:59,2026
SETIA BUDI,Manipulasi data autentik secara elektronik (ITE),12:00-14:59,2026
SETIA BUDI,Narkotika ( Narkoba ),12:00-14:59,2026
SETIA BUDI,Narkotika ( Narkoba ),12:00-14:59,2026
SETIA BUDI,Pemerasan,12:00-14:59,2026
SETIA BUDI,Pemerasan,12:00-14:59,2026
SETIA BUDI,Pencemaran Nama Baik,12:00-14:59,2026
SETIA BUDI,Pencemaran Nama Baik,12:00-14:59,2026
SETIA BUDI,Pencemaran Nama Baik,12:00-14:59,2026
SETIA BUDI,Pencurian Biasa,12:00-14:59,2026
SETIA BUDI,Pencurian Biasa,12:00-14:59,2026
SETIA BUDI,Pencurian Biasa,12:00-14:59,2026
SETIA BUDI,Pencurian Biasa,12:00-14:59,2026
SETIA BUDI,Pencurian Biasa,12:00-14:59,2026
SETIA BUDI,Pencurian Biasa,12:00-14:59,2026
SETIA BUDI,Pencurian Biasa,12:00-14:59,2026
SETIA BUDI,Pencurian Biasa,12:00-14:59,2026
SETIA BUDI,Pencurian Biasa,12:00-14:59,2026
SETIA BUDI,Pencurian Biasa,12:00-14:59,2026
SETIA BUDI,Pencurian Biasa,12:00-14:59,2026
SETIA BUDI,Pencurian Biasa,12:00-14:59,2026
SETIA BUDI,Pencurian Biasa,12:00-14:59,2026
SETIA BUDI,Pencurian Dengan Pemberatan ( Curat ),12:00-14:59,2026
SETIA BUDI,Pencurian Dengan Pemberatan ( Curat ),12:00-14:59,2026
SETIA BUDI,Pencurian Dengan Pemberatan ( Curat ),12:00-14:59,2026
SETIA BUDI,Pencurian Dengan Pemberatan ( Curat ),12:00-14:59,2026
SETIA BUDI,Pencurian Dengan Pemberatan ( Curat ),12:00-14:59,2026
SETIA BUDI,Pencurian Ringan,12:00-14:59,2026
SETIA BUDI,Pencurian Ringan,12:00-14:59,2026
SETIA BUDI,Pengancaman,12:00-14:59,2026
SETIA BUDI,Pengancaman,12:00-14:59,2026
SETIA BUDI,Penganiayaan,12:00-14:59,2026
SETIA BUDI,Penganiayaan,12:00-14:59,2026
SETIA BUDI,Penganiayaan,12:00-14:59,2026
SETIA BUDI,Penganiayaan,12:00-14:59,2026
SETIA BUDI,Pengeroyokan,12:00-14:59,2026
SETIA BUDI,Pengeroyokan,12:00-14:59,2026
SETIA BUDI,Pengeroyokan,12:00-14:59,2026
SETIA BUDI,Pengerusakan,12:00-14:59,2026
SETIA BUDI,Penggelapan,12:00-14:59,2026
SETIA BUDI,Penggelapan,12:00-14:59,2026
SETIA BUDI,Penggelapan,12:00-14:59,2026
SETIA BUDI,Penggelapan,12:00-14:59,2026
SETIA BUDI,Penggelapan,12:00-14:59,2026
SETIA BUDI,Penggelapan,12:00-14:59,2026
SETIA BUDI,Penggelapan,12:00-14:59,2026
SETIA BUDI,Penggelapan,12:00-14:59,2026
SETIA BUDI,Penggelapan,12:00-14:59,2026
SETIA BUDI,Penggelapan,12:00-14:59,2026
SETIA BUDI,Penggelapan,12:00-14:59,2026
SETIA BUDI,Penggelapan,12:00-14:59,2026
SETIA BUDI,Penipuan / Perbuatan Curang,12:00-14:59,2026
SETIA BUDI,Penipuan / Perbuatan Curang,12:00-14:59,2026
SETIA BUDI,Penipuan / Perbuatan Curang,12:00-14:59,2026
SETIA BUDI,Penipuan / Perbuatan Curang,12:00-14:59,2026
SETIA BUDI,Penipuan / Perbuatan Curang,12:00-14:59,2026
SETIA BUDI,Penipuan / Perbuatan Curang,12:00-14:59,2026
SETIA BUDI,Penipuan / Perbuatan Curang,12:00-14:59,2026
SETIA BUDI,Penipuan / Perbuatan Curang,12:00-14:59,2026
SETIA BUDI,Penipuan / Perbuatan Curang,12:00-14:59,2026
SETIA BUDI,Penipuan / Perbuatan Curang,12:00-14:59,2026
SETIA BUDI,Penipuan / Perbuatan Curang,12:00-14:59,2026
SETIA BUDI,Penipuan / Perbuatan Curang,12:00-14:59,2026
SETIA BUDI,Penipuan / Perbuatan Curang,12:00-14:59,2026
SETIA BUDI,Penipuan / Perbuatan Curang,12:00-14:59,2026
SETIA BUDI,Penipuan / Perbuatan Curang,12:00-14:59,2026
SETIA BUDI,Penipuan / Perbuatan Curang,12:00-14:59,2026
SETIA BUDI,Penipuan / Perbuatan Curang,12:00-14:59,2026
SETIA BUDI,Penipuan / Perbuatan Curang,12:00-14:59,2026
SETIA BUDI,Penipuan / Perbuatan Curang,12:00-14:59,2026
SETIA BUDI,Penipuan / Perbuatan Curang,12:00-14:59,2026
SETIA BUDI,Perbankan,12:00-14:59,2026
SETIA BUDI,Perkosaan,12:00-14:59,2026
SETIA BUDI,Perzinahan,12:00-14:59,2026
SETIA BUDI,Kejahatan Tentang Tenaga Kerja,15:00-17:59,2026
SETIA BUDI,Kejahatan terkait Tenaga Kesehatan,15:00-17:59,2026
SETIA BUDI,Kekerasan Dalam Rumah Tangga,15:00-17:59,2026
SETIA BUDI,Kekerasan Dalam Rumah Tangga,15:00-17:59,2026
SETIA BUDI,Kekerasan Dalam Rumah Tangga,15:00-17:59,2026
SETIA BUDI,Manipulasi data autentik secara elektronik (ITE),15:00-17:59,2026
SETIA BUDI,Manipulasi data autentik secara elektronik (ITE),15:00-17:59,2026
SETIA BUDI,Manipulasi data autentik secara elektronik (ITE),15:00-17:59,2026
SETIA BUDI,Manipulasi data autentik secara elektronik (ITE),15:00-17:59,2026
SETIA BUDI,Manipulasi data autentik secara elektronik (ITE),15:00-17:59,2026
SETIA BUDI,Manipulasi data autentik secara elektronik (ITE),15:00-17:59,2026
SETIA BUDI,Manipulasi data autentik secara elektronik (ITE),15:00-17:59,2026
SETIA BUDI,Manipulasi data autentik secara elektronik (ITE),15:00-17:59,2026
SETIA BUDI,Manipulasi data autentik secara elektronik (ITE),15:00-17:59,2026
SETIA BUDI,Manipulasi data autentik secara elektronik (ITE),15:00-17:59,2026
SETIA BUDI,Manipulasi data autentik secara elektronik (ITE),15:00-17:59,2026
SETIA BUDI,Manipulasi data autentik secara elektronik (ITE),15:00-17:59,2026
SETIA BUDI,Manipulasi data autentik secara elektronik (ITE),15:00-17:59,2026
SETIA BUDI,Manipulasi data autentik secara elektronik (ITE),15:00-17:59,2026
SETIA BUDI,Manipulasi data autentik secara elektronik (ITE),15:00-17:59,2026
SETIA BUDI,Manipulasi data autentik secara elektronik (ITE),15:00-17:59,2026
SETIA BUDI,Manipulasi data autentik secara elektronik (ITE),15:00-17:59,2026
SETIA BUDI,Memasuki Pekarangan Tanpa Ijin,15:00-17:59,2026
SETIA BUDI,Narkotika ( Narkoba ),15:00-17:59,2026
SETIA BUDI,Narkotika ( Narkoba ),15:00-17:59,2026
SETIA BUDI,Narkotika ( Narkoba ),15:00-17:59,2026
SETIA BUDI,Narkotika ( Narkoba ),15:00-17:59,2026
SETIA BUDI,Pemalsuan Surat Otentik,15:00-17:59,2026
SETIA BUDI,Pemalsuan Surat Otentik,15:00-17:59,2026
SETIA BUDI,Pemerasan,15:00-17:59,2026
SETIA BUDI,Pencemaran Nama Baik,15:00-17:59,2026
SETIA BUDI,Pencemaran Nama Baik,15:00-17:59,2026
SETIA BUDI,Pencemaran Nama Baik,15:00-17:59,2026
SETIA BUDI,Pencemaran Nama Baik,15:00-17:59,2026
SETIA BUDI,Pencemaran Nama Baik,15:00-17:59,2026
SETIA BUDI,Pencemaran Nama Baik,15:00-17:59,2026
SETIA BUDI,Pencurian Biasa,15:00-17:59,2026
SETIA BUDI,Pencurian Biasa,15:00-17:59,2026
SETIA BUDI,Pencurian Biasa,15:00-17:59,2026
SETIA BUDI,Pencurian Biasa,15:00-17:59,2026
SETIA BUDI,Pencurian Biasa,15:00-17:59,2026
SETIA BUDI,Pencurian Biasa,15:00-17:59,2026
SETIA BUDI,Pencurian Biasa,15:00-17:59,2026
SETIA BUDI,Pencurian Biasa,15:00-17:59,2026
SETIA BUDI,Pencurian Biasa,15:00-17:59,2026
SETIA BUDI,Pencurian Biasa,15:00-17:59,2026
SETIA BUDI,Pencurian Biasa,15:00-17:59,2026
SETIA BUDI,Pencurian Biasa,15:00-17:59,2026
SETIA BUDI,Pencurian Biasa,15:00-17:59,2026
SETIA BUDI,Pencurian Biasa,15:00-17:59,2026
SETIA BUDI,Pencurian Biasa,15:00-17:59,2026
SETIA BUDI,Pencurian Biasa,15:00-17:59,2026
SETIA BUDI,Pencurian Biasa,15:00-17:59,2026
SETIA BUDI,Pencurian Biasa,15:00-17:59,2026
SETIA BUDI,Pencurian Biasa,15:00-17:59,2026
SETIA BUDI,Pencurian Biasa,15:00-17:59,2026
SETIA BUDI,Pencurian Biasa,15:00-17:59,2026
SETIA BUDI,Pencurian Biasa,15:00-17:59,2026
SETIA BUDI,Pencurian Biasa,15:00-17:59,2026
SETIA BUDI,Pencurian Biasa,15:00-17:59,2026
SETIA BUDI,Pencurian Biasa,15:00-17:59,2026
SETIA BUDI,Pencurian Dengan Kekerasan ( Curas ),15:00-17:59,2026
SETIA BUDI,Pencurian Dengan Pemberatan ( Curat ),15:00-17:59,2026
SETIA BUDI,Pencurian Dengan Pemberatan ( Curat ),15:00-17:59,2026
SETIA BUDI,Pengancaman,15:00-17:59,2026
SETIA BUDI,Pengancaman,15:00-17:59,2026
SETIA BUDI,Penganiayaan,15:00-17:59,2026
SETIA BUDI,Penganiayaan,15:00-17:59,2026
SETIA BUDI,Penganiayaan,15:00-17:59,2026
SETIA BUDI,Penganiayaan,15:00-17:59,2026
SETIA BUDI,Penganiayaan,15:00-17:59,2026
SETIA BUDI,Pengeroyokan,15:00-17:59,2026
SETIA BUDI,Penggelapan,15:00-17:59,2026
SETIA BUDI,Penggelapan,15:00-17:59,2026
SETIA BUDI,Penggelapan,15:00-17:59,2026
SETIA BUDI,Penggelapan,15:00-17:59,2026
SETIA BUDI,Penggelapan,15:00-17:59,2026
SETIA BUDI,Penggelapan,15:00-17:59,2026
SETIA BUDI,Penggelapan,15:00-17:59,2026
SETIA BUDI,Penggelapan,15:00-17:59,2026
SETIA BUDI,Penggelapan,15:00-17:59,2026
SETIA BUDI,Penggelapan,15:00-17:59,2026
SETIA BUDI,Penipuan / Perbuatan Curang,15:00-17:59,2026
SETIA BUDI,Penipuan / Perbuatan Curang,15:00-17:59,2026
SETIA BUDI,Penipuan / Perbuatan Curang,15:00-17:59,2026
SETIA BUDI,Penipuan / Perbuatan Curang,15:00-17:59,2026
SETIA BUDI,Penipuan / Perbuatan Curang,15:00-17:59,2026
SETIA BUDI,Penipuan / Perbuatan Curang,15:00-17:59,2026
SETIA BUDI,Penipuan / Perbuatan Curang,15:00-17:59,2026
SETIA BUDI,Penipuan / Perbuatan Curang,15:00-17:59,2026
SETIA BUDI,Penipuan / Perbuatan Curang,15:00-17:59,2026
SETIA BUDI,Penipuan / Perbuatan Curang,15:00-17:59,2026
SETIA BUDI,Penipuan / Perbuatan Curang,15:00-17:59,2026
SETIA BUDI,Penipuan / Perbuatan Curang,15:00-17:59,2026
SETIA BUDI,Perbankan,15:00-17:59,2026
SETIA BUDI,Perbankan,15:00-17:59,2026
SETIA BUDI,Perzinahan,15:00-17:59,2026
SETIA BUDI,Tindak Pidana Transfer Dana,15:00-17:59,2026
SETIA BUDI,Cabul,18:00-21:59,2026
SETIA BUDI,Karena Alpa  Menimbulkan  Kebakaran/ Meletus/banjir,18:00-21:59,2026
SETIA BUDI,Kejahatan Tentang Tenaga Kerja,18:00-21:59,2026
SETIA BUDI,Manipulasi data autentik secara elektronik (ITE),18:00-21:59,2026
SETIA BUDI,Manipulasi data autentik secara elektronik (ITE),18:00-21:59,2026
SETIA BUDI,Manipulasi data autentik secara elektronik (ITE),18:00-21:59,2026
SETIA BUDI,Manipulasi data autentik secara elektronik (ITE),18:00-21:59,2026
SETIA BUDI,Manipulasi data autentik secara elektronik (ITE),18:00-21:59,2026
SETIA BUDI,Manipulasi data autentik secara elektronik (ITE),18:00-21:59,2026
SETIA BUDI,Manipulasi data autentik secara elektronik (ITE),18:00-21:59,2026
SETIA BUDI,Manipulasi data autentik secara elektronik (ITE),18:00-21:59,2026
SETIA BUDI,Manipulasi data autentik secara elektronik (ITE),18:00-21:59,2026
SETIA BUDI,Manipulasi data autentik secara elektronik (ITE),18:00-21:59,2026
SETIA BUDI,Manipulasi data autentik secara elektronik (ITE),18:00-21:59,2026
SETIA BUDI,Manipulasi data autentik secara elektronik (ITE),18:00-21:59,2026
SETIA BUDI,Manipulasi data autentik secara elektronik (ITE),18:00-21:59,2026
SETIA BUDI,Manipulasi data autentik secara elektronik (ITE),18:00-21:59,2026
SETIA BUDI,Manipulasi data autentik secara elektronik (ITE),18:00-21:59,2026
SETIA BUDI,Manipulasi data autentik secara elektronik (ITE),18:00-21:59,2026
SETIA BUDI,Narkotika ( Narkoba ),18:00-21:59,2026
SETIA BUDI,Narkotika ( Narkoba ),18:00-21:59,2026
SETIA BUDI,Narkotika ( Narkoba ),18:00-21:59,2026
SETIA BUDI,Narkotika ( Narkoba ),18:00-21:59,2026
SETIA BUDI,Narkotika ( Narkoba ),18:00-21:59,2026
SETIA BUDI,Narkotika ( Narkoba ),18:00-21:59,2026
SETIA BUDI,Narkotika ( Narkoba ),18:00-21:59,2026
SETIA BUDI,Narkotika ( Narkoba ),18:00-21:59,2026
SETIA BUDI,Narkotika ( Narkoba ),18:00-21:59,2026
SETIA BUDI,Narkotika ( Narkoba ),18:00-21:59,2026
SETIA BUDI,Narkotika ( Narkoba ),18:00-21:59,2026
SETIA BUDI,Narkotika ( Narkoba ),18:00-21:59,2026
SETIA BUDI,Narkotika ( Narkoba ),18:00-21:59,2026
SETIA BUDI,Pemalsuan Surat Otentik,18:00-21:59,2026
SETIA BUDI,Pemalsuan Surat Otentik,18:00-21:59,2026
SETIA BUDI,Pemalsuan Surat Otentik,18:00-21:59,2026
SETIA BUDI,Pencemaran Nama Baik,18:00-21:59,2026
SETIA BUDI,Pencemaran Nama Baik,18:00-21:59,2026
SETIA BUDI,Pencemaran Nama Baik,18:00-21:59,2026
SETIA BUDI,Pencemaran Nama Baik,18:00-21:59,2026
SETIA BUDI,Pencemaran Nama Baik,18:00-21:59,2026
SETIA BUDI,Pencemaran Nama Baik,18:00-21:59,2026
SETIA BUDI,Pencemaran Nama Baik,18:00-21:59,2026
SETIA BUDI,Pencemaran Nama Baik,18:00-21:59,2026
SETIA BUDI,Pencemaran Nama Baik,18:00-21:59,2026
SETIA BUDI,Pencemaran Nama Baik,18:00-21:59,2026
SETIA BUDI,Pencurian Biasa,18:00-21:59,2026
SETIA BUDI,Pencurian Biasa,18:00-21:59,2026
SETIA BUDI,Pencurian Biasa,18:00-21:59,2026
SETIA BUDI,Pencurian Biasa,18:00-21:59,2026
SETIA BUDI,Pencurian Biasa,18:00-21:59,2026
SETIA BUDI,Pencurian Biasa,18:00-21:59,2026
SETIA BUDI,Pencurian Biasa,18:00-21:59,2026
SETIA BUDI,Pencurian Biasa,18:00-21:59,2026
SETIA BUDI,Pencurian Biasa,18:00-21:59,2026
SETIA BUDI,Pencurian Biasa,18:00-21:59,2026
SETIA BUDI,Pencurian Biasa,18:00-21:59,2026
SETIA BUDI,Pencurian Biasa,18:00-21:59,2026
SETIA BUDI,Pencurian Biasa,18:00-21:59,2026
SETIA BUDI,Pencurian Biasa,18:00-21:59,2026
SETIA BUDI,Pencurian Biasa,18:00-21:59,2026
SETIA BUDI,Pencurian Biasa,18:00-21:59,2026
SETIA BUDI,Pencurian Biasa,18:00-21:59,2026
SETIA BUDI,Pencurian Biasa,18:00-21:59,2026
SETIA BUDI,Pencurian Biasa,18:00-21:59,2026
SETIA BUDI,Pencurian Biasa,18:00-21:59,2026
SETIA BUDI,Pencurian Biasa,18:00-21:59,2026
SETIA BUDI,Pencurian Biasa,18:00-21:59,2026
SETIA BUDI,Pencurian Biasa,18:00-21:59,2026
SETIA BUDI,Pencurian Dengan Pemberatan ( Curat ),18:00-21:59,2026
SETIA BUDI,Pencurian Dengan Pemberatan ( Curat ),18:00-21:59,2026
SETIA BUDI,Pencurian Dengan Pemberatan ( Curat ),18:00-21:59,2026
SETIA BUDI,Pencurian Dengan Pemberatan ( Curat ),18:00-21:59,2026
SETIA BUDI,Pencurian Dengan Pemberatan ( Curat ),18:00-21:59,2026
SETIA BUDI,Pengancaman,18:00-21:59,2026
SETIA BUDI,Penganiayaan,18:00-21:59,2026
SETIA BUDI,Penganiayaan,18:00-21:59,2026
SETIA BUDI,Penganiayaan,18:00-21:59,2026
SETIA BUDI,Penganiayaan,18:00-21:59,2026
SETIA BUDI,Penganiayaan,18:00-21:59,2026
SETIA BUDI,Penganiayaan,18:00-21:59,2026
SETIA BUDI,Penganiayaan,18:00-21:59,2026
SETIA BUDI,Penganiayaan,18:00-21:59,2026
SETIA BUDI,Penganiayaan,18:00-21:59,2026
SETIA BUDI,Penganiayaan,18:00-21:59,2026
SETIA BUDI,Penganiayaan,18:00-21:59,2026
SETIA BUDI,Pengeroyokan,18:00-21:59,2026
SETIA BUDI,Pengeroyokan,18:00-21:59,2026
SETIA BUDI,Pengeroyokan,18:00-21:59,2026
SETIA BUDI,Penggelapan,18:00-21:59,2026
SETIA BUDI,Penggelapan,18:00-21:59,2026
SETIA BUDI,Penggelapan,18:00-21:59,2026
SETIA BUDI,Penggelapan,18:00-21:59,2026
SETIA BUDI,Penggelapan,18:00-21:59,2026
SETIA BUDI,Penggelapan,18:00-21:59,2026
SETIA BUDI,Penggelapan,18:00-21:59,2026
SETIA BUDI,Penggelapan,18:00-21:59,2026
SETIA BUDI,Penggelapan,18:00-21:59,2026
SETIA BUDI,Penggelapan,18:00-21:59,2026
SETIA BUDI,Penggelapan,18:00-21:59,2026
SETIA BUDI,Penipuan / Perbuatan Curang,18:00-21:59,2026
SETIA BUDI,Penipuan / Perbuatan Curang,18:00-21:59,2026
SETIA BUDI,Penipuan / Perbuatan Curang,18:00-21:59,2026
SETIA BUDI,Penipuan / Perbuatan Curang,18:00-21:59,2026
SETIA BUDI,Penipuan / Perbuatan Curang,18:00-21:59,2026
SETIA BUDI,Penipuan / Perbuatan Curang,18:00-21:59,2026
SETIA BUDI,Penipuan / Perbuatan Curang,18:00-21:59,2026
SETIA BUDI,Penipuan / Perbuatan Curang,18:00-21:59,2026
SETIA BUDI,Penipuan / Perbuatan Curang,18:00-21:59,2026
SETIA BUDI,Penipuan / Perbuatan Curang,18:00-21:59,2026
SETIA BUDI,Penipuan / Perbuatan Curang,18:00-21:59,2026
SETIA BUDI,Penipuan / Perbuatan Curang,18:00-21:59,2026
SETIA BUDI,Penipuan / Perbuatan Curang,18:00-21:59,2026
SETIA BUDI,Perzinahan,18:00-21:59,2026
SETIA BUDI,Perzinahan,18:00-21:59,2026
SETIA BUDI,Kekerasan Dalam Rumah Tangga,22:00-23:59,2026
SETIA BUDI,Narkotika ( Narkoba ),22:00-23:59,2026
SETIA BUDI,Narkotika ( Narkoba ),22:00-23:59,2026
SETIA BUDI,Narkotika ( Narkoba ),22:00-23:59,2026
SETIA BUDI,Pemalsuan Surat Otentik,22:00-23:59,2026
SETIA BUDI,Pemerasan Dan Pengancaman,22:00-23:59,2026
SETIA BUDI,Pencemaran Nama Baik,22:00-23:59,2026
SETIA BUDI,Pencemaran Nama Baik,22:00-23:59,2026
SETIA BUDI,Pencemaran Nama Baik,22:00-23:59,2026
SETIA BUDI,Pencemaran Nama Baik,22:00-23:59,2026
SETIA BUDI,Pencurian Biasa,22:00-23:59,2026
SETIA BUDI,Pencurian Biasa,22:00-23:59,2026
SETIA BUDI,Pencurian Biasa,22:00-23:59,2026
SETIA BUDI,Pencurian Biasa,22:00-23:59,2026
SETIA BUDI,Pencurian Biasa,22:00-23:59,2026
SETIA BUDI,Pencurian Biasa,22:00-23:59,2026
SETIA BUDI,Pencurian Biasa,22:00-23:59,2026
SETIA BUDI,Pencurian Biasa,22:00-23:59,2026
SETIA BUDI,Pencurian Biasa,22:00-23:59,2026
SETIA BUDI,Pencurian Biasa,22:00-23:59,2026
SETIA BUDI,Pencurian Biasa,22:00-23:59,2026
SETIA BUDI,Pencurian Biasa,22:00-23:59,2026
SETIA BUDI,Pencurian Dengan Pemberatan ( Curat ),22:00-23:59,2026
SETIA BUDI,Pencurian Dengan Pemberatan ( Curat ),22:00-23:59,2026
SETIA BUDI,Pencurian Dengan Pemberatan ( Curat ),22:00-23:59,2026
SETIA BUDI,Pencurian Dengan Pemberatan ( Curat ),22:00-23:59,2026
SETIA BUDI,Pencurian Dengan Pemberatan ( Curat ),22:00-23:59,2026
SETIA BUDI,Penganiayaan,22:00-23:59,2026
SETIA BUDI,Penganiayaan,22:00-23:59,2026
SETIA BUDI,Penganiayaan,22:00-23:59,2026
SETIA BUDI,Penganiayaan,22:00-23:59,2026
SETIA BUDI,Penganiayaan,22:00-23:59,2026
SETIA BUDI,Penganiayaan,22:00-23:59,2026
SETIA BUDI,Pengeroyokan,22:00-23:59,2026
SETIA BUDI,Penggelapan,22:00-23:59,2026
SETIA BUDI,Penggelapan,22:00-23:59,2026
SETIA BUDI,Penggelapan,22:00-23:59,2026
SETIA BUDI,Penipuan / Perbuatan Curang,22:00-23:59,2026
SETIA BUDI,Penipuan / Perbuatan Curang,22:00-23:59,2026
SETIA BUDI,Penipuan / Perbuatan Curang,22:00-23:59,2026
SETIA BUDI,Tindak Pidana Dalam Perlindungan Anak,22:00-23:59,2026
SETIA BUDI,Tindak Pidana Dalam Perlindungan Anak,22:00-23:59,2026
SETIA BUDI,Kekerasan Dalam Rumah Tangga,00:00-04:59,2026
SETIA BUDI,Kekerasan Dalam Rumah Tangga,00:00-04:59,2026
SETIA BUDI,Manipulasi data autentik secara elektronik (ITE),00:00-04:59,2026
SETIA BUDI,Menempatkan anaknya untuk ditemukan atau meninggalkannya dengan maksud untuk melepaskan diri dari padanya,00:00-04:59,2026
SETIA BUDI,Narkotika ( Narkoba ),00:00-04:59,2026
SETIA BUDI,Narkotika ( Narkoba ),00:00-04:59,2026
SETIA BUDI,Narkotika ( Narkoba ),00:00-04:59,2026
SETIA BUDI,Narkotika ( Narkoba ),00:00-04:59,2026
SETIA BUDI,Narkotika ( Narkoba ),00:00-04:59,2026
SETIA BUDI,Pemerasan,00:00-04:59,2026
SETIA BUDI,Pencemaran Nama Baik,00:00-04:59,2026
SETIA BUDI,Pencurian Biasa,00:00-04:59,2026
SETIA BUDI,Pencurian Biasa,00:00-04:59,2026
SETIA BUDI,Pencurian Biasa,00:00-04:59,2026
SETIA BUDI,Pencurian Biasa,00:00-04:59,2026
SETIA BUDI,Pencurian Biasa,00:00-04:59,2026
SETIA BUDI,Pencurian Biasa,00:00-04:59,2026
SETIA BUDI,Pencurian Biasa,00:00-04:59,2026
SETIA BUDI,Pencurian Biasa,00:00-04:59,2026
SETIA BUDI,Pencurian Biasa,00:00-04:59,2026
SETIA BUDI,Pencurian Biasa,00:00-04:59,2026
SETIA BUDI,Pencurian Biasa,00:00-04:59,2026
SETIA BUDI,Pencurian Biasa,00:00-04:59,2026
SETIA BUDI,Pencurian Biasa,00:00-04:59,2026
SETIA BUDI,Pencurian Dengan Kekerasan ( Curas ),00:00-04:59,2026
SETIA BUDI,Pencurian Dengan Kekerasan ( Curas ),00:00-04:59,2026
SETIA BUDI,Pencurian Dengan Kekerasan ( Curas ),00:00-04:59,2026
SETIA BUDI,Pencurian Dengan Pemberatan ( Curat ),00:00-04:59,2026
SETIA BUDI,Pencurian Dengan Pemberatan ( Curat ),00:00-04:59,2026
SETIA BUDI,Pencurian Dengan Pemberatan ( Curat ),00:00-04:59,2026
SETIA BUDI,Pencurian Dengan Pemberatan ( Curat ),00:00-04:59,2026
SETIA BUDI,Pencurian Dengan Pemberatan ( Curat ),00:00-04:59,2026
SETIA BUDI,Pencurian Dengan Pemberatan ( Curat ),00:00-04:59,2026
SETIA BUDI,Pencurian Dengan Pemberatan ( Curat ),00:00-04:59,2026
SETIA BUDI,Penganiayaan,00:00-04:59,2026
SETIA BUDI,Penganiayaan,00:00-04:59,2026
SETIA BUDI,Penganiayaan,00:00-04:59,2026
SETIA BUDI,Penganiayaan,00:00-04:59,2026
SETIA BUDI,Penganiayaan,00:00-04:59,2026
SETIA BUDI,Penganiayaan,00:00-04:59,2026
SETIA BUDI,Penganiayaan,00:00-04:59,2026
SETIA BUDI,Penganiayaan,00:00-04:59,2026
SETIA BUDI,Penganiayaan,00:00-04:59,2026
SETIA BUDI,Penganiayaan,00:00-04:59,2026
SETIA BUDI,Pengeroyokan,00:00-04:59,2026
SETIA BUDI,Pengeroyokan,00:00-04:59,2026
SETIA BUDI,Pengeroyokan,00:00-04:59,2026
SETIA BUDI,Pengeroyokan,00:00-04:59,2026
SETIA BUDI,Pengeroyokan,00:00-04:59,2026
SETIA BUDI,Penggelapan,00:00-04:59,2026
SETIA BUDI,Penipuan / Perbuatan Curang,00:00-04:59,2026
CENGKARENG,Cabul,05:00-07:59,2026
CENGKARENG,Pembunuhan,05:00-07:59,2026
CENGKARENG,Pencurian Biasa,05:00-07:59,2026
CENGKARENG,Pencurian Biasa,05:00-07:59,2026
CENGKARENG,Pencurian Biasa,05:00-07:59,2026
CENGKARENG,Pencurian Biasa,05:00-07:59,2026
CENGKARENG,Pencurian Biasa,05:00-07:59,2026
CENGKARENG,Pencurian Biasa,05:00-07:59,2026
CENGKARENG,Pencurian Biasa,05:00-07:59,2026
CENGKARENG,Pencurian Biasa,05:00-07:59,2026
CENGKARENG,Pencurian Dengan Kekerasan ( Curas ),05:00-07:59,2026
CENGKARENG,Pencurian Dengan Pemberatan ( Curat ),05:00-07:59,2026
CENGKARENG,Pencurian Dengan Pemberatan ( Curat ),05:00-07:59,2026
CENGKARENG,Pengancaman,05:00-07:59,2026
CENGKARENG,Penganiayaan,05:00-07:59,2026
CENGKARENG,Pengeroyokan,05:00-07:59,2026
CENGKARENG,Perzinahan,05:00-07:59,2026
CENGKARENG,Terhadap ketertiban umum,05:00-07:59,2026
CENGKARENG,Kejahatan Terkait Perlindungan Data Pribadi,08:00-11:59,2026
CENGKARENG,Kejahatan Terkait Perlindungan Data Pribadi,08:00-11:59,2026
CENGKARENG,Kejahatan Terkait Perlindungan Data Pribadi,08:00-11:59,2026
CENGKARENG,Kekerasan Dalam Rumah Tangga,08:00-11:59,2026
CENGKARENG,Kekerasan Seksual (KDRT),08:00-11:59,2026
CENGKARENG,Kekerasan Seksual (KDRT),08:00-11:59,2026
CENGKARENG,Manipulasi data autentik secara elektronik (ITE),08:00-11:59,2026
CENGKARENG,Manipulasi data autentik secara elektronik (ITE),08:00-11:59,2026
CENGKARENG,Manipulasi data autentik secara elektronik (ITE),08:00-11:59,2026
CENGKARENG,Memasuki Pekarangan Tanpa Ijin,08:00-11:59,2026
CENGKARENG,Narkotika ( Narkoba ),08:00-11:59,2026
CENGKARENG,Pencemaran Nama Baik,08:00-11:59,2026
CENGKARENG,Pencemaran Nama Baik,08:00-11:59,2026
CENGKARENG,Pencemaran Nama Baik,08:00-11:59,2026
CENGKARENG,Pencemaran Nama Baik,08:00-11:59,2026
CENGKARENG,Pencurian Biasa,08:00-11:59,2026
CENGKARENG,Pencurian Biasa,08:00-11:59,2026
CENGKARENG,Pencurian Biasa,08:00-11:59,2026
CENGKARENG,Pencurian Biasa,08:00-11:59,2026
CENGKARENG,Pencurian Biasa,08:00-11:59,2026
CENGKARENG,Pencurian Biasa,08:00-11:59,2026
CENGKARENG,Pencurian Biasa,08:00-11:59,2026
CENGKARENG,Pencurian Biasa,08:00-11:59,2026
CENGKARENG,Pencurian Biasa,08:00-11:59,2026
CENGKARENG,Pencurian Biasa,08:00-11:59,2026
CENGKARENG,Pencurian Biasa,08:00-11:59,2026
CENGKARENG,Pencurian Biasa,08:00-11:59,2026
CENGKARENG,Pencurian Dengan Pemberatan ( Curat ),08:00-11:59,2026
CENGKARENG,Pengancaman,08:00-11:59,2026
CENGKARENG,Penganiayaan,08:00-11:59,2026
CENGKARENG,Penganiayaan,08:00-11:59,2026
CENGKARENG,Penganiayaan,08:00-11:59,2026
CENGKARENG,Penganiayaan,08:00-11:59,2026
CENGKARENG,Penganiayaan,08:00-11:59,2026
CENGKARENG,Penganiayaan,08:00-11:59,2026
CENGKARENG,Penganiayaan Berat ( Anirat ),08:00-11:59,2026
CENGKARENG,Pengeroyokan,08:00-11:59,2026
CENGKARENG,Pengeroyokan,08:00-11:59,2026
CENGKARENG,Pengeroyokan,08:00-11:59,2026
CENGKARENG,Pengerusakan,08:00-11:59,2026
CENGKARENG,Penggelapan,08:00-11:59,2026
CENGKARENG,Penggelapan,08:00-11:59,2026
CENGKARENG,Penggelapan,08:00-11:59,2026
CENGKARENG,Penggelapan,08:00-11:59,2026
CENGKARENG,Penggelapan,08:00-11:59,2026
CENGKARENG,Penggelapan,08:00-11:59,2026
CENGKARENG,Penggelapan,08:00-11:59,2026
CENGKARENG,Penggelapan,08:00-11:59,2026
CENGKARENG,Penggelapan,08:00-11:59,2026
CENGKARENG,Penggelapan,08:00-11:59,2026
CENGKARENG,Penggelapan,08:00-11:59,2026
CENGKARENG,Penggelapan,08:00-11:59,2026
CENGKARENG,Penggelapan,08:00-11:59,2026
CENGKARENG,Penggelapan,08:00-11:59,2026
CENGKARENG,Penggelapan,08:00-11:59,2026
CENGKARENG,Penggelapan,08:00-11:59,2026
CENGKARENG,Penipuan / Perbuatan Curang,08:00-11:59,2026
CENGKARENG,Penipuan / Perbuatan Curang,08:00-11:59,2026
CENGKARENG,Penipuan / Perbuatan Curang,08:00-11:59,2026
CENGKARENG,Penipuan / Perbuatan Curang,08:00-11:59,2026
CENGKARENG,Penipuan / Perbuatan Curang,08:00-11:59,2026
CENGKARENG,Penipuan / Perbuatan Curang,08:00-11:59,2026
CENGKARENG,Penipuan / Perbuatan Curang,08:00-11:59,2026
CENGKARENG,Penipuan / Perbuatan Curang,08:00-11:59,2026
CENGKARENG,Penipuan / Perbuatan Curang,08:00-11:59,2026
CENGKARENG,Penipuan / Perbuatan Curang,08:00-11:59,2026
CENGKARENG,Penipuan / Perbuatan Curang,08:00-11:59,2026
CENGKARENG,Penipuan / Perbuatan Curang,08:00-11:59,2026
CENGKARENG,Penipuan / Perbuatan Curang,08:00-11:59,2026
CENGKARENG,Penipuan / Perbuatan Curang,08:00-11:59,2026
CENGKARENG,Penipuan / Perbuatan Curang,08:00-11:59,2026
CENGKARENG,Penipuan / Perbuatan Curang,08:00-11:59,2026
CENGKARENG,Sumpah Palsu Dan Keterangan Palsu,08:00-11:59,2026
CENGKARENG,Terhadap ketertiban umum,08:00-11:59,2026
CENGKARENG,Terhadap ketertiban umum,08:00-11:59,2026
CENGKARENG,Cabul,12:00-14:59,2026
CENGKARENG,Cabul,12:00-14:59,2026
CENGKARENG,Kejahatan Terhadap Jiwa Orang / Pembunuhan,12:00-14:59,2026
CENGKARENG,Kejahatan Terkait Perlindungan Data Pribadi,12:00-14:59,2026
CENGKARENG,Kejahatan Terkait Perlindungan Data Pribadi,12:00-14:59,2026
CENGKARENG,Kekerasan Dalam Rumah Tangga,12:00-14:59,2026
CENGKARENG,Kekerasan Dalam Rumah Tangga,12:00-14:59,2026
CENGKARENG,Kekerasan Seksual (KDRT),12:00-14:59,2026
CENGKARENG,Kekerasan Seksual (KDRT),12:00-14:59,2026
CENGKARENG,Manipulasi data autentik secara elektronik (ITE),12:00-14:59,2026
CENGKARENG,Manipulasi data autentik secara elektronik (ITE),12:00-14:59,2026
CENGKARENG,Manipulasi data autentik secara elektronik (ITE),12:00-14:59,2026
CENGKARENG,Manipulasi data autentik secara elektronik (ITE),12:00-14:59,2026
CENGKARENG,Manipulasi data autentik secara elektronik (ITE),12:00-14:59,2026
CENGKARENG,Manipulasi data autentik secara elektronik (ITE),12:00-14:59,2026
CENGKARENG,Memasuki Pekarangan Tanpa Ijin,12:00-14:59,2026
CENGKARENG,Narkotika ( Narkoba ),12:00-14:59,2026
CENGKARENG,Narkotika ( Narkoba ),12:00-14:59,2026
CENGKARENG,Narkotika ( Narkoba ),12:00-14:59,2026
CENGKARENG,Pencemaran Nama Baik,12:00-14:59,2026
CENGKARENG,Pencurian Biasa,12:00-14:59,2026
CENGKARENG,Pencurian Biasa,12:00-14:59,2026
CENGKARENG,Pencurian Biasa,12:00-14:59,2026
CENGKARENG,Pencurian Biasa,12:00-14:59,2026
CENGKARENG,Pencurian Biasa,12:00-14:59,2026
CENGKARENG,Pencurian Biasa,12:00-14:59,2026
CENGKARENG,Pencurian Biasa,12:00-14:59,2026
CENGKARENG,Pencurian Biasa,12:00-14:59,2026
CENGKARENG,Pencurian Biasa,12:00-14:59,2026
CENGKARENG,Pencurian Biasa,12:00-14:59,2026
CENGKARENG,Pencurian Biasa,12:00-14:59,2026
CENGKARENG,Pencurian Biasa,12:00-14:59,2026
CENGKARENG,Pencurian Biasa,12:00-14:59,2026
CENGKARENG,Pencurian Biasa,12:00-14:59,2026
CENGKARENG,Pencurian Biasa,12:00-14:59,2026
CENGKARENG,Pencurian Dengan Pemberatan ( Curat ),12:00-14:59,2026
CENGKARENG,Pencurian Dengan Pemberatan ( Curat ),12:00-14:59,2026
CENGKARENG,Pencurian Dengan Pemberatan ( Curat ),12:00-14:59,2026
CENGKARENG,Pencurian Dengan Pemberatan ( Curat ),12:00-14:59,2026
CENGKARENG,Pencurian Dengan Pemberatan ( Curat ),12:00-14:59,2026
CENGKARENG,Pencurian Dengan Pemberatan ( Curat ),12:00-14:59,2026
CENGKARENG,Pengancaman,12:00-14:59,2026
CENGKARENG,Pengancaman,12:00-14:59,2026
CENGKARENG,Pengancaman,12:00-14:59,2026
CENGKARENG,Pengancaman,12:00-14:59,2026
CENGKARENG,Penganiayaan,12:00-14:59,2026
CENGKARENG,Penganiayaan,12:00-14:59,2026
CENGKARENG,Penganiayaan,12:00-14:59,2026
CENGKARENG,Penganiayaan,12:00-14:59,2026
CENGKARENG,Penganiayaan,12:00-14:59,2026
CENGKARENG,Penganiayaan,12:00-14:59,2026
CENGKARENG,Penganiayaan,12:00-14:59,2026
CENGKARENG,Penganiayaan,12:00-14:59,2026
CENGKARENG,Penganiayaan,12:00-14:59,2026
CENGKARENG,Penganiayaan,12:00-14:59,2026
CENGKARENG,Pengeroyokan,12:00-14:59,2026
CENGKARENG,Pengerusakan,12:00-14:59,2026
CENGKARENG,Penggelapan,12:00-14:59,2026
CENGKARENG,Penggelapan,12:00-14:59,2026
CENGKARENG,Penggelapan,12:00-14:59,2026
CENGKARENG,Penggelapan,12:00-14:59,2026
CENGKARENG,Penggelapan,12:00-14:59,2026
CENGKARENG,Penggelapan,12:00-14:59,2026
CENGKARENG,Penggelapan,12:00-14:59,2026
CENGKARENG,Penggelapan,12:00-14:59,2026
CENGKARENG,Penggelapan,12:00-14:59,2026
CENGKARENG,Penggelapan,12:00-14:59,2026
CENGKARENG,Penggelapan,12:00-14:59,2026
CENGKARENG,Penggelapan,12:00-14:59,2026
CENGKARENG,Penghinaan,12:00-14:59,2026
CENGKARENG,Penipuan / Perbuatan Curang,12:00-14:59,2026
CENGKARENG,Penipuan / Perbuatan Curang,12:00-14:59,2026
CENGKARENG,Penipuan / Perbuatan Curang,12:00-14:59,2026
CENGKARENG,Penipuan / Perbuatan Curang,12:00-14:59,2026
CENGKARENG,Penipuan / Perbuatan Curang,12:00-14:59,2026
CENGKARENG,Penipuan / Perbuatan Curang,12:00-14:59,2026
CENGKARENG,Penipuan / Perbuatan Curang,12:00-14:59,2026
CENGKARENG,Penipuan / Perbuatan Curang,12:00-14:59,2026
CENGKARENG,Penipuan / Perbuatan Curang,12:00-14:59,2026
CENGKARENG,Penipuan / Perbuatan Curang,12:00-14:59,2026
CENGKARENG,Penipuan / Perbuatan Curang,12:00-14:59,2026
CENGKARENG,Penipuan / Perbuatan Curang,12:00-14:59,2026
CENGKARENG,Penipuan / Perbuatan Curang,12:00-14:59,2026
CENGKARENG,Penipuan / Perbuatan Curang,12:00-14:59,2026
CENGKARENG,Penipuan / Perbuatan Curang,12:00-14:59,2026
CENGKARENG,Penipuan / Perbuatan Curang,12:00-14:59,2026
CENGKARENG,Penipuan / Perbuatan Curang,12:00-14:59,2026
CENGKARENG,Perbuatan Yang Tidak Menyenangkan,12:00-14:59,2026
CENGKARENG,Perkosaan,12:00-14:59,2026
CENGKARENG,Perkosaan,12:00-14:59,2026
CENGKARENG,Perzinahan,12:00-14:59,2026
CENGKARENG,Perzinahan,12:00-14:59,2026
CENGKARENG,Terhadap ketertiban umum,12:00-14:59,2026
CENGKARENG,Terhadap ketertiban umum,12:00-14:59,2026
CENGKARENG,Terhadap ketertiban umum,12:00-14:59,2026
CENGKARENG,Terhadap ketertiban umum,12:00-14:59,2026
CENGKARENG,Tindak Pidana Dalam Perlindungan Anak,12:00-14:59,2026
CENGKARENG,Tindak Pidana Dalam Perlindungan Anak,12:00-14:59,2026
CENGKARENG,Kejahatan Tentang Perdagangan,15:00-17:59,2026
CENGKARENG,Kejahatan Tentang Perdagangan,15:00-17:59,2026
CENGKARENG,Kejahatan Tentang Pornografi,15:00-17:59,2026
CENGKARENG,Kekerasan Dalam Rumah Tangga,15:00-17:59,2026
CENGKARENG,Kekerasan Dalam Rumah Tangga,15:00-17:59,2026
CENGKARENG,Kekerasan Dalam Rumah Tangga,15:00-17:59,2026
CENGKARENG,Kekerasan Dalam Rumah Tangga,15:00-17:59,2026
CENGKARENG,Kekerasan Dalam Rumah Tangga,15:00-17:59,2026
CENGKARENG,Kekerasan Seksual (KDRT),15:00-17:59,2026
CENGKARENG,Manipulasi data autentik secara elektronik (ITE),15:00-17:59,2026
CENGKARENG,Manipulasi data autentik secara elektronik (ITE),15:00-17:59,2026
CENGKARENG,Manipulasi data autentik secara elektronik (ITE),15:00-17:59,2026
CENGKARENG,Manipulasi data autentik secara elektronik (ITE),15:00-17:59,2026
CENGKARENG,Menjual atau mengedarkan obat keras / bebas terbatas tanpa ijin,15:00-17:59,2026
CENGKARENG,Narkotika ( Narkoba ),15:00-17:59,2026
CENGKARENG,Narkotika ( Narkoba ),15:00-17:59,2026
CENGKARENG,Narkotika ( Narkoba ),15:00-17:59,2026
CENGKARENG,Narkotika ( Narkoba ),15:00-17:59,2026
CENGKARENG,Narkotika ( Narkoba ),15:00-17:59,2026
CENGKARENG,Narkotika ( Narkoba ),15:00-17:59,2026
CENGKARENG,Narkotika ( Narkoba ),15:00-17:59,2026
CENGKARENG,Narkotika ( Narkoba ),15:00-17:59,2026
CENGKARENG,Narkotika ( Narkoba ),15:00-17:59,2026
CENGKARENG,Narkotika ( Narkoba ),15:00-17:59,2026
CENGKARENG,Narkotika ( Narkoba ),15:00-17:59,2026
CENGKARENG,Pemalsuan Surat Otentik,15:00-17:59,2026
CENGKARENG,Pencurian Biasa,15:00-17:59,2026
CENGKARENG,Pencurian Biasa,15:00-17:59,2026
CENGKARENG,Pencurian Biasa,15:00-17:59,2026
CENGKARENG,Pencurian Biasa,15:00-17:59,2026
CENGKARENG,Pencurian Biasa,15:00-17:59,2026
CENGKARENG,Pencurian Biasa,15:00-17:59,2026
CENGKARENG,Pencurian Biasa,15:00-17:59,2026
CENGKARENG,Pencurian dalam lingkungan keluarga,15:00-17:59,2026
CENGKARENG,Pencurian Dengan Pemberatan ( Curat ),15:00-17:59,2026
CENGKARENG,Pencurian Dengan Pemberatan ( Curat ),15:00-17:59,2026
CENGKARENG,Pencurian Dengan Pemberatan ( Curat ),15:00-17:59,2026
CENGKARENG,Pencurian Ringan,15:00-17:59,2026
CENGKARENG,Pengancaman,15:00-17:59,2026
CENGKARENG,Pengancaman,15:00-17:59,2026
CENGKARENG,Pengancaman,15:00-17:59,2026
CENGKARENG,Pengancaman,15:00-17:59,2026
CENGKARENG,Penganiayaan,15:00-17:59,2026
CENGKARENG,Penganiayaan,15:00-17:59,2026
CENGKARENG,Penganiayaan,15:00-17:59,2026
CENGKARENG,Penganiayaan,15:00-17:59,2026
CENGKARENG,Penganiayaan,15:00-17:59,2026
CENGKARENG,Penganiayaan,15:00-17:59,2026
CENGKARENG,Penggelapan,15:00-17:59,2026
CENGKARENG,Penggelapan,15:00-17:59,2026
CENGKARENG,Penggelapan,15:00-17:59,2026
CENGKARENG,Penggelapan,15:00-17:59,2026
CENGKARENG,Penggelapan,15:00-17:59,2026
CENGKARENG,Penggelapan,15:00-17:59,2026
CENGKARENG,Penggelapan,15:00-17:59,2026
CENGKARENG,Penggelapan,15:00-17:59,2026
CENGKARENG,Penggelapan,15:00-17:59,2026
CENGKARENG,Penghinaan,15:00-17:59,2026
CENGKARENG,Penipuan / Perbuatan Curang,15:00-17:59,2026
CENGKARENG,Penipuan / Perbuatan Curang,15:00-17:59,2026
CENGKARENG,Penipuan / Perbuatan Curang,15:00-17:59,2026
CENGKARENG,Penipuan / Perbuatan Curang,15:00-17:59,2026
CENGKARENG,Penipuan / Perbuatan Curang,15:00-17:59,2026
CENGKARENG,Penipuan / Perbuatan Curang,15:00-17:59,2026
CENGKARENG,Penipuan / Perbuatan Curang,15:00-17:59,2026
CENGKARENG,Penipuan / Perbuatan Curang,15:00-17:59,2026
CENGKARENG,Penipuan / Perbuatan Curang,15:00-17:59,2026
CENGKARENG,Penipuan / Perbuatan Curang,15:00-17:59,2026
CENGKARENG,Penipuan / Perbuatan Curang,15:00-17:59,2026
CENGKARENG,Penipuan / Perbuatan Curang,15:00-17:59,2026
CENGKARENG,Penipuan / Perbuatan Curang,15:00-17:59,2026
CENGKARENG,Penipuan / Perbuatan Curang,15:00-17:59,2026
CENGKARENG,Penipuan / Perbuatan Curang,15:00-17:59,2026
CENGKARENG,Penipuan / Perbuatan Curang,15:00-17:59,2026
CENGKARENG,Perbuatan Yang Tidak Menyenangkan,15:00-17:59,2026
CENGKARENG,Perbuatan Yang Tidak Menyenangkan,15:00-17:59,2026
CENGKARENG,Perdagangan Manusia / Trafficking In Person / Tppo (dalam Negeri),15:00-17:59,2026
CENGKARENG,Terhadap ketertiban umum,15:00-17:59,2026
CENGKARENG,Terhadap ketertiban umum,15:00-17:59,2026
CENGKARENG,Terhadap ketertiban umum,15:00-17:59,2026
CENGKARENG,Terhadap ketertiban umum,15:00-17:59,2026
CENGKARENG,Terhadap ketertiban umum,15:00-17:59,2026
CENGKARENG,Tindak Pidana Dalam Perlindungan Anak,15:00-17:59,2026
CENGKARENG,Karena Alpa  Menimbulkan  Kebakaran/ Meletus/banjir,18:00-21:59,2026
CENGKARENG,Kekerasan Dalam Rumah Tangga,18:00-21:59,2026
CENGKARENG,Kekerasan Dalam Rumah Tangga,18:00-21:59,2026
CENGKARENG,Kekerasan Dalam Rumah Tangga,18:00-21:59,2026
CENGKARENG,Kekerasan Dalam Rumah Tangga,18:00-21:59,2026
CENGKARENG,Kekerasan Dalam Rumah Tangga,18:00-21:59,2026
CENGKARENG,Kekerasan Dalam Rumah Tangga,18:00-21:59,2026
CENGKARENG,Manipulasi data autentik secara elektronik (ITE),18:00-21:59,2026
CENGKARENG,Manipulasi data autentik secara elektronik (ITE),18:00-21:59,2026
CENGKARENG,Manipulasi data autentik secara elektronik (ITE),18:00-21:59,2026
CENGKARENG,Manipulasi data autentik secara elektronik (ITE),18:00-21:59,2026
CENGKARENG,Manipulasi data autentik secara elektronik (ITE),18:00-21:59,2026
CENGKARENG,Manipulasi data autentik secara elektronik (ITE),18:00-21:59,2026
CENGKARENG,Manipulasi data autentik secara elektronik (ITE),18:00-21:59,2026
CENGKARENG,Memasuki Pekarangan Tanpa Ijin,18:00-21:59,2026
CENGKARENG,Narkotika ( Narkoba ),18:00-21:59,2026
CENGKARENG,Narkotika ( Narkoba ),18:00-21:59,2026
CENGKARENG,Narkotika ( Narkoba ),18:00-21:59,2026
CENGKARENG,Narkotika ( Narkoba ),18:00-21:59,2026
CENGKARENG,Narkotika ( Narkoba ),18:00-21:59,2026
CENGKARENG,Narkotika ( Narkoba ),18:00-21:59,2026
CENGKARENG,Narkotika ( Narkoba ),18:00-21:59,2026
CENGKARENG,Narkotika ( Narkoba ),18:00-21:59,2026
CENGKARENG,Narkotika ( Narkoba ),18:00-21:59,2026
CENGKARENG,Narkotika ( Narkoba ),18:00-21:59,2026
CENGKARENG,Pemerasan Dan Pengancaman,18:00-21:59,2026
CENGKARENG,Pencemaran Nama Baik,18:00-21:59,2026
CENGKARENG,Pencurian Biasa,18:00-21:59,2026
CENGKARENG,Pencurian Biasa,18:00-21:59,2026
CENGKARENG,Pencurian Biasa,18:00-21:59,2026
CENGKARENG,Pencurian Biasa,18:00-21:59,2026
CENGKARENG,Pencurian Biasa,18:00-21:59,2026
CENGKARENG,Pencurian Biasa,18:00-21:59,2026
CENGKARENG,Pencurian Biasa,18:00-21:59,2026
CENGKARENG,Pencurian Biasa,18:00-21:59,2026
CENGKARENG,Pencurian Biasa,18:00-21:59,2026
CENGKARENG,Pencurian Biasa,18:00-21:59,2026
CENGKARENG,Pencurian Biasa,18:00-21:59,2026
CENGKARENG,Pencurian Biasa,18:00-21:59,2026
CENGKARENG,Pencurian Biasa,18:00-21:59,2026
CENGKARENG,Pencurian Dengan Pemberatan ( Curat ),18:00-21:59,2026
CENGKARENG,Pencurian Dengan Pemberatan ( Curat ),18:00-21:59,2026
CENGKARENG,Pencurian Dengan Pemberatan ( Curat ),18:00-21:59,2026
CENGKARENG,Pencurian Dengan Pemberatan ( Curat ),18:00-21:59,2026
CENGKARENG,Pencurian Dengan Pemberatan ( Curat ),18:00-21:59,2026
CENGKARENG,Pencurian Dengan Pemberatan ( Curat ),18:00-21:59,2026
CENGKARENG,Pencurian Dengan Pemberatan ( Curat ),18:00-21:59,2026
CENGKARENG,Pencurian Dengan Pemberatan ( Curat ),18:00-21:59,2026
CENGKARENG,Pencurian Dengan Pemberatan ( Curat ),18:00-21:59,2026
CENGKARENG,Pencurian Dengan Pemberatan ( Curat ),18:00-21:59,2026
CENGKARENG,Pencurian Dengan Pemberatan ( Curat ),18:00-21:59,2026
CENGKARENG,Pencurian Dengan Pemberatan ( Curat ),18:00-21:59,2026
CENGKARENG,Pencurian Dengan Pemberatan ( Curat ),18:00-21:59,2026
CENGKARENG,Pengancaman,18:00-21:59,2026
CENGKARENG,Penganiayaan,18:00-21:59,2026
CENGKARENG,Penganiayaan,18:00-21:59,2026
CENGKARENG,Penganiayaan,18:00-21:59,2026
CENGKARENG,Penganiayaan,18:00-21:59,2026
CENGKARENG,Penganiayaan,18:00-21:59,2026
CENGKARENG,Penganiayaan,18:00-21:59,2026
CENGKARENG,Penganiayaan,18:00-21:59,2026
CENGKARENG,Penganiayaan,18:00-21:59,2026
CENGKARENG,Penganiayaan Berat ( Anirat ),18:00-21:59,2026
CENGKARENG,Penganiayaan Berat ( Anirat ),18:00-21:59,2026
CENGKARENG,Pengeroyokan,18:00-21:59,2026
CENGKARENG,Pengeroyokan,18:00-21:59,2026
CENGKARENG,Pengeroyokan,18:00-21:59,2026
CENGKARENG,Pengeroyokan,18:00-21:59,2026
CENGKARENG,Pengeroyokan,18:00-21:59,2026
CENGKARENG,Pengeroyokan,18:00-21:59,2026
CENGKARENG,Penggelapan,18:00-21:59,2026
CENGKARENG,Penggelapan,18:00-21:59,2026
CENGKARENG,Penggelapan,18:00-21:59,2026
CENGKARENG,Penggelapan,18:00-21:59,2026
CENGKARENG,Penggelapan,18:00-21:59,2026
CENGKARENG,Penggelapan,18:00-21:59,2026
CENGKARENG,Penggelapan,18:00-21:59,2026
CENGKARENG,Penggelapan,18:00-21:59,2026
CENGKARENG,Penggelapan,18:00-21:59,2026
CENGKARENG,Penggelapan,18:00-21:59,2026
CENGKARENG,Penggelapan,18:00-21:59,2026
CENGKARENG,Penggelapan,18:00-21:59,2026
CENGKARENG,Penggelapan,18:00-21:59,2026
CENGKARENG,Penipuan / Perbuatan Curang,18:00-21:59,2026
CENGKARENG,Penipuan / Perbuatan Curang,18:00-21:59,2026
CENGKARENG,Penipuan / Perbuatan Curang,18:00-21:59,2026
CENGKARENG,Penipuan / Perbuatan Curang,18:00-21:59,2026
CENGKARENG,Penipuan / Perbuatan Curang,18:00-21:59,2026
CENGKARENG,Penipuan / Perbuatan Curang,18:00-21:59,2026
CENGKARENG,Penipuan / Perbuatan Curang,18:00-21:59,2026
CENGKARENG,Penipuan / Perbuatan Curang,18:00-21:59,2026
CENGKARENG,Penipuan / Perbuatan Curang,18:00-21:59,2026
CENGKARENG,Penipuan / Perbuatan Curang,18:00-21:59,2026
CENGKARENG,Penipuan / Perbuatan Curang,18:00-21:59,2026
CENGKARENG,Penipuan / Perbuatan Curang,18:00-21:59,2026
CENGKARENG,Penipuan / Perbuatan Curang,18:00-21:59,2026
CENGKARENG,Penipuan / Perbuatan Curang,18:00-21:59,2026
CENGKARENG,Penipuan / Perbuatan Curang,18:00-21:59,2026
CENGKARENG,Penipuan / Perbuatan Curang,18:00-21:59,2026
CENGKARENG,Perbuatan Yang Tidak Menyenangkan,18:00-21:59,2026
CENGKARENG,Perzinahan,18:00-21:59,2026
CENGKARENG,Terhadap ketertiban umum,18:00-21:59,2026
CENGKARENG,Terhadap ketertiban umum,18:00-21:59,2026
CENGKARENG,Terhadap ketertiban umum,18:00-21:59,2026
CENGKARENG,Terhadap ketertiban umum,18:00-21:59,2026
CENGKARENG,Tindak Pidana Dalam Perlindungan Anak,18:00-21:59,2026
CENGKARENG,Tindak Pidana Dalam Perlindungan Anak,18:00-21:59,2026
CENGKARENG,Kekerasan Dalam Rumah Tangga,22:00-23:59,2026
CENGKARENG,Kekerasan Dalam Rumah Tangga,22:00-23:59,2026
CENGKARENG,Kekerasan Dalam Rumah Tangga,22:00-23:59,2026
CENGKARENG,Manipulasi data autentik secara elektronik (ITE),22:00-23:59,2026
CENGKARENG,Narkotika ( Narkoba ),22:00-23:59,2026
CENGKARENG,Narkotika ( Narkoba ),22:00-23:59,2026
CENGKARENG,Narkotika ( Narkoba ),22:00-23:59,2026
CENGKARENG,Narkotika ( Narkoba ),22:00-23:59,2026
CENGKARENG,Pemerasan,22:00-23:59,2026
CENGKARENG,Pemerasan Dan Pengancaman,22:00-23:59,2026
CENGKARENG,Pencemaran Nama Baik,22:00-23:59,2026
CENGKARENG,Pencurian Biasa,22:00-23:59,2026
CENGKARENG,Pencurian Biasa,22:00-23:59,2026
CENGKARENG,Pencurian Dengan Kekerasan ( Curas ),22:00-23:59,2026
CENGKARENG,Pencurian Dengan Pemberatan ( Curat ),22:00-23:59,2026
CENGKARENG,Pencurian Ringan,22:00-23:59,2026
CENGKARENG,Pengancaman,22:00-23:59,2026
CENGKARENG,Penganiayaan,22:00-23:59,2026
CENGKARENG,Penganiayaan,22:00-23:59,2026
CENGKARENG,Penganiayaan,22:00-23:59,2026
CENGKARENG,Penganiayaan,22:00-23:59,2026
CENGKARENG,Penganiayaan,22:00-23:59,2026
CENGKARENG,Penganiayaan,22:00-23:59,2026
CENGKARENG,Pengeroyokan,22:00-23:59,2026
CENGKARENG,Pengeroyokan,22:00-23:59,2026
CENGKARENG,Pengeroyokan,22:00-23:59,2026
CENGKARENG,Penggelapan,22:00-23:59,2026
CENGKARENG,Penipuan / Perbuatan Curang,22:00-23:59,2026
CENGKARENG,Penipuan / Perbuatan Curang,22:00-23:59,2026
CENGKARENG,Penipuan / Perbuatan Curang,22:00-23:59,2026
CENGKARENG,Penipuan / Perbuatan Curang,22:00-23:59,2026
CENGKARENG,Persetubuhan Terhadap Anak / Cabul Terhadap Anak,22:00-23:59,2026
CENGKARENG,Terhadap ketertiban umum,22:00-23:59,2026
CENGKARENG,Terhadap ketertiban umum,22:00-23:59,2026
CENGKARENG,Terhadap ketertiban umum,22:00-23:59,2026
CENGKARENG,Curanmor R-2,00:00-04:59,2026
CENGKARENG,Kejahatan Tentang Pornografi,00:00-04:59,2026
CENGKARENG,Kekerasan Dalam Rumah Tangga,00:00-04:59,2026
CENGKARENG,Kekerasan Dalam Rumah Tangga,00:00-04:59,2026
CENGKARENG,Kekerasan Dalam Rumah Tangga,00:00-04:59,2026
CENGKARENG,Narkotika ( Narkoba ),00:00-04:59,2026
CENGKARENG,Narkotika ( Narkoba ),00:00-04:59,2026
CENGKARENG,Narkotika ( Narkoba ),00:00-04:59,2026
CENGKARENG,Narkotika ( Narkoba ),00:00-04:59,2026
CENGKARENG,Narkotika ( Narkoba ),00:00-04:59,2026
CENGKARENG,Pemerasan,00:00-04:59,2026
CENGKARENG,Pencemaran Nama Baik,00:00-04:59,2026
CENGKARENG,Pencurian Biasa,00:00-04:59,2026
CENGKARENG,Pencurian Biasa,00:00-04:59,2026
CENGKARENG,Pencurian Biasa,00:00-04:59,2026
CENGKARENG,Pencurian Biasa,00:00-04:59,2026
CENGKARENG,Pencurian Biasa,00:00-04:59,2026
CENGKARENG,Pencurian Dengan Kekerasan ( Curas ),00:00-04:59,2026
CENGKARENG,Pencurian Dengan Pemberatan ( Curat ),00:00-04:59,2026
CENGKARENG,Pencurian Dengan Pemberatan ( Curat ),00:00-04:59,2026
CENGKARENG,Pencurian Dengan Pemberatan ( Curat ),00:00-04:59,2026
CENGKARENG,Pencurian Dengan Pemberatan ( Curat ),00:00-04:59,2026
CENGKARENG,Pencurian Dengan Pemberatan ( Curat ),00:00-04:59,2026
CENGKARENG,Pencurian Dengan Pemberatan ( Curat ),00:00-04:59,2026
CENGKARENG,Pencurian Dengan Pemberatan ( Curat ),00:00-04:59,2026
CENGKARENG,Pencurian Dengan Pemberatan ( Curat ),00:00-04:59,2026
CENGKARENG,Pencurian Dengan Pemberatan ( Curat ),00:00-04:59,2026
CENGKARENG,Pengancaman,00:00-04:59,2026
CENGKARENG,Penganiayaan,00:00-04:59,2026
CENGKARENG,Penganiayaan,00:00-04:59,2026
CENGKARENG,Penganiayaan,00:00-04:59,2026
CENGKARENG,Penganiayaan,00:00-04:59,2026
CENGKARENG,Penganiayaan,00:00-04:59,2026
CENGKARENG,Penganiayaan,00:00-04:59,2026
CENGKARENG,Penganiayaan,00:00-04:59,2026
CENGKARENG,Pengeroyokan,00:00-04:59,2026
CENGKARENG,Pengeroyokan,00:00-04:59,2026
CENGKARENG,Pengeroyokan,00:00-04:59,2026
CENGKARENG,Pengeroyokan,00:00-04:59,2026
CENGKARENG,Penggelapan,00:00-04:59,2026
CENGKARENG,Penggelapan,00:00-04:59,2026
CENGKARENG,Penggelapan,00:00-04:59,2026
CENGKARENG,Penggelapan,00:00-04:59,2026
CENGKARENG,Penipuan / Perbuatan Curang,00:00-04:59,2026
CENGKARENG,Sengaja Menimbulkan Kebakaran/banjir (pembakaran),00:00-04:59,2026
CENGKARENG,Terhadap ketertiban umum,00:00-04:59,2026
CENGKARENG,Terhadap ketertiban umum,00:00-04:59,2026
CENGKARENG,Terhadap ketertiban umum,00:00-04:59,2026
CENGKARENG,Tindak Pidana Dalam Perlindungan Anak,00:00-04:59,2026
CENGKARENG,Terorisme,Korban Tidak Tahu,2026
CAKUNG,Kejahatan Terkait Senjata Tajam ( Sajam ) ( Premanisme ),05:00-07:59,2026
CAKUNG,Kejahatan Terkait Senjata Tajam ( Sajam ) ( Premanisme ),05:00-07:59,2026
CAKUNG,Kekerasan Dalam Rumah Tangga,05:00-07:59,2026
CAKUNG,Manipulasi data autentik secara elektronik (ITE),05:00-07:59,2026
CAKUNG,Manipulasi data autentik secara elektronik (ITE),05:00-07:59,2026
CAKUNG,Pencurian Biasa,05:00-07:59,2026
CAKUNG,Pencurian Biasa,05:00-07:59,2026
CAKUNG,Pencurian Biasa,05:00-07:59,2026
CAKUNG,Pencurian Biasa,05:00-07:59,2026
CAKUNG,Pencurian Biasa,05:00-07:59,2026
CAKUNG,Pencurian Biasa,05:00-07:59,2026
CAKUNG,Pencurian Dengan Pemberatan ( Curat ),05:00-07:59,2026
CAKUNG,Pencurian Dengan Pemberatan ( Curat ),05:00-07:59,2026
CAKUNG,Pencurian Dengan Pemberatan ( Curat ),05:00-07:59,2026
CAKUNG,Pencurian Dengan Pemberatan ( Curat ),05:00-07:59,2026
CAKUNG,Pencurian Ringan,05:00-07:59,2026
CAKUNG,Penganiayaan,05:00-07:59,2026
CAKUNG,Penganiayaan,05:00-07:59,2026
CAKUNG,Penganiayaan,05:00-07:59,2026
CAKUNG,Penganiayaan,05:00-07:59,2026
CAKUNG,Penganiayaan,05:00-07:59,2026
CAKUNG,Penganiayaan,05:00-07:59,2026
CAKUNG,Penggelapan,05:00-07:59,2026
CAKUNG,Penggelapan,05:00-07:59,2026
CAKUNG,Penggelapan,05:00-07:59,2026
CAKUNG,Kejahatan Terkait Senjata Tajam ( Sajam ) ( Premanisme ),08:00-11:59,2026
CAKUNG,Kejahatan terkait Tenaga Kesehatan,08:00-11:59,2026
CAKUNG,Kekerasan Dalam Rumah Tangga,08:00-11:59,2026
CAKUNG,Manipulasi data autentik secara elektronik (ITE),08:00-11:59,2026
CAKUNG,Manipulasi data autentik secara elektronik (ITE),08:00-11:59,2026
CAKUNG,Manipulasi data autentik secara elektronik (ITE),08:00-11:59,2026
CAKUNG,Manipulasi data autentik secara elektronik (ITE),08:00-11:59,2026
CAKUNG,Manipulasi data autentik secara elektronik (ITE),08:00-11:59,2026
CAKUNG,Manipulasi data autentik secara elektronik (ITE),08:00-11:59,2026
CAKUNG,Manipulasi data autentik secara elektronik (ITE),08:00-11:59,2026
CAKUNG,Manipulasi data autentik secara elektronik (ITE),08:00-11:59,2026
CAKUNG,Manipulasi data autentik secara elektronik (ITE),08:00-11:59,2026
CAKUNG,Manipulasi data autentik secara elektronik (ITE),08:00-11:59,2026
CAKUNG,Manipulasi data autentik secara elektronik (ITE),08:00-11:59,2026
CAKUNG,Manipulasi data autentik secara elektronik (ITE),08:00-11:59,2026
CAKUNG,Manipulasi data autentik secara elektronik (ITE),08:00-11:59,2026
CAKUNG,Pemalsuan Surat Otentik,08:00-11:59,2026
CAKUNG,Pencemaran Nama Baik,08:00-11:59,2026
CAKUNG,Pencurian Biasa,08:00-11:59,2026
CAKUNG,Pencurian Biasa,08:00-11:59,2026
CAKUNG,Pencurian Biasa,08:00-11:59,2026
CAKUNG,Pencurian Biasa,08:00-11:59,2026
CAKUNG,Pencurian Biasa,08:00-11:59,2026
CAKUNG,Pencurian Biasa,08:00-11:59,2026
CAKUNG,Pencurian Biasa,08:00-11:59,2026
CAKUNG,Pencurian Biasa,08:00-11:59,2026
CAKUNG,Pencurian Biasa,08:00-11:59,2026
CAKUNG,Pencurian Dengan Pemberatan ( Curat ),08:00-11:59,2026
CAKUNG,Pencurian Dengan Pemberatan ( Curat ),08:00-11:59,2026
CAKUNG,Pencurian Dengan Pemberatan ( Curat ),08:00-11:59,2026
CAKUNG,Pencurian Dengan Pemberatan ( Curat ),08:00-11:59,2026
CAKUNG,Pencurian Dengan Pemberatan ( Curat ),08:00-11:59,2026
CAKUNG,Pencurian Dengan Pemberatan ( Curat ),08:00-11:59,2026
CAKUNG,Pencurian Dengan Pemberatan ( Curat ),08:00-11:59,2026
CAKUNG,Pencurian Dengan Pemberatan ( Curat ),08:00-11:59,2026
CAKUNG,Pencurian Dengan Pemberatan ( Curat ),08:00-11:59,2026
CAKUNG,Pencurian Ringan,08:00-11:59,2026
CAKUNG,Pengancaman,08:00-11:59,2026
CAKUNG,Penganiayaan,08:00-11:59,2026
CAKUNG,Penganiayaan,08:00-11:59,2026
CAKUNG,Penganiayaan Berat ( Anirat ),08:00-11:59,2026
CAKUNG,Penganiayaan Berat ( Anirat ),08:00-11:59,2026
CAKUNG,Pengeroyokan,08:00-11:59,2026
CAKUNG,Pengeroyokan,08:00-11:59,2026
CAKUNG,Penggelapan,08:00-11:59,2026
CAKUNG,Penggelapan,08:00-11:59,2026
CAKUNG,Penggelapan,08:00-11:59,2026
CAKUNG,Penggelapan,08:00-11:59,2026
CAKUNG,Penggelapan,08:00-11:59,2026
CAKUNG,Penggelapan,08:00-11:59,2026
CAKUNG,Penggelapan,08:00-11:59,2026
CAKUNG,Penggelapan,08:00-11:59,2026
CAKUNG,Penghinaan,08:00-11:59,2026
CAKUNG,Penipuan / Perbuatan Curang,08:00-11:59,2026
CAKUNG,Penipuan / Perbuatan Curang,08:00-11:59,2026
CAKUNG,Penipuan / Perbuatan Curang,08:00-11:59,2026
CAKUNG,Penipuan / Perbuatan Curang,08:00-11:59,2026
CAKUNG,Penipuan / Perbuatan Curang,08:00-11:59,2026
CAKUNG,Penipuan / Perbuatan Curang,08:00-11:59,2026
CAKUNG,Penipuan / Perbuatan Curang,08:00-11:59,2026
CAKUNG,Penipuan / Perbuatan Curang,08:00-11:59,2026
CAKUNG,Penipuan / Perbuatan Curang,08:00-11:59,2026
CAKUNG,Penyerobotan Tanah,08:00-11:59,2026
CAKUNG,Perzinahan,08:00-11:59,2026
CAKUNG,Cabul,12:00-14:59,2026
CAKUNG,Kekerasan Dalam Rumah Tangga,12:00-14:59,2026
CAKUNG,Manipulasi data autentik secara elektronik (ITE),12:00-14:59,2026
CAKUNG,Manipulasi data autentik secara elektronik (ITE),12:00-14:59,2026
CAKUNG,Manipulasi data autentik secara elektronik (ITE),12:00-14:59,2026
CAKUNG,Manipulasi data autentik secara elektronik (ITE),12:00-14:59,2026
CAKUNG,Manipulasi data autentik secara elektronik (ITE),12:00-14:59,2026
CAKUNG,Manipulasi data autentik secara elektronik (ITE),12:00-14:59,2026
CAKUNG,Manipulasi data autentik secara elektronik (ITE),12:00-14:59,2026
CAKUNG,Manipulasi data autentik secara elektronik (ITE),12:00-14:59,2026
CAKUNG,Manipulasi data autentik secara elektronik (ITE),12:00-14:59,2026
CAKUNG,Manipulasi data autentik secara elektronik (ITE),12:00-14:59,2026
CAKUNG,Manipulasi data autentik secara elektronik (ITE),12:00-14:59,2026
CAKUNG,Manipulasi data autentik secara elektronik (ITE),12:00-14:59,2026
CAKUNG,Manipulasi data autentik secara elektronik (ITE),12:00-14:59,2026
CAKUNG,Manipulasi data autentik secara elektronik (ITE),12:00-14:59,2026
CAKUNG,Manipulasi data autentik secara elektronik (ITE),12:00-14:59,2026
CAKUNG,Narkotika ( Narkoba ),12:00-14:59,2026
CAKUNG,Narkotika ( Narkoba ),12:00-14:59,2026
CAKUNG,Pencemaran Nama Baik,12:00-14:59,2026
CAKUNG,Pencurian Biasa,12:00-14:59,2026
CAKUNG,Pencurian Biasa,12:00-14:59,2026
CAKUNG,Pencurian Biasa,12:00-14:59,2026
CAKUNG,Pencurian Biasa,12:00-14:59,2026
CAKUNG,Pencurian Biasa,12:00-14:59,2026
CAKUNG,Pencurian Biasa,12:00-14:59,2026
CAKUNG,Pencurian Biasa,12:00-14:59,2026
CAKUNG,Pencurian Biasa,12:00-14:59,2026
CAKUNG,Pencurian Biasa,12:00-14:59,2026
CAKUNG,Pencurian Dengan Pemberatan ( Curat ),12:00-14:59,2026
CAKUNG,Pencurian Dengan Pemberatan ( Curat ),12:00-14:59,2026
CAKUNG,Pencurian Dengan Pemberatan ( Curat ),12:00-14:59,2026
CAKUNG,Pencurian Dengan Pemberatan ( Curat ),12:00-14:59,2026
CAKUNG,Pencurian Dengan Pemberatan ( Curat ),12:00-14:59,2026
CAKUNG,Pencurian Ringan,12:00-14:59,2026
CAKUNG,Pengaduan Palsu,12:00-14:59,2026
CAKUNG,Penganiayaan,12:00-14:59,2026
CAKUNG,Penganiayaan,12:00-14:59,2026
CAKUNG,Penganiayaan,12:00-14:59,2026
CAKUNG,Penganiayaan,12:00-14:59,2026
CAKUNG,Penganiayaan,12:00-14:59,2026
CAKUNG,Penganiayaan,12:00-14:59,2026
CAKUNG,Penganiayaan,12:00-14:59,2026
CAKUNG,Penganiayaan Berat ( Anirat ),12:00-14:59,2026
CAKUNG,Pengeroyokan,12:00-14:59,2026
CAKUNG,Pengeroyokan,12:00-14:59,2026
CAKUNG,Pengeroyokan,12:00-14:59,2026
CAKUNG,Pengeroyokan,12:00-14:59,2026
CAKUNG,Pengerusakan,12:00-14:59,2026
CAKUNG,Penggelapan,12:00-14:59,2026
CAKUNG,Penggelapan,12:00-14:59,2026
CAKUNG,Penggelapan,12:00-14:59,2026
CAKUNG,Penggelapan,12:00-14:59,2026
CAKUNG,Penggelapan,12:00-14:59,2026
CAKUNG,Penggelapan,12:00-14:59,2026
CAKUNG,Penggelapan,12:00-14:59,2026
CAKUNG,Penggelapan,12:00-14:59,2026
CAKUNG,Penggelapan,12:00-14:59,2026
CAKUNG,Penggelapan,12:00-14:59,2026
CAKUNG,Penggelapan,12:00-14:59,2026
CAKUNG,Penipuan / Perbuatan Curang,12:00-14:59,2026
CAKUNG,Penipuan / Perbuatan Curang,12:00-14:59,2026
CAKUNG,Penipuan / Perbuatan Curang,12:00-14:59,2026
CAKUNG,Penipuan / Perbuatan Curang,12:00-14:59,2026
CAKUNG,Penipuan / Perbuatan Curang,12:00-14:59,2026
CAKUNG,Penipuan / Perbuatan Curang,12:00-14:59,2026
CAKUNG,Penyerobotan Tanah,12:00-14:59,2026
CAKUNG,Perkosaan,12:00-14:59,2026
CAKUNG,Cabul,15:00-17:59,2026
CAKUNG,Kejahatan terkait Tenaga Kesehatan,15:00-17:59,2026
CAKUNG,Kekerasan Dalam Rumah Tangga,15:00-17:59,2026
CAKUNG,Kekerasan Dalam Rumah Tangga,15:00-17:59,2026
CAKUNG,Kekerasan Dalam Rumah Tangga,15:00-17:59,2026
CAKUNG,Kekerasan Seksual (KDRT),15:00-17:59,2026
CAKUNG,Manipulasi data autentik secara elektronik (ITE),15:00-17:59,2026
CAKUNG,Manipulasi data autentik secara elektronik (ITE),15:00-17:59,2026
CAKUNG,Manipulasi data autentik secara elektronik (ITE),15:00-17:59,2026
CAKUNG,Manipulasi data autentik secara elektronik (ITE),15:00-17:59,2026
CAKUNG,Manipulasi data autentik secara elektronik (ITE),15:00-17:59,2026
CAKUNG,Manipulasi data autentik secara elektronik (ITE),15:00-17:59,2026
CAKUNG,Manipulasi data autentik secara elektronik (ITE),15:00-17:59,2026
CAKUNG,Manipulasi data autentik secara elektronik (ITE),15:00-17:59,2026
CAKUNG,Manipulasi data autentik secara elektronik (ITE),15:00-17:59,2026
CAKUNG,Manipulasi data autentik secara elektronik (ITE),15:00-17:59,2026
CAKUNG,Manipulasi data autentik secara elektronik (ITE),15:00-17:59,2026
CAKUNG,Manipulasi data autentik secara elektronik (ITE),15:00-17:59,2026
CAKUNG,Manipulasi data autentik secara elektronik (ITE),15:00-17:59,2026
CAKUNG,Manipulasi data autentik secara elektronik (ITE),15:00-17:59,2026
CAKUNG,Manipulasi data autentik secara elektronik (ITE),15:00-17:59,2026
CAKUNG,Manipulasi data autentik secara elektronik (ITE),15:00-17:59,2026
CAKUNG,Manipulasi data autentik secara elektronik (ITE),15:00-17:59,2026
CAKUNG,Manipulasi data autentik secara elektronik (ITE),15:00-17:59,2026
CAKUNG,Manipulasi data autentik secara elektronik (ITE),15:00-17:59,2026
CAKUNG,Manipulasi data autentik secara elektronik (ITE),15:00-17:59,2026
CAKUNG,Manipulasi data autentik secara elektronik (ITE),15:00-17:59,2026
CAKUNG,Manipulasi data autentik secara elektronik (ITE),15:00-17:59,2026
CAKUNG,Memasuki Pekarangan Tanpa Ijin,15:00-17:59,2026
CAKUNG,Memasuki Pekarangan Tanpa Ijin,15:00-17:59,2026
CAKUNG,Memasuki Pekarangan Tanpa Ijin,15:00-17:59,2026
CAKUNG,Memasuki Pekarangan Tanpa Ijin,15:00-17:59,2026
CAKUNG,Narkotika ( Narkoba ),15:00-17:59,2026
CAKUNG,Narkotika ( Narkoba ),15:00-17:59,2026
CAKUNG,Pemalsuan Surat Otentik,15:00-17:59,2026
CAKUNG,Pemalsuan Surat Otentik,15:00-17:59,2026
CAKUNG,Pemerasan,15:00-17:59,2026
CAKUNG,Pemerasan Dan Pengancaman,15:00-17:59,2026
CAKUNG,Pencemaran Nama Baik,15:00-17:59,2026
CAKUNG,Pencemaran Nama Baik,15:00-17:59,2026
CAKUNG,Pencurian Biasa,15:00-17:59,2026
CAKUNG,Pencurian Biasa,15:00-17:59,2026
CAKUNG,Pencurian Biasa,15:00-17:59,2026
CAKUNG,Pencurian Biasa,15:00-17:59,2026
CAKUNG,Pencurian Biasa,15:00-17:59,2026
CAKUNG,Pencurian Biasa,15:00-17:59,2026
CAKUNG,Pencurian Biasa,15:00-17:59,2026
CAKUNG,Pencurian Dengan Pemberatan ( Curat ),15:00-17:59,2026
CAKUNG,Pengancaman,15:00-17:59,2026
CAKUNG,Penganiayaan,15:00-17:59,2026
CAKUNG,Penganiayaan,15:00-17:59,2026
CAKUNG,Penganiayaan,15:00-17:59,2026
CAKUNG,Penganiayaan,15:00-17:59,2026
CAKUNG,Penganiayaan,15:00-17:59,2026
CAKUNG,Penganiayaan,15:00-17:59,2026
CAKUNG,Penganiayaan,15:00-17:59,2026
CAKUNG,Penganiayaan,15:00-17:59,2026
CAKUNG,Pengeroyokan,15:00-17:59,2026
CAKUNG,Pengeroyokan,15:00-17:59,2026
CAKUNG,Pengeroyokan,15:00-17:59,2026
CAKUNG,Pengeroyokan,15:00-17:59,2026
CAKUNG,Penggelapan,15:00-17:59,2026
CAKUNG,Penggelapan,15:00-17:59,2026
CAKUNG,Penggelapan,15:00-17:59,2026
CAKUNG,Penggelapan,15:00-17:59,2026
CAKUNG,Penggelapan,15:00-17:59,2026
CAKUNG,Penggelapan,15:00-17:59,2026
CAKUNG,Penggelapan,15:00-17:59,2026
CAKUNG,Penggelapan,15:00-17:59,2026
CAKUNG,Penipuan / Perbuatan Curang,15:00-17:59,2026
CAKUNG,Penipuan / Perbuatan Curang,15:00-17:59,2026
CAKUNG,Penipuan / Perbuatan Curang,15:00-17:59,2026
CAKUNG,Penipuan / Perbuatan Curang,15:00-17:59,2026
CAKUNG,Penipuan / Perbuatan Curang,15:00-17:59,2026
CAKUNG,Penipuan / Perbuatan Curang,15:00-17:59,2026
CAKUNG,Penipuan / Perbuatan Curang,15:00-17:59,2026
CAKUNG,Penipuan / Perbuatan Curang,15:00-17:59,2026
CAKUNG,Penipuan / Perbuatan Curang,15:00-17:59,2026
CAKUNG,Penipuan / Perbuatan Curang,15:00-17:59,2026
CAKUNG,Penipuan / Perbuatan Curang,15:00-17:59,2026
CAKUNG,Penipuan / Perbuatan Curang,15:00-17:59,2026
CAKUNG,Penipuan / Perbuatan Curang,15:00-17:59,2026
CAKUNG,Penipuan / Perbuatan Curang,15:00-17:59,2026
CAKUNG,Penipuan / Perbuatan Curang,15:00-17:59,2026
CAKUNG,Penipuan / Perbuatan Curang,15:00-17:59,2026
CAKUNG,Penipuan / Perbuatan Curang,15:00-17:59,2026
CAKUNG,Penipuan / Perbuatan Curang,15:00-17:59,2026
CAKUNG,Penipuan / Perbuatan Curang,15:00-17:59,2026
CAKUNG,Penipuan / Perbuatan Curang,15:00-17:59,2026
CAKUNG,Penipuan / Perbuatan Curang,15:00-17:59,2026
CAKUNG,Perkosaan,15:00-17:59,2026
CAKUNG,Sumpah Palsu Dan Keterangan Palsu,15:00-17:59,2026
CAKUNG,Sumpah Palsu Dan Keterangan Palsu,15:00-17:59,2026
CAKUNG,Cabul,18:00-21:59,2026
CAKUNG,Cabul,18:00-21:59,2026
CAKUNG,Kejahatan Terkait Perlindungan Data Pribadi,18:00-21:59,2026
CAKUNG,Kekerasan Dalam Rumah Tangga,18:00-21:59,2026
CAKUNG,Kekerasan Dalam Rumah Tangga,18:00-21:59,2026
CAKUNG,Kekerasan Dalam Rumah Tangga,18:00-21:59,2026
CAKUNG,Kekerasan Dalam Rumah Tangga,18:00-21:59,2026
CAKUNG,Kekerasan Dalam Rumah Tangga,18:00-21:59,2026
CAKUNG,Kekerasan Seksual (KDRT),18:00-21:59,2026
CAKUNG,Kekerasan Seksual (KDRT),18:00-21:59,2026
CAKUNG,Manipulasi data autentik secara elektronik (ITE),18:00-21:59,2026
CAKUNG,Manipulasi data autentik secara elektronik (ITE),18:00-21:59,2026
CAKUNG,Manipulasi data autentik secara elektronik (ITE),18:00-21:59,2026
CAKUNG,Manipulasi data autentik secara elektronik (ITE),18:00-21:59,2026
CAKUNG,Manipulasi data autentik secara elektronik (ITE),18:00-21:59,2026
CAKUNG,Manipulasi data autentik secara elektronik (ITE),18:00-21:59,2026
CAKUNG,Manipulasi data autentik secara elektronik (ITE),18:00-21:59,2026
CAKUNG,Manipulasi data autentik secara elektronik (ITE),18:00-21:59,2026
CAKUNG,Manipulasi data autentik secara elektronik (ITE),18:00-21:59,2026
CAKUNG,Manipulasi data autentik secara elektronik (ITE),18:00-21:59,2026
CAKUNG,Manipulasi data autentik secara elektronik (ITE),18:00-21:59,2026
CAKUNG,Melawan Putusan Pengadilan,18:00-21:59,2026
CAKUNG,Memasuki Pekarangan Tanpa Ijin,18:00-21:59,2026
CAKUNG,Memasuki Pekarangan Tanpa Ijin,18:00-21:59,2026
CAKUNG,Memasuki Pekarangan Tanpa Ijin,18:00-21:59,2026
CAKUNG,Menjual atau mengedarkan obat keras / bebas terbatas tanpa ijin,18:00-21:59,2026
CAKUNG,Narkotika ( Narkoba ),18:00-21:59,2026
CAKUNG,Narkotika ( Narkoba ),18:00-21:59,2026
CAKUNG,Narkotika ( Narkoba ),18:00-21:59,2026
CAKUNG,Narkotika ( Narkoba ),18:00-21:59,2026
CAKUNG,Narkotika ( Narkoba ),18:00-21:59,2026
CAKUNG,Narkotika ( Narkoba ),18:00-21:59,2026
CAKUNG,Narkotika ( Narkoba ),18:00-21:59,2026
CAKUNG,Narkotika ( Narkoba ),18:00-21:59,2026
CAKUNG,Narkotika ( Narkoba ),18:00-21:59,2026
CAKUNG,Narkotika ( Narkoba ),18:00-21:59,2026
CAKUNG,Narkotika ( Narkoba ),18:00-21:59,2026
CAKUNG,Narkotika ( Narkoba ),18:00-21:59,2026
CAKUNG,Penadahan,18:00-21:59,2026
CAKUNG,Pencurian Biasa,18:00-21:59,2026
CAKUNG,Pencurian Biasa,18:00-21:59,2026
CAKUNG,Pencurian Biasa,18:00-21:59,2026
CAKUNG,Pencurian Biasa,18:00-21:59,2026
CAKUNG,Pencurian Biasa,18:00-21:59,2026
CAKUNG,Pencurian Biasa,18:00-21:59,2026
CAKUNG,Pencurian Dengan Kekerasan ( Curas ),18:00-21:59,2026
CAKUNG,Pencurian Dengan Pemberatan ( Curat ),18:00-21:59,2026
CAKUNG,Pencurian Dengan Pemberatan ( Curat ),18:00-21:59,2026
CAKUNG,Pencurian Dengan Pemberatan ( Curat ),18:00-21:59,2026
CAKUNG,Pengancaman,18:00-21:59,2026
CAKUNG,Penganiayaan,18:00-21:59,2026
CAKUNG,Penganiayaan,18:00-21:59,2026
CAKUNG,Penganiayaan,18:00-21:59,2026
CAKUNG,Penganiayaan,18:00-21:59,2026
CAKUNG,Penganiayaan,18:00-21:59,2026
CAKUNG,Penganiayaan,18:00-21:59,2026
CAKUNG,Penganiayaan,18:00-21:59,2026
CAKUNG,Penganiayaan,18:00-21:59,2026
CAKUNG,Penganiayaan,18:00-21:59,2026
CAKUNG,Penganiayaan,18:00-21:59,2026
CAKUNG,Penganiayaan,18:00-21:59,2026
CAKUNG,Penganiayaan,18:00-21:59,2026
CAKUNG,Penganiayaan Berat ( Anirat ),18:00-21:59,2026
CAKUNG,Penganiayaan Berat ( Anirat ),18:00-21:59,2026
CAKUNG,Pengeroyokan,18:00-21:59,2026
CAKUNG,Pengeroyokan,18:00-21:59,2026
CAKUNG,Pengeroyokan,18:00-21:59,2026
CAKUNG,Pengeroyokan,18:00-21:59,2026
CAKUNG,Penggelapan,18:00-21:59,2026
CAKUNG,Penggelapan,18:00-21:59,2026
CAKUNG,Penggelapan,18:00-21:59,2026
CAKUNG,Penggelapan,18:00-21:59,2026
CAKUNG,Penggelapan,18:00-21:59,2026
CAKUNG,Penggelapan,18:00-21:59,2026
CAKUNG,Penggelapan,18:00-21:59,2026
CAKUNG,Penipuan / Perbuatan Curang,18:00-21:59,2026
CAKUNG,Penipuan / Perbuatan Curang,18:00-21:59,2026
CAKUNG,Penipuan / Perbuatan Curang,18:00-21:59,2026
CAKUNG,Penipuan / Perbuatan Curang,18:00-21:59,2026
CAKUNG,Penipuan / Perbuatan Curang,18:00-21:59,2026
CAKUNG,Penipuan / Perbuatan Curang,18:00-21:59,2026
CAKUNG,Penipuan / Perbuatan Curang,18:00-21:59,2026
CAKUNG,Penipuan / Perbuatan Curang,18:00-21:59,2026
CAKUNG,Penyekapan,18:00-21:59,2026
CAKUNG,Perbuatan Yang Tidak Menyenangkan,18:00-21:59,2026
CAKUNG,Perbuatan Yang Tidak Menyenangkan,18:00-21:59,2026
CAKUNG,Kekerasan Dalam Rumah Tangga,22:00-23:59,2026
CAKUNG,Kekerasan Dalam Rumah Tangga,22:00-23:59,2026
CAKUNG,Kekerasan Seksual (KDRT),22:00-23:59,2026
CAKUNG,Manipulasi data autentik secara elektronik (ITE),22:00-23:59,2026
CAKUNG,Manipulasi data autentik secara elektronik (ITE),22:00-23:59,2026
CAKUNG,Manipulasi data autentik secara elektronik (ITE),22:00-23:59,2026
CAKUNG,Memasuki Pekarangan Tanpa Ijin,22:00-23:59,2026
CAKUNG,Narkotika ( Narkoba ),22:00-23:59,2026
CAKUNG,Narkotika ( Narkoba ),22:00-23:59,2026
CAKUNG,Narkotika ( Narkoba ),22:00-23:59,2026
CAKUNG,Pencurian Biasa,22:00-23:59,2026
CAKUNG,Pencurian Biasa,22:00-23:59,2026
CAKUNG,Pencurian Dengan Pemberatan ( Curat ),22:00-23:59,2026
CAKUNG,Pencurian Dengan Pemberatan ( Curat ),22:00-23:59,2026
CAKUNG,Pengancaman,22:00-23:59,2026
CAKUNG,Penganiayaan,22:00-23:59,2026
CAKUNG,Penganiayaan,22:00-23:59,2026
CAKUNG,Penganiayaan Berat ( Anirat ),22:00-23:59,2026
CAKUNG,Pengeroyokan,22:00-23:59,2026
CAKUNG,Penggelapan,22:00-23:59,2026
CAKUNG,Penggelapan,22:00-23:59,2026
CAKUNG,Penggelapan,22:00-23:59,2026
CAKUNG,Penggelapan,22:00-23:59,2026
CAKUNG,Penggelapan,22:00-23:59,2026
CAKUNG,Penipuan / Perbuatan Curang,22:00-23:59,2026
CAKUNG,Cabul,00:00-04:59,2026
CAKUNG,Cabul,00:00-04:59,2026
CAKUNG,Kejahatan Terkait Perlindungan Data Pribadi,00:00-04:59,2026
CAKUNG,Kejahatan Terkait Perlindungan Data Pribadi,00:00-04:59,2026
CAKUNG,Kejahatan Terkait Senjata Tajam ( Sajam ) ( Premanisme ),00:00-04:59,2026
CAKUNG,Kejahatan Terkait Senjata Tajam ( Sajam ) ( Premanisme ),00:00-04:59,2026
CAKUNG,Kekerasan Dalam Rumah Tangga,00:00-04:59,2026
CAKUNG,Narkotika ( Narkoba ),00:00-04:59,2026
CAKUNG,Narkotika ( Narkoba ),00:00-04:59,2026
CAKUNG,Narkotika ( Narkoba ),00:00-04:59,2026
CAKUNG,Narkotika ( Narkoba ),00:00-04:59,2026
CAKUNG,Narkotika ( Narkoba ),00:00-04:59,2026
CAKUNG,Narkotika ( Narkoba ),00:00-04:59,2026
CAKUNG,Narkotika ( Narkoba ),00:00-04:59,2026
CAKUNG,Narkotika ( Narkoba ),00:00-04:59,2026
CAKUNG,Narkotika ( Narkoba ),00:00-04:59,2026
CAKUNG,Pemerasan Dan Pengancaman,00:00-04:59,2026
CAKUNG,Pencurian Biasa,00:00-04:59,2026
CAKUNG,Pencurian Biasa,00:00-04:59,2026
CAKUNG,Pencurian Biasa,00:00-04:59,2026
CAKUNG,Pencurian Biasa,00:00-04:59,2026
CAKUNG,Pencurian Biasa,00:00-04:59,2026
CAKUNG,Pencurian Biasa,00:00-04:59,2026
CAKUNG,Pencurian Biasa,00:00-04:59,2026
CAKUNG,Pencurian Biasa,00:00-04:59,2026
CAKUNG,Pencurian Biasa,00:00-04:59,2026
CAKUNG,Pencurian Dengan Kekerasan ( Curas ),00:00-04:59,2026
CAKUNG,Pencurian Dengan Kekerasan ( Curas ),00:00-04:59,2026
CAKUNG,Pencurian Dengan Pemberatan ( Curat ),00:00-04:59,2026
CAKUNG,Pencurian Dengan Pemberatan ( Curat ),00:00-04:59,2026
CAKUNG,Pencurian Dengan Pemberatan ( Curat ),00:00-04:59,2026
CAKUNG,Pencurian Dengan Pemberatan ( Curat ),00:00-04:59,2026
CAKUNG,Pencurian Dengan Pemberatan ( Curat ),00:00-04:59,2026
CAKUNG,Pencurian Dengan Pemberatan ( Curat ),00:00-04:59,2026
CAKUNG,Pencurian Dengan Pemberatan ( Curat ),00:00-04:59,2026
CAKUNG,Pencurian Dengan Pemberatan ( Curat ),00:00-04:59,2026
CAKUNG,Pencurian Dengan Pemberatan ( Curat ),00:00-04:59,2026
CAKUNG,Pencurian Dengan Pemberatan ( Curat ),00:00-04:59,2026
CAKUNG,Penganiayaan,00:00-04:59,2026
CAKUNG,Penganiayaan,00:00-04:59,2026
CAKUNG,Penganiayaan,00:00-04:59,2026
CAKUNG,Penganiayaan,00:00-04:59,2026
CAKUNG,Penganiayaan,00:00-04:59,2026
CAKUNG,Penganiayaan,00:00-04:59,2026
CAKUNG,Penganiayaan,00:00-04:59,2026
CAKUNG,Penganiayaan,00:00-04:59,2026
CAKUNG,Penganiayaan,00:00-04:59,2026
CAKUNG,Penganiayaan,00:00-04:59,2026
CAKUNG,Penganiayaan,00:00-04:59,2026
CAKUNG,Penganiayaan,00:00-04:59,2026
CAKUNG,Pengeroyokan,00:00-04:59,2026
CAKUNG,Pengeroyokan,00:00-04:59,2026
CAKUNG,Pengeroyokan,00:00-04:59,2026
CAKUNG,Pengeroyokan,00:00-04:59,2026
CAKUNG,Pengeroyokan,00:00-04:59,2026
CAKUNG,Pengeroyokan,00:00-04:59,2026
CAKUNG,Penggelapan,00:00-04:59,2026
CAKUNG,Penipuan / Perbuatan Curang,00:00-04:59,2026
CAKUNG,Penipuan / Perbuatan Curang,00:00-04:59,2026
CAKUNG,Percobaan Pencurian,00:00-04:59,2026
CAKUNG,Tindak Pidana Dalam Perlindungan Anak,00:00-04:59,2026
DUREN SAWIT,Manipulasi data autentik secara elektronik (ITE),05:00-07:59,2026
DUREN SAWIT,Pencurian Biasa,05:00-07:59,2026
DUREN SAWIT,Pencurian Biasa,05:00-07:59,2026
DUREN SAWIT,Pencurian Biasa,05:00-07:59,2026
DUREN SAWIT,Pencurian Biasa,05:00-07:59,2026
DUREN SAWIT,Pencurian Biasa,05:00-07:59,2026
DUREN SAWIT,Pencurian Biasa,05:00-07:59,2026
DUREN SAWIT,Pencurian Biasa,05:00-07:59,2026
DUREN SAWIT,Pencurian Biasa,05:00-07:59,2026
DUREN SAWIT,Pencurian Dengan Pemberatan ( Curat ),05:00-07:59,2026
DUREN SAWIT,Pencurian Dengan Pemberatan ( Curat ),05:00-07:59,2026
DUREN SAWIT,Pencurian Dengan Pemberatan ( Curat ),05:00-07:59,2026
DUREN SAWIT,Pencurian Dengan Pemberatan ( Curat ),05:00-07:59,2026
DUREN SAWIT,Pencurian Dengan Pemberatan ( Curat ),05:00-07:59,2026
DUREN SAWIT,Pencurian Dengan Pemberatan ( Curat ),05:00-07:59,2026
DUREN SAWIT,Pencurian Dengan Pemberatan ( Curat ),05:00-07:59,2026
DUREN SAWIT,Pencurian Dengan Pemberatan ( Curat ),05:00-07:59,2026
DUREN SAWIT,Pencurian Dengan Pemberatan ( Curat ),05:00-07:59,2026
DUREN SAWIT,Penganiayaan,05:00-07:59,2026
DUREN SAWIT,Penganiayaan,05:00-07:59,2026
DUREN SAWIT,Penganiayaan,05:00-07:59,2026
DUREN SAWIT,Penganiayaan Berat ( Anirat ),05:00-07:59,2026
DUREN SAWIT,Kejahatan Tentang Peternakan Dan Kesehatan Hewan,08:00-11:59,2026
DUREN SAWIT,Kejahatan Terkait Perlindungan Data Pribadi,08:00-11:59,2026
DUREN SAWIT,Kekerasan Dalam Rumah Tangga,08:00-11:59,2026
DUREN SAWIT,Kekerasan Dalam Rumah Tangga,08:00-11:59,2026
DUREN SAWIT,Manipulasi data autentik secara elektronik (ITE),08:00-11:59,2026
DUREN SAWIT,Manipulasi data autentik secara elektronik (ITE),08:00-11:59,2026
DUREN SAWIT,Manipulasi data autentik secara elektronik (ITE),08:00-11:59,2026
DUREN SAWIT,Manipulasi data autentik secara elektronik (ITE),08:00-11:59,2026
DUREN SAWIT,Manipulasi data autentik secara elektronik (ITE),08:00-11:59,2026
DUREN SAWIT,Manipulasi data autentik secara elektronik (ITE),08:00-11:59,2026
DUREN SAWIT,Manipulasi data autentik secara elektronik (ITE),08:00-11:59,2026
DUREN SAWIT,Manipulasi data autentik secara elektronik (ITE),08:00-11:59,2026
DUREN SAWIT,Manipulasi data autentik secara elektronik (ITE),08:00-11:59,2026
DUREN SAWIT,Manipulasi data autentik secara elektronik (ITE),08:00-11:59,2026
DUREN SAWIT,Manipulasi data autentik secara elektronik (ITE),08:00-11:59,2026
DUREN SAWIT,Manipulasi data autentik secara elektronik (ITE),08:00-11:59,2026
DUREN SAWIT,Manipulasi data autentik secara elektronik (ITE),08:00-11:59,2026
DUREN SAWIT,Manipulasi data autentik secara elektronik (ITE),08:00-11:59,2026
DUREN SAWIT,Manipulasi data autentik secara elektronik (ITE),08:00-11:59,2026
DUREN SAWIT,Manipulasi data autentik secara elektronik (ITE),08:00-11:59,2026
DUREN SAWIT,Manipulasi data autentik secara elektronik (ITE),08:00-11:59,2026
DUREN SAWIT,Narkotika ( Narkoba ),08:00-11:59,2026
DUREN SAWIT,Narkotika ( Narkoba ),08:00-11:59,2026
DUREN SAWIT,Narkotika ( Narkoba ),08:00-11:59,2026
DUREN SAWIT,Narkotika ( Narkoba ),08:00-11:59,2026
DUREN SAWIT,Pencurian Biasa,08:00-11:59,2026
DUREN SAWIT,Pencurian Biasa,08:00-11:59,2026
DUREN SAWIT,Pencurian Biasa,08:00-11:59,2026
DUREN SAWIT,Pencurian Biasa,08:00-11:59,2026
DUREN SAWIT,Pencurian Biasa,08:00-11:59,2026
DUREN SAWIT,Pencurian Biasa,08:00-11:59,2026
DUREN SAWIT,Pencurian Biasa,08:00-11:59,2026
DUREN SAWIT,Pencurian Biasa,08:00-11:59,2026
DUREN SAWIT,Pencurian Biasa,08:00-11:59,2026
DUREN SAWIT,Pencurian Biasa,08:00-11:59,2026
DUREN SAWIT,Pencurian Biasa,08:00-11:59,2026
DUREN SAWIT,Pencurian Biasa,08:00-11:59,2026
DUREN SAWIT,Pencurian Biasa,08:00-11:59,2026
DUREN SAWIT,Pencurian Biasa,08:00-11:59,2026
DUREN SAWIT,Pencurian Biasa,08:00-11:59,2026
DUREN SAWIT,Pencurian Dengan Pemberatan ( Curat ),08:00-11:59,2026
DUREN SAWIT,Pencurian Dengan Pemberatan ( Curat ),08:00-11:59,2026
DUREN SAWIT,Pencurian Dengan Pemberatan ( Curat ),08:00-11:59,2026
DUREN SAWIT,Pencurian Dengan Pemberatan ( Curat ),08:00-11:59,2026
DUREN SAWIT,Pencurian Dengan Pemberatan ( Curat ),08:00-11:59,2026
DUREN SAWIT,Penganiayaan,08:00-11:59,2026
DUREN SAWIT,Penganiayaan,08:00-11:59,2026
DUREN SAWIT,Penganiayaan,08:00-11:59,2026
DUREN SAWIT,Penganiayaan Berat ( Anirat ),08:00-11:59,2026
DUREN SAWIT,Pengeroyokan,08:00-11:59,2026
DUREN SAWIT,Penggelapan,08:00-11:59,2026
DUREN SAWIT,Penggelapan,08:00-11:59,2026
DUREN SAWIT,Penggelapan,08:00-11:59,2026
DUREN SAWIT,Penipuan / Perbuatan Curang,08:00-11:59,2026
DUREN SAWIT,Penipuan / Perbuatan Curang,08:00-11:59,2026
DUREN SAWIT,Penipuan / Perbuatan Curang,08:00-11:59,2026
DUREN SAWIT,Penipuan / Perbuatan Curang,08:00-11:59,2026
DUREN SAWIT,Penipuan / Perbuatan Curang,08:00-11:59,2026
DUREN SAWIT,Penipuan / Perbuatan Curang,08:00-11:59,2026
DUREN SAWIT,Penipuan / Perbuatan Curang,08:00-11:59,2026
DUREN SAWIT,Penipuan / Perbuatan Curang,08:00-11:59,2026
DUREN SAWIT,Perbuatan Yang Tidak Menyenangkan,08:00-11:59,2026
DUREN SAWIT,Percobaan Pencurian,08:00-11:59,2026
DUREN SAWIT,Persetubuhan Terhadap Anak / Cabul Terhadap Anak,08:00-11:59,2026
DUREN SAWIT,Perzinahan,08:00-11:59,2026
DUREN SAWIT,Tindak Pidana Dalam Perlindungan Anak,08:00-11:59,2026
DUREN SAWIT,Kejahatan Tentang Pornografi,12:00-14:59,2026
DUREN SAWIT,Kejahatan Terkait Perlindungan Data Pribadi,12:00-14:59,2026
DUREN SAWIT,Manipulasi data autentik secara elektronik (ITE),12:00-14:59,2026
DUREN SAWIT,Manipulasi data autentik secara elektronik (ITE),12:00-14:59,2026
DUREN SAWIT,Manipulasi data autentik secara elektronik (ITE),12:00-14:59,2026
DUREN SAWIT,Manipulasi data autentik secara elektronik (ITE),12:00-14:59,2026
DUREN SAWIT,Manipulasi data autentik secara elektronik (ITE),12:00-14:59,2026
DUREN SAWIT,Manipulasi data autentik secara elektronik (ITE),12:00-14:59,2026
DUREN SAWIT,Manipulasi data autentik secara elektronik (ITE),12:00-14:59,2026
DUREN SAWIT,Manipulasi data autentik secara elektronik (ITE),12:00-14:59,2026
DUREN SAWIT,Manipulasi data autentik secara elektronik (ITE),12:00-14:59,2026
DUREN SAWIT,Manipulasi data autentik secara elektronik (ITE),12:00-14:59,2026
DUREN SAWIT,Manipulasi data autentik secara elektronik (ITE),12:00-14:59,2026
DUREN SAWIT,Manipulasi data autentik secara elektronik (ITE),12:00-14:59,2026
DUREN SAWIT,Manipulasi data autentik secara elektronik (ITE),12:00-14:59,2026
DUREN SAWIT,Manipulasi data autentik secara elektronik (ITE),12:00-14:59,2026
DUREN SAWIT,Manipulasi data autentik secara elektronik (ITE),12:00-14:59,2026
DUREN SAWIT,Manipulasi data autentik secara elektronik (ITE),12:00-14:59,2026
DUREN SAWIT,Manipulasi data autentik secara elektronik (ITE),12:00-14:59,2026
DUREN SAWIT,Manipulasi data autentik secara elektronik (ITE),12:00-14:59,2026
DUREN SAWIT,Manipulasi data autentik secara elektronik (ITE),12:00-14:59,2026
DUREN SAWIT,Manipulasi data autentik secara elektronik (ITE),12:00-14:59,2026
DUREN SAWIT,Manipulasi data autentik secara elektronik (ITE),12:00-14:59,2026
DUREN SAWIT,Manipulasi data autentik secara elektronik (ITE),12:00-14:59,2026
DUREN SAWIT,Manipulasi data autentik secara elektronik (ITE),12:00-14:59,2026
DUREN SAWIT,Manipulasi data autentik secara elektronik (ITE),12:00-14:59,2026
DUREN SAWIT,Manipulasi data autentik secara elektronik (ITE),12:00-14:59,2026
DUREN SAWIT,Manipulasi data autentik secara elektronik (ITE),12:00-14:59,2026
DUREN SAWIT,Manipulasi data autentik secara elektronik (ITE),12:00-14:59,2026
DUREN SAWIT,Manipulasi data autentik secara elektronik (ITE),12:00-14:59,2026
DUREN SAWIT,Manipulasi data autentik secara elektronik (ITE),12:00-14:59,2026
DUREN SAWIT,Manipulasi data autentik secara elektronik (ITE),12:00-14:59,2026
DUREN SAWIT,Manipulasi data autentik secara elektronik (ITE),12:00-14:59,2026
DUREN SAWIT,Manipulasi data autentik secara elektronik (ITE),12:00-14:59,2026
DUREN SAWIT,Manipulasi data autentik secara elektronik (ITE),12:00-14:59,2026
DUREN SAWIT,Narkotika ( Narkoba ),12:00-14:59,2026
DUREN SAWIT,Narkotika ( Narkoba ),12:00-14:59,2026
DUREN SAWIT,Pemalsuan Surat Otentik,12:00-14:59,2026
DUREN SAWIT,Pemalsuan Surat Otentik,12:00-14:59,2026
DUREN SAWIT,Pemerasan Dan Pengancaman,12:00-14:59,2026
DUREN SAWIT,Pencemaran Nama Baik,12:00-14:59,2026
DUREN SAWIT,Pencemaran Nama Baik,12:00-14:59,2026
DUREN SAWIT,Pencemaran Nama Baik,12:00-14:59,2026
DUREN SAWIT,Pencurian Biasa,12:00-14:59,2026
DUREN SAWIT,Pencurian Biasa,12:00-14:59,2026
DUREN SAWIT,Pencurian Biasa,12:00-14:59,2026
DUREN SAWIT,Pencurian Biasa,12:00-14:59,2026
DUREN SAWIT,Pencurian Biasa,12:00-14:59,2026
DUREN SAWIT,Pencurian Biasa,12:00-14:59,2026
DUREN SAWIT,Pencurian Biasa,12:00-14:59,2026
DUREN SAWIT,Pencurian Biasa,12:00-14:59,2026
DUREN SAWIT,Pencurian Dengan Pemberatan ( Curat ),12:00-14:59,2026
DUREN SAWIT,Pencurian Dengan Pemberatan ( Curat ),12:00-14:59,2026
DUREN SAWIT,Pencurian Dengan Pemberatan ( Curat ),12:00-14:59,2026
DUREN SAWIT,Pencurian Dengan Pemberatan ( Curat ),12:00-14:59,2026
DUREN SAWIT,Pencurian Dengan Pemberatan ( Curat ),12:00-14:59,2026
DUREN SAWIT,Pencurian Dengan Pemberatan ( Curat ),12:00-14:59,2026
DUREN SAWIT,Pencurian Dengan Pemberatan ( Curat ),12:00-14:59,2026
DUREN SAWIT,Pencurian Dengan Pemberatan ( Curat ),12:00-14:59,2026
DUREN SAWIT,Pencurian Dengan Pemberatan ( Curat ),12:00-14:59,2026
DUREN SAWIT,Pencurian Dengan Pemberatan ( Curat ),12:00-14:59,2026
DUREN SAWIT,Pencurian Dengan Pemberatan ( Curat ),12:00-14:59,2026
DUREN SAWIT,Pencurian Dengan Pemberatan ( Curat ),12:00-14:59,2026
DUREN SAWIT,Pencurian Dengan Pemberatan ( Curat ),12:00-14:59,2026
DUREN SAWIT,Pencurian Dengan Pemberatan ( Curat ),12:00-14:59,2026
DUREN SAWIT,Pencurian Dengan Pemberatan ( Curat ),12:00-14:59,2026
DUREN SAWIT,Pencurian Dengan Pemberatan ( Curat ),12:00-14:59,2026
DUREN SAWIT,Pengancaman,12:00-14:59,2026
DUREN SAWIT,Penganiayaan,12:00-14:59,2026
DUREN SAWIT,Penganiayaan,12:00-14:59,2026
DUREN SAWIT,Penganiayaan,12:00-14:59,2026
DUREN SAWIT,Penganiayaan,12:00-14:59,2026
DUREN SAWIT,Pengeroyokan,12:00-14:59,2026
DUREN SAWIT,Penggelapan,12:00-14:59,2026
DUREN SAWIT,Penggelapan,12:00-14:59,2026
DUREN SAWIT,Penggelapan,12:00-14:59,2026
DUREN SAWIT,Penipuan / Perbuatan Curang,12:00-14:59,2026
DUREN SAWIT,Penipuan / Perbuatan Curang,12:00-14:59,2026
DUREN SAWIT,Penipuan / Perbuatan Curang,12:00-14:59,2026
DUREN SAWIT,Penipuan / Perbuatan Curang,12:00-14:59,2026
DUREN SAWIT,Penipuan / Perbuatan Curang,12:00-14:59,2026
DUREN SAWIT,Penipuan / Perbuatan Curang,12:00-14:59,2026
DUREN SAWIT,Penipuan / Perbuatan Curang,12:00-14:59,2026
DUREN SAWIT,Penipuan / Perbuatan Curang,12:00-14:59,2026
DUREN SAWIT,Penipuan / Perbuatan Curang,12:00-14:59,2026
DUREN SAWIT,Penipuan / Perbuatan Curang,12:00-14:59,2026
DUREN SAWIT,Penipuan / Perbuatan Curang,12:00-14:59,2026
DUREN SAWIT,Penipuan / Perbuatan Curang,12:00-14:59,2026
DUREN SAWIT,Penipuan / Perbuatan Curang,12:00-14:59,2026
DUREN SAWIT,Perbuatan Yang Tidak Menyenangkan,12:00-14:59,2026
DUREN SAWIT,Perzinahan,12:00-14:59,2026
DUREN SAWIT,Tindak Pidana Dalam Perlindungan Anak,12:00-14:59,2026
DUREN SAWIT,Curanmor R-2,15:00-17:59,2026
DUREN SAWIT,Kejahatan Terkait Merek,15:00-17:59,2026
DUREN SAWIT,Kejahatan Terkait Perlindungan Data Pribadi,15:00-17:59,2026
DUREN SAWIT,Kejahatan Terkait Perlindungan Data Pribadi,15:00-17:59,2026
DUREN SAWIT,Kejahatan Terkait Perlindungan Data Pribadi,15:00-17:59,2026
DUREN SAWIT,Kejahatan terkait Tenaga Kesehatan,15:00-17:59,2026
DUREN SAWIT,Kekerasan Dalam Rumah Tangga,15:00-17:59,2026
DUREN SAWIT,Kekerasan Seksual (KDRT),15:00-17:59,2026
DUREN SAWIT,Manipulasi data autentik secara elektronik (ITE),15:00-17:59,2026
DUREN SAWIT,Manipulasi data autentik secara elektronik (ITE),15:00-17:59,2026
DUREN SAWIT,Manipulasi data autentik secara elektronik (ITE),15:00-17:59,2026
DUREN SAWIT,Manipulasi data autentik secara elektronik (ITE),15:00-17:59,2026
DUREN SAWIT,Manipulasi data autentik secara elektronik (ITE),15:00-17:59,2026
DUREN SAWIT,Manipulasi data autentik secara elektronik (ITE),15:00-17:59,2026
DUREN SAWIT,Manipulasi data autentik secara elektronik (ITE),15:00-17:59,2026
DUREN SAWIT,Manipulasi data autentik secara elektronik (ITE),15:00-17:59,2026
DUREN SAWIT,Manipulasi data autentik secara elektronik (ITE),15:00-17:59,2026
DUREN SAWIT,Manipulasi data autentik secara elektronik (ITE),15:00-17:59,2026
DUREN SAWIT,Manipulasi data autentik secara elektronik (ITE),15:00-17:59,2026
DUREN SAWIT,Manipulasi data autentik secara elektronik (ITE),15:00-17:59,2026
DUREN SAWIT,Manipulasi data autentik secara elektronik (ITE),15:00-17:59,2026
DUREN SAWIT,Manipulasi data autentik secara elektronik (ITE),15:00-17:59,2026
DUREN SAWIT,Manipulasi data autentik secara elektronik (ITE),15:00-17:59,2026
DUREN SAWIT,Manipulasi data autentik secara elektronik (ITE),15:00-17:59,2026
DUREN SAWIT,Manipulasi data autentik secara elektronik (ITE),15:00-17:59,2026
DUREN SAWIT,Manipulasi data autentik secara elektronik (ITE),15:00-17:59,2026
DUREN SAWIT,Manipulasi data autentik secara elektronik (ITE),15:00-17:59,2026
DUREN SAWIT,Manipulasi data autentik secara elektronik (ITE),15:00-17:59,2026
DUREN SAWIT,Narkotika ( Narkoba ),15:00-17:59,2026
DUREN SAWIT,Narkotika ( Narkoba ),15:00-17:59,2026
DUREN SAWIT,Narkotika ( Narkoba ),15:00-17:59,2026
DUREN SAWIT,Narkotika ( Narkoba ),15:00-17:59,2026
DUREN SAWIT,Narkotika ( Narkoba ),15:00-17:59,2026
DUREN SAWIT,Pemalsuan Surat Otentik,15:00-17:59,2026
DUREN SAWIT,Pemerasan,15:00-17:59,2026
DUREN SAWIT,Pencemaran Nama Baik,15:00-17:59,2026
DUREN SAWIT,Pencemaran Nama Baik,15:00-17:59,2026
DUREN SAWIT,Pencurian Biasa,15:00-17:59,2026
DUREN SAWIT,Pencurian Biasa,15:00-17:59,2026
DUREN SAWIT,Pencurian Biasa,15:00-17:59,2026
DUREN SAWIT,Pencurian Biasa,15:00-17:59,2026
DUREN SAWIT,Pencurian Biasa,15:00-17:59,2026
DUREN SAWIT,Pencurian Biasa,15:00-17:59,2026
DUREN SAWIT,Pencurian Biasa,15:00-17:59,2026
DUREN SAWIT,Pencurian Biasa,15:00-17:59,2026
DUREN SAWIT,Pencurian Dengan Pemberatan ( Curat ),15:00-17:59,2026
DUREN SAWIT,Pencurian Dengan Pemberatan ( Curat ),15:00-17:59,2026
DUREN SAWIT,Pencurian Dengan Pemberatan ( Curat ),15:00-17:59,2026
DUREN SAWIT,Pencurian Dengan Pemberatan ( Curat ),15:00-17:59,2026
DUREN SAWIT,Pencurian Dengan Pemberatan ( Curat ),15:00-17:59,2026
DUREN SAWIT,Pencurian Dengan Pemberatan ( Curat ),15:00-17:59,2026
DUREN SAWIT,Pencurian Dengan Pemberatan ( Curat ),15:00-17:59,2026
DUREN SAWIT,Pencurian Dengan Pemberatan ( Curat ),15:00-17:59,2026
DUREN SAWIT,Pencurian Dengan Pemberatan ( Curat ),15:00-17:59,2026
DUREN SAWIT,Pencurian Dengan Pemberatan ( Curat ),15:00-17:59,2026
DUREN SAWIT,Pencurian Dengan Pemberatan ( Curat ),15:00-17:59,2026
DUREN SAWIT,Pencurian Ringan,15:00-17:59,2026
DUREN SAWIT,Pencurian Ringan,15:00-17:59,2026
DUREN SAWIT,Penganiayaan,15:00-17:59,2026
DUREN SAWIT,Penganiayaan,15:00-17:59,2026
DUREN SAWIT,Penganiayaan,15:00-17:59,2026
DUREN SAWIT,Penganiayaan,15:00-17:59,2026
DUREN SAWIT,Penganiayaan,15:00-17:59,2026
DUREN SAWIT,Penganiayaan,15:00-17:59,2026
DUREN SAWIT,Penganiayaan,15:00-17:59,2026
DUREN SAWIT,Penggelapan,15:00-17:59,2026
DUREN SAWIT,Penggelapan,15:00-17:59,2026
DUREN SAWIT,Penggelapan,15:00-17:59,2026
DUREN SAWIT,Penggelapan,15:00-17:59,2026
DUREN SAWIT,Penggelapan,15:00-17:59,2026
DUREN SAWIT,Penggelapan,15:00-17:59,2026
DUREN SAWIT,Penggelapan,15:00-17:59,2026
DUREN SAWIT,Penggelapan,15:00-17:59,2026
DUREN SAWIT,Penipuan / Perbuatan Curang,15:00-17:59,2026
DUREN SAWIT,Penipuan / Perbuatan Curang,15:00-17:59,2026
DUREN SAWIT,Penipuan / Perbuatan Curang,15:00-17:59,2026
DUREN SAWIT,Penipuan / Perbuatan Curang,15:00-17:59,2026
DUREN SAWIT,Penipuan / Perbuatan Curang,15:00-17:59,2026
DUREN SAWIT,Penipuan / Perbuatan Curang,15:00-17:59,2026
DUREN SAWIT,Penipuan / Perbuatan Curang,15:00-17:59,2026
DUREN SAWIT,Penipuan / Perbuatan Curang,15:00-17:59,2026
DUREN SAWIT,Penipuan / Perbuatan Curang,15:00-17:59,2026
DUREN SAWIT,Penipuan / Perbuatan Curang,15:00-17:59,2026
DUREN SAWIT,Penipuan / Perbuatan Curang,15:00-17:59,2026
DUREN SAWIT,Penipuan / Perbuatan Curang,15:00-17:59,2026
DUREN SAWIT,Penipuan / Perbuatan Curang,15:00-17:59,2026
DUREN SAWIT,Penipuan / Perbuatan Curang,15:00-17:59,2026
DUREN SAWIT,Penipuan / Perbuatan Curang,15:00-17:59,2026
DUREN SAWIT,Perbuatan Yang Tidak Menyenangkan,15:00-17:59,2026
DUREN SAWIT,Persetubuhan Terhadap Anak / Cabul Terhadap Anak,15:00-17:59,2026
DUREN SAWIT,Cabul,18:00-21:59,2026
DUREN SAWIT,Curanmor R-2,18:00-21:59,2026
DUREN SAWIT,Curanmor R-2,18:00-21:59,2026
DUREN SAWIT,Kejahatan Terkait Perlindungan Data Pribadi,18:00-21:59,2026
DUREN SAWIT,Manipulasi data autentik secara elektronik (ITE),18:00-21:59,2026
DUREN SAWIT,Manipulasi data autentik secara elektronik (ITE),18:00-21:59,2026
DUREN SAWIT,Manipulasi data autentik secara elektronik (ITE),18:00-21:59,2026
DUREN SAWIT,Manipulasi data autentik secara elektronik (ITE),18:00-21:59,2026
DUREN SAWIT,Manipulasi data autentik secara elektronik (ITE),18:00-21:59,2026
DUREN SAWIT,Manipulasi data autentik secara elektronik (ITE),18:00-21:59,2026
DUREN SAWIT,Manipulasi data autentik secara elektronik (ITE),18:00-21:59,2026
DUREN SAWIT,Manipulasi data autentik secara elektronik (ITE),18:00-21:59,2026
DUREN SAWIT,Manipulasi data autentik secara elektronik (ITE),18:00-21:59,2026
DUREN SAWIT,Manipulasi data autentik secara elektronik (ITE),18:00-21:59,2026
DUREN SAWIT,Manipulasi data autentik secara elektronik (ITE),18:00-21:59,2026
DUREN SAWIT,Manipulasi data autentik secara elektronik (ITE),18:00-21:59,2026
DUREN SAWIT,Manipulasi data autentik secara elektronik (ITE),18:00-21:59,2026
DUREN SAWIT,Manipulasi data autentik secara elektronik (ITE),18:00-21:59,2026
DUREN SAWIT,Manipulasi data autentik secara elektronik (ITE),18:00-21:59,2026
DUREN SAWIT,Manipulasi data autentik secara elektronik (ITE),18:00-21:59,2026
DUREN SAWIT,Narkotika ( Narkoba ),18:00-21:59,2026
DUREN SAWIT,Narkotika ( Narkoba ),18:00-21:59,2026
DUREN SAWIT,Narkotika ( Narkoba ),18:00-21:59,2026
DUREN SAWIT,Narkotika ( Narkoba ),18:00-21:59,2026
DUREN SAWIT,Narkotika ( Narkoba ),18:00-21:59,2026
DUREN SAWIT,Pemerasan,18:00-21:59,2026
DUREN SAWIT,Pemerasan,18:00-21:59,2026
DUREN SAWIT,Pemerasan Dan Pengancaman,18:00-21:59,2026
DUREN SAWIT,Pemerasan Dan Pengancaman,18:00-21:59,2026
DUREN SAWIT,Pencurian Biasa,18:00-21:59,2026
DUREN SAWIT,Pencurian Biasa,18:00-21:59,2026
DUREN SAWIT,Pencurian Biasa,18:00-21:59,2026
DUREN SAWIT,Pencurian Biasa,18:00-21:59,2026
DUREN SAWIT,Pencurian Biasa,18:00-21:59,2026
DUREN SAWIT,Pencurian Biasa,18:00-21:59,2026
DUREN SAWIT,Pencurian Biasa,18:00-21:59,2026
DUREN SAWIT,Pencurian Biasa,18:00-21:59,2026
DUREN SAWIT,Pencurian Biasa,18:00-21:59,2026
DUREN SAWIT,Pencurian Biasa,18:00-21:59,2026
DUREN SAWIT,Pencurian Biasa,18:00-21:59,2026
DUREN SAWIT,Pencurian Biasa,18:00-21:59,2026
DUREN SAWIT,Pencurian Biasa,18:00-21:59,2026
DUREN SAWIT,Pencurian Biasa,18:00-21:59,2026
DUREN SAWIT,Pencurian Dengan Pemberatan ( Curat ),18:00-21:59,2026
DUREN SAWIT,Pencurian Dengan Pemberatan ( Curat ),18:00-21:59,2026
DUREN SAWIT,Pencurian Dengan Pemberatan ( Curat ),18:00-21:59,2026
DUREN SAWIT,Pencurian Dengan Pemberatan ( Curat ),18:00-21:59,2026
DUREN SAWIT,Pencurian Dengan Pemberatan ( Curat ),18:00-21:59,2026
DUREN SAWIT,Pencurian Dengan Pemberatan ( Curat ),18:00-21:59,2026
DUREN SAWIT,Pencurian Dengan Pemberatan ( Curat ),18:00-21:59,2026
DUREN SAWIT,Pencurian Dengan Pemberatan ( Curat ),18:00-21:59,2026
DUREN SAWIT,Pencurian Dengan Pemberatan ( Curat ),18:00-21:59,2026
DUREN SAWIT,Pencurian Dengan Pemberatan ( Curat ),18:00-21:59,2026
DUREN SAWIT,Pencurian Dengan Pemberatan ( Curat ),18:00-21:59,2026
DUREN SAWIT,Pencurian Dengan Pemberatan ( Curat ),18:00-21:59,2026
DUREN SAWIT,Pengancaman,18:00-21:59,2026
DUREN SAWIT,Pengancaman,18:00-21:59,2026
DUREN SAWIT,Penganiayaan,18:00-21:59,2026
DUREN SAWIT,Penganiayaan,18:00-21:59,2026
DUREN SAWIT,Penganiayaan,18:00-21:59,2026
DUREN SAWIT,Penganiayaan,18:00-21:59,2026
DUREN SAWIT,Penganiayaan,18:00-21:59,2026
DUREN SAWIT,Penganiayaan,18:00-21:59,2026
DUREN SAWIT,Penganiayaan,18:00-21:59,2026
DUREN SAWIT,Penganiayaan,18:00-21:59,2026
DUREN SAWIT,Penganiayaan,18:00-21:59,2026
DUREN SAWIT,Penganiayaan,18:00-21:59,2026
DUREN SAWIT,Penganiayaan,18:00-21:59,2026
DUREN SAWIT,Penganiayaan Berat ( Anirat ),18:00-21:59,2026
DUREN SAWIT,Pengeroyokan,18:00-21:59,2026
DUREN SAWIT,Penggelapan,18:00-21:59,2026
DUREN SAWIT,Penggelapan,18:00-21:59,2026
DUREN SAWIT,Penggelapan,18:00-21:59,2026
DUREN SAWIT,Penggelapan,18:00-21:59,2026
DUREN SAWIT,Penggelapan,18:00-21:59,2026
DUREN SAWIT,Penggelapan,18:00-21:59,2026
DUREN SAWIT,Penggelapan,18:00-21:59,2026
DUREN SAWIT,Penipuan / Perbuatan Curang,18:00-21:59,2026
DUREN SAWIT,Penipuan / Perbuatan Curang,18:00-21:59,2026
DUREN SAWIT,Penipuan / Perbuatan Curang,18:00-21:59,2026
DUREN SAWIT,Penipuan / Perbuatan Curang,18:00-21:59,2026
DUREN SAWIT,Penipuan / Perbuatan Curang,18:00-21:59,2026
DUREN SAWIT,Penipuan / Perbuatan Curang,18:00-21:59,2026
DUREN SAWIT,Perbuatan Yang Tidak Menyenangkan,18:00-21:59,2026
DUREN SAWIT,Perzinahan,18:00-21:59,2026
DUREN SAWIT,Curanmor R-2,22:00-23:59,2026
DUREN SAWIT,Kejahatan Terkait Perlindungan Data Pribadi,22:00-23:59,2026
DUREN SAWIT,Kekerasan Dalam Rumah Tangga,22:00-23:59,2026
DUREN SAWIT,Manipulasi data autentik secara elektronik (ITE),22:00-23:59,2026
DUREN SAWIT,Manipulasi data autentik secara elektronik (ITE),22:00-23:59,2026
DUREN SAWIT,Manipulasi data autentik secara elektronik (ITE),22:00-23:59,2026
DUREN SAWIT,Memasuki Pekarangan Tanpa Ijin,22:00-23:59,2026
DUREN SAWIT,Narkotika ( Narkoba ),22:00-23:59,2026
DUREN SAWIT,Narkotika ( Narkoba ),22:00-23:59,2026
DUREN SAWIT,Narkotika ( Narkoba ),22:00-23:59,2026
DUREN SAWIT,Narkotika ( Narkoba ),22:00-23:59,2026
DUREN SAWIT,Pencemaran Nama Baik,22:00-23:59,2026
DUREN SAWIT,Pencemaran Nama Baik,22:00-23:59,2026
DUREN SAWIT,Pencurian Biasa,22:00-23:59,2026
DUREN SAWIT,Pencurian Biasa,22:00-23:59,2026
DUREN SAWIT,Pencurian Biasa,22:00-23:59,2026
DUREN SAWIT,Pengancaman,22:00-23:59,2026
DUREN SAWIT,Penganiayaan,22:00-23:59,2026
DUREN SAWIT,Penganiayaan,22:00-23:59,2026
DUREN SAWIT,Pengeroyokan,22:00-23:59,2026
DUREN SAWIT,Penggelapan,22:00-23:59,2026
DUREN SAWIT,Penggelapan,22:00-23:59,2026
DUREN SAWIT,Penipuan / Perbuatan Curang,22:00-23:59,2026
DUREN SAWIT,Penipuan / Perbuatan Curang,22:00-23:59,2026
DUREN SAWIT,Kejahatan Tentang Minyak Dan Gas  ( MIGAS ),00:00-04:59,2026
DUREN SAWIT,Kejahatan Terkait Senjata Tajam ( Sajam ) ( Premanisme ),00:00-04:59,2026
DUREN SAWIT,Kekerasan Dalam Rumah Tangga,00:00-04:59,2026
DUREN SAWIT,Kekerasan Seksual (KDRT),00:00-04:59,2026
DUREN SAWIT,Manipulasi data autentik secara elektronik (ITE),00:00-04:59,2026
DUREN SAWIT,Narkotika ( Narkoba ),00:00-04:59,2026
DUREN SAWIT,Narkotika ( Narkoba ),00:00-04:59,2026
DUREN SAWIT,Narkotika ( Narkoba ),00:00-04:59,2026
DUREN SAWIT,Narkotika ( Narkoba ),00:00-04:59,2026
DUREN SAWIT,Pemerasan,00:00-04:59,2026
DUREN SAWIT,Pencurian Biasa,00:00-04:59,2026
DUREN SAWIT,Pencurian Biasa,00:00-04:59,2026
DUREN SAWIT,Pencurian Biasa,00:00-04:59,2026
DUREN SAWIT,Pencurian Biasa,00:00-04:59,2026
DUREN SAWIT,Pencurian Biasa,00:00-04:59,2026
DUREN SAWIT,Pencurian Biasa,00:00-04:59,2026
DUREN SAWIT,Pencurian Dengan Kekerasan ( Curas ),00:00-04:59,2026
DUREN SAWIT,Pencurian Dengan Pemberatan ( Curat ),00:00-04:59,2026
DUREN SAWIT,Pencurian Dengan Pemberatan ( Curat ),00:00-04:59,2026
DUREN SAWIT,Pencurian Dengan Pemberatan ( Curat ),00:00-04:59,2026
DUREN SAWIT,Pencurian Dengan Pemberatan ( Curat ),00:00-04:59,2026
DUREN SAWIT,Pencurian Dengan Pemberatan ( Curat ),00:00-04:59,2026
DUREN SAWIT,Pencurian Dengan Pemberatan ( Curat ),00:00-04:59,2026
DUREN SAWIT,Pencurian Dengan Pemberatan ( Curat ),00:00-04:59,2026
DUREN SAWIT,Pencurian Dengan Pemberatan ( Curat ),00:00-04:59,2026
DUREN SAWIT,Pencurian Dengan Pemberatan ( Curat ),00:00-04:59,2026
DUREN SAWIT,Pencurian Dengan Pemberatan ( Curat ),00:00-04:59,2026
DUREN SAWIT,Pencurian Dengan Pemberatan ( Curat ),00:00-04:59,2026
DUREN SAWIT,Pencurian Dengan Pemberatan ( Curat ),00:00-04:59,2026
DUREN SAWIT,Pencurian Dengan Pemberatan ( Curat ),00:00-04:59,2026
DUREN SAWIT,Pencurian Dengan Pemberatan ( Curat ),00:00-04:59,2026
DUREN SAWIT,Pencurian Dengan Pemberatan ( Curat ),00:00-04:59,2026
DUREN SAWIT,Penganiayaan,00:00-04:59,2026
DUREN SAWIT,Penganiayaan,00:00-04:59,2026
DUREN SAWIT,Penganiayaan,00:00-04:59,2026
DUREN SAWIT,Pengeroyokan,00:00-04:59,2026
DUREN SAWIT,Pengeroyokan,00:00-04:59,2026
DUREN SAWIT,Pengeroyokan,00:00-04:59,2026
DUREN SAWIT,Penggelapan,00:00-04:59,2026
DUREN SAWIT,Penggelapan,00:00-04:59,2026
DUREN SAWIT,Penggelapan,00:00-04:59,2026
DUREN SAWIT,Penipuan / Perbuatan Curang,00:00-04:59,2026
DUREN SAWIT,Penipuan / Perbuatan Curang,00:00-04:59,2026
DUREN SAWIT,Perbankan,00:00-04:59,2026
DUREN SAWIT,Percobaan Pencurian,00:00-04:59,2026
DUREN SAWIT,Percobaan Pencurian,00:00-04:59,2026
DUREN SAWIT,Tindak Pidana Dalam Perlindungan Anak,00:00-04:59,2026
TANAH ABANG,Kekerasan Dalam Rumah Tangga,05:00-07:59,2026
TANAH ABANG,Pemerasan,05:00-07:59,2026
TANAH ABANG,Pencurian Biasa,05:00-07:59,2026
TANAH ABANG,Pencurian Biasa,05:00-07:59,2026
TANAH ABANG,Pencurian Biasa,05:00-07:59,2026
TANAH ABANG,Pencurian Biasa,05:00-07:59,2026
TANAH ABANG,Pencurian Biasa,05:00-07:59,2026
TANAH ABANG,Pencurian Biasa,05:00-07:59,2026
TANAH ABANG,Pencurian Biasa,05:00-07:59,2026
TANAH ABANG,Pencurian Biasa,05:00-07:59,2026
TANAH ABANG,Pencurian Biasa,05:00-07:59,2026
TANAH ABANG,Pencurian Biasa,05:00-07:59,2026
TANAH ABANG,Pencurian Dengan Kekerasan ( Curas ),05:00-07:59,2026
TANAH ABANG,Pencurian Dengan Pemberatan ( Curat ),05:00-07:59,2026
TANAH ABANG,Penganiayaan,05:00-07:59,2026
TANAH ABANG,Penganiayaan,05:00-07:59,2026
TANAH ABANG,Kejahatan Tentang Jaminan Fidusia,08:00-11:59,2026
TANAH ABANG,Kejahatan Terkait Senjata Tajam ( Sajam ) ( Premanisme ),08:00-11:59,2026
TANAH ABANG,Kekerasan Dalam Rumah Tangga,08:00-11:59,2026
TANAH ABANG,Kekerasan Dalam Rumah Tangga,08:00-11:59,2026
TANAH ABANG,Kekerasan Dalam Rumah Tangga,08:00-11:59,2026
TANAH ABANG,Manipulasi data autentik secara elektronik (ITE),08:00-11:59,2026
TANAH ABANG,Manipulasi data autentik secara elektronik (ITE),08:00-11:59,2026
TANAH ABANG,Manipulasi data autentik secara elektronik (ITE),08:00-11:59,2026
TANAH ABANG,Manipulasi data autentik secara elektronik (ITE),08:00-11:59,2026
TANAH ABANG,Manipulasi data autentik secara elektronik (ITE),08:00-11:59,2026
TANAH ABANG,Manipulasi data autentik secara elektronik (ITE),08:00-11:59,2026
TANAH ABANG,Manipulasi data autentik secara elektronik (ITE),08:00-11:59,2026
TANAH ABANG,Manipulasi data autentik secara elektronik (ITE),08:00-11:59,2026
TANAH ABANG,Manipulasi data autentik secara elektronik (ITE),08:00-11:59,2026
TANAH ABANG,Manipulasi data autentik secara elektronik (ITE),08:00-11:59,2026
TANAH ABANG,Manipulasi data autentik secara elektronik (ITE),08:00-11:59,2026
TANAH ABANG,Manipulasi data autentik secara elektronik (ITE),08:00-11:59,2026
TANAH ABANG,Manipulasi data autentik secara elektronik (ITE),08:00-11:59,2026
TANAH ABANG,Manipulasi data autentik secara elektronik (ITE),08:00-11:59,2026
TANAH ABANG,Pemerasan Dan Pengancaman,08:00-11:59,2026
TANAH ABANG,Pemerasan Dan Pengancaman,08:00-11:59,2026
TANAH ABANG,Pencemaran Nama Baik,08:00-11:59,2026
TANAH ABANG,Pencemaran Nama Baik,08:00-11:59,2026
TANAH ABANG,Pencemaran Nama Baik,08:00-11:59,2026
TANAH ABANG,Pencemaran Nama Baik,08:00-11:59,2026
TANAH ABANG,Pencurian Biasa,08:00-11:59,2026
TANAH ABANG,Pencurian Biasa,08:00-11:59,2026
TANAH ABANG,Pencurian Biasa,08:00-11:59,2026
TANAH ABANG,Pencurian Biasa,08:00-11:59,2026
TANAH ABANG,Pencurian Biasa,08:00-11:59,2026
TANAH ABANG,Pencurian Biasa,08:00-11:59,2026
TANAH ABANG,Pencurian Biasa,08:00-11:59,2026
TANAH ABANG,Pencurian Biasa,08:00-11:59,2026
TANAH ABANG,Pencurian Biasa,08:00-11:59,2026
TANAH ABANG,Pencurian Biasa,08:00-11:59,2026
TANAH ABANG,Pencurian Biasa,08:00-11:59,2026
TANAH ABANG,Pencurian Biasa,08:00-11:59,2026
TANAH ABANG,Pencurian Biasa,08:00-11:59,2026
TANAH ABANG,Pencurian Biasa,08:00-11:59,2026
TANAH ABANG,Pencurian Biasa,08:00-11:59,2026
TANAH ABANG,Pencurian Biasa,08:00-11:59,2026
TANAH ABANG,Pencurian Biasa,08:00-11:59,2026
TANAH ABANG,Pencurian Biasa,08:00-11:59,2026
TANAH ABANG,Pencurian Biasa,08:00-11:59,2026
TANAH ABANG,Pencurian Biasa,08:00-11:59,2026
TANAH ABANG,Pencurian Biasa,08:00-11:59,2026
TANAH ABANG,Pencurian Biasa,08:00-11:59,2026
TANAH ABANG,Pencurian Dengan Pemberatan ( Curat ),08:00-11:59,2026
TANAH ABANG,Pencurian Dengan Pemberatan ( Curat ),08:00-11:59,2026
TANAH ABANG,Pencurian Dengan Pemberatan ( Curat ),08:00-11:59,2026
TANAH ABANG,Pencurian Dengan Pemberatan ( Curat ),08:00-11:59,2026
TANAH ABANG,Pencurian Dengan Pemberatan ( Curat ),08:00-11:59,2026
TANAH ABANG,Pengancaman,08:00-11:59,2026
TANAH ABANG,Penganiayaan,08:00-11:59,2026
TANAH ABANG,Penganiayaan Berat ( Anirat ),08:00-11:59,2026
TANAH ABANG,Penggelapan,08:00-11:59,2026
TANAH ABANG,Penggelapan,08:00-11:59,2026
TANAH ABANG,Penggelapan,08:00-11:59,2026
TANAH ABANG,Penggelapan,08:00-11:59,2026
TANAH ABANG,Penggelapan,08:00-11:59,2026
TANAH ABANG,Penggelapan,08:00-11:59,2026
TANAH ABANG,Penipuan / Perbuatan Curang,08:00-11:59,2026
TANAH ABANG,Penipuan / Perbuatan Curang,08:00-11:59,2026
TANAH ABANG,Penipuan / Perbuatan Curang,08:00-11:59,2026
TANAH ABANG,Penipuan / Perbuatan Curang,08:00-11:59,2026
TANAH ABANG,Penipuan / Perbuatan Curang,08:00-11:59,2026
TANAH ABANG,Penipuan / Perbuatan Curang,08:00-11:59,2026
TANAH ABANG,Penipuan / Perbuatan Curang,08:00-11:59,2026
TANAH ABANG,Penipuan / Perbuatan Curang,08:00-11:59,2026
TANAH ABANG,Penyerobotan Tanah,08:00-11:59,2026
TANAH ABANG,Perbankan,08:00-11:59,2026
TANAH ABANG,Sengaja Menimbulkan Kebakaran/banjir (pembakaran),08:00-11:59,2026
TANAH ABANG,Terhadap ketertiban umum,08:00-11:59,2026
TANAH ABANG,Kekerasan Dalam Rumah Tangga,12:00-14:59,2026
TANAH ABANG,Kekerasan Dalam Rumah Tangga,12:00-14:59,2026
TANAH ABANG,Kekerasan Dalam Rumah Tangga,12:00-14:59,2026
TANAH ABANG,Kekerasan Dalam Rumah Tangga,12:00-14:59,2026
TANAH ABANG,Manipulasi data autentik secara elektronik (ITE),12:00-14:59,2026
TANAH ABANG,Manipulasi data autentik secara elektronik (ITE),12:00-14:59,2026
TANAH ABANG,Manipulasi data autentik secara elektronik (ITE),12:00-14:59,2026
TANAH ABANG,Manipulasi data autentik secara elektronik (ITE),12:00-14:59,2026
TANAH ABANG,Manipulasi data autentik secara elektronik (ITE),12:00-14:59,2026
TANAH ABANG,Manipulasi data autentik secara elektronik (ITE),12:00-14:59,2026
TANAH ABANG,Manipulasi data autentik secara elektronik (ITE),12:00-14:59,2026
TANAH ABANG,Manipulasi data autentik secara elektronik (ITE),12:00-14:59,2026
TANAH ABANG,Manipulasi data autentik secara elektronik (ITE),12:00-14:59,2026
TANAH ABANG,Manipulasi data autentik secara elektronik (ITE),12:00-14:59,2026
TANAH ABANG,Manipulasi data autentik secara elektronik (ITE),12:00-14:59,2026
TANAH ABANG,Manipulasi data autentik secara elektronik (ITE),12:00-14:59,2026
TANAH ABANG,Pemalsuan Surat Otentik,12:00-14:59,2026
TANAH ABANG,Pemalsuan Surat Otentik,12:00-14:59,2026
TANAH ABANG,Pemalsuan Surat Otentik,12:00-14:59,2026
TANAH ABANG,Pemalsuan Surat Otentik,12:00-14:59,2026
TANAH ABANG,Pencurian Biasa,12:00-14:59,2026
TANAH ABANG,Pencurian Biasa,12:00-14:59,2026
TANAH ABANG,Pencurian Biasa,12:00-14:59,2026
TANAH ABANG,Pencurian Biasa,12:00-14:59,2026
TANAH ABANG,Pencurian Biasa,12:00-14:59,2026
TANAH ABANG,Pencurian Biasa,12:00-14:59,2026
TANAH ABANG,Pencurian Biasa,12:00-14:59,2026
TANAH ABANG,Pencurian Biasa,12:00-14:59,2026
TANAH ABANG,Pencurian Biasa,12:00-14:59,2026
TANAH ABANG,Pencurian Biasa,12:00-14:59,2026
TANAH ABANG,Pencurian Biasa,12:00-14:59,2026
TANAH ABANG,Pencurian Biasa,12:00-14:59,2026
TANAH ABANG,Pencurian Biasa,12:00-14:59,2026
TANAH ABANG,Pencurian Biasa,12:00-14:59,2026
TANAH ABANG,Pencurian Biasa,12:00-14:59,2026
TANAH ABANG,Pencurian Biasa,12:00-14:59,2026
TANAH ABANG,Pencurian Biasa,12:00-14:59,2026
TANAH ABANG,Pencurian Biasa,12:00-14:59,2026
TANAH ABANG,Pencurian Biasa,12:00-14:59,2026
TANAH ABANG,Pencurian Dengan Kekerasan ( Curas ),12:00-14:59,2026
TANAH ABANG,Pencurian Dengan Pemberatan ( Curat ),12:00-14:59,2026
TANAH ABANG,Pencurian Dengan Pemberatan ( Curat ),12:00-14:59,2026
TANAH ABANG,Pencurian Ringan,12:00-14:59,2026
TANAH ABANG,Pengancaman,12:00-14:59,2026
TANAH ABANG,Penganiayaan,12:00-14:59,2026
TANAH ABANG,Penganiayaan,12:00-14:59,2026
TANAH ABANG,Penganiayaan,12:00-14:59,2026
TANAH ABANG,Penganiayaan,12:00-14:59,2026
TANAH ABANG,Penganiayaan,12:00-14:59,2026
TANAH ABANG,Penganiayaan,12:00-14:59,2026
TANAH ABANG,Penganiayaan,12:00-14:59,2026
TANAH ABANG,Penganiayaan,12:00-14:59,2026
TANAH ABANG,Penganiayaan,12:00-14:59,2026
TANAH ABANG,Penganiayaan,12:00-14:59,2026
TANAH ABANG,Penganiayaan,12:00-14:59,2026
TANAH ABANG,Penganiayaan,12:00-14:59,2026
TANAH ABANG,Pengeroyokan,12:00-14:59,2026
TANAH ABANG,Pengeroyokan,12:00-14:59,2026
TANAH ABANG,Pengerusakan,12:00-14:59,2026
TANAH ABANG,Pengerusakan,12:00-14:59,2026
TANAH ABANG,Penggelapan,12:00-14:59,2026
TANAH ABANG,Penggelapan,12:00-14:59,2026
TANAH ABANG,Penggelapan,12:00-14:59,2026
TANAH ABANG,Penghinaan,12:00-14:59,2026
TANAH ABANG,Penipuan / Perbuatan Curang,12:00-14:59,2026
TANAH ABANG,Penipuan / Perbuatan Curang,12:00-14:59,2026
TANAH ABANG,Penipuan / Perbuatan Curang,12:00-14:59,2026
TANAH ABANG,Penipuan / Perbuatan Curang,12:00-14:59,2026
TANAH ABANG,Penipuan / Perbuatan Curang,12:00-14:59,2026
TANAH ABANG,Penipuan / Perbuatan Curang,12:00-14:59,2026
TANAH ABANG,Penipuan / Perbuatan Curang,12:00-14:59,2026
TANAH ABANG,Penipuan / Perbuatan Curang,12:00-14:59,2026
TANAH ABANG,Penipuan / Perbuatan Curang,12:00-14:59,2026
TANAH ABANG,Penipuan / Perbuatan Curang,12:00-14:59,2026
TANAH ABANG,Penipuan / Perbuatan Curang,12:00-14:59,2026
TANAH ABANG,Penipuan / Perbuatan Curang,12:00-14:59,2026
TANAH ABANG,Penipuan / Perbuatan Curang,12:00-14:59,2026
TANAH ABANG,Percobaan Pencurian,12:00-14:59,2026
TANAH ABANG,Perkosaan,12:00-14:59,2026
TANAH ABANG,Perzinahan,12:00-14:59,2026
TANAH ABANG,Curanmor R-2,15:00-17:59,2026
TANAH ABANG,Curanmor R-2,15:00-17:59,2026
TANAH ABANG,Hak Atas Kekayaan Intelektual ( HAKI ),15:00-17:59,2026
TANAH ABANG,Kejahatan Tentang Jaminan Fidusia,15:00-17:59,2026
TANAH ABANG,Kejahatan Terhadap Penguasa Umum,15:00-17:59,2026
TANAH ABANG,Kejahatan terkait Tenaga Kesehatan,15:00-17:59,2026
TANAH ABANG,Manipulasi data autentik secara elektronik (ITE),15:00-17:59,2026
TANAH ABANG,Manipulasi data autentik secara elektronik (ITE),15:00-17:59,2026
TANAH ABANG,Manipulasi data autentik secara elektronik (ITE),15:00-17:59,2026
TANAH ABANG,Manipulasi data autentik secara elektronik (ITE),15:00-17:59,2026
TANAH ABANG,Manipulasi data autentik secara elektronik (ITE),15:00-17:59,2026
TANAH ABANG,Manipulasi data autentik secara elektronik (ITE),15:00-17:59,2026
TANAH ABANG,Manipulasi data autentik secara elektronik (ITE),15:00-17:59,2026
TANAH ABANG,Manipulasi data autentik secara elektronik (ITE),15:00-17:59,2026
TANAH ABANG,Manipulasi data autentik secara elektronik (ITE),15:00-17:59,2026
TANAH ABANG,Manipulasi data autentik secara elektronik (ITE),15:00-17:59,2026
TANAH ABANG,Manipulasi data autentik secara elektronik (ITE),15:00-17:59,2026
TANAH ABANG,Manipulasi data autentik secara elektronik (ITE),15:00-17:59,2026
TANAH ABANG,Manipulasi data autentik secara elektronik (ITE),15:00-17:59,2026
TANAH ABANG,Manipulasi data autentik secara elektronik (ITE),15:00-17:59,2026
TANAH ABANG,Melawan Petugas yang Sedang Bertugas,15:00-17:59,2026
TANAH ABANG,Menjual atau mengedarkan obat keras / bebas terbatas tanpa ijin,15:00-17:59,2026
TANAH ABANG,Menjual atau mengedarkan obat keras / bebas terbatas tanpa ijin,15:00-17:59,2026
TANAH ABANG,Narkotika ( Narkoba ),15:00-17:59,2026
TANAH ABANG,Narkotika ( Narkoba ),15:00-17:59,2026
TANAH ABANG,Narkotika ( Narkoba ),15:00-17:59,2026
TANAH ABANG,Narkotika ( Narkoba ),15:00-17:59,2026
TANAH ABANG,Narkotika ( Narkoba ),15:00-17:59,2026
TANAH ABANG,Narkotika ( Narkoba ),15:00-17:59,2026
TANAH ABANG,Pencemaran Nama Baik,15:00-17:59,2026
TANAH ABANG,Pencemaran Nama Baik,15:00-17:59,2026
TANAH ABANG,Pencemaran Nama Baik,15:00-17:59,2026
TANAH ABANG,Pencemaran Nama Baik,15:00-17:59,2026
TANAH ABANG,Pencurian Biasa,15:00-17:59,2026
TANAH ABANG,Pencurian Biasa,15:00-17:59,2026
TANAH ABANG,Pencurian Biasa,15:00-17:59,2026
TANAH ABANG,Pencurian Biasa,15:00-17:59,2026
TANAH ABANG,Pencurian Biasa,15:00-17:59,2026
TANAH ABANG,Pencurian Biasa,15:00-17:59,2026
TANAH ABANG,Pencurian Biasa,15:00-17:59,2026
TANAH ABANG,Pencurian Biasa,15:00-17:59,2026
TANAH ABANG,Pencurian Biasa,15:00-17:59,2026
TANAH ABANG,Pencurian Biasa,15:00-17:59,2026
TANAH ABANG,Pencurian Biasa,15:00-17:59,2026
TANAH ABANG,Pencurian Biasa,15:00-17:59,2026
TANAH ABANG,Pencurian Biasa,15:00-17:59,2026
TANAH ABANG,Pencurian Biasa,15:00-17:59,2026
TANAH ABANG,Pencurian Biasa,15:00-17:59,2026
TANAH ABANG,Pencurian Biasa,15:00-17:59,2026
TANAH ABANG,Pencurian Biasa,15:00-17:59,2026
TANAH ABANG,Pencurian Biasa,15:00-17:59,2026
TANAH ABANG,Pencurian Biasa,15:00-17:59,2026
TANAH ABANG,Pencurian Dengan Pemberatan ( Curat ),15:00-17:59,2026
TANAH ABANG,Pencurian Dengan Pemberatan ( Curat ),15:00-17:59,2026
TANAH ABANG,Pencurian Dengan Pemberatan ( Curat ),15:00-17:59,2026
TANAH ABANG,Pencurian Dengan Pemberatan ( Curat ),15:00-17:59,2026
TANAH ABANG,Penganiayaan,15:00-17:59,2026
TANAH ABANG,Penganiayaan,15:00-17:59,2026
TANAH ABANG,Penganiayaan,15:00-17:59,2026
TANAH ABANG,Penganiayaan,15:00-17:59,2026
TANAH ABANG,Pengeroyokan,15:00-17:59,2026
TANAH ABANG,Pengeroyokan,15:00-17:59,2026
TANAH ABANG,Pengerusakan,15:00-17:59,2026
TANAH ABANG,Penggelapan,15:00-17:59,2026
TANAH ABANG,Penggelapan,15:00-17:59,2026
TANAH ABANG,Penggelapan,15:00-17:59,2026
TANAH ABANG,Penggelapan,15:00-17:59,2026
TANAH ABANG,Penggelapan,15:00-17:59,2026
TANAH ABANG,Penggelapan,15:00-17:59,2026
TANAH ABANG,Penipuan / Perbuatan Curang,15:00-17:59,2026
TANAH ABANG,Penipuan / Perbuatan Curang,15:00-17:59,2026
TANAH ABANG,Penipuan / Perbuatan Curang,15:00-17:59,2026
TANAH ABANG,Penipuan / Perbuatan Curang,15:00-17:59,2026
TANAH ABANG,Penipuan / Perbuatan Curang,15:00-17:59,2026
TANAH ABANG,Penipuan / Perbuatan Curang,15:00-17:59,2026
TANAH ABANG,Penipuan / Perbuatan Curang,15:00-17:59,2026
TANAH ABANG,Penipuan / Perbuatan Curang,15:00-17:59,2026
TANAH ABANG,Penipuan / Perbuatan Curang,15:00-17:59,2026
TANAH ABANG,Penipuan / Perbuatan Curang,15:00-17:59,2026
TANAH ABANG,Penipuan / Perbuatan Curang,15:00-17:59,2026
TANAH ABANG,Penipuan / Perbuatan Curang,15:00-17:59,2026
TANAH ABANG,Penipuan / Perbuatan Curang,15:00-17:59,2026
TANAH ABANG,Penipuan / Perbuatan Curang,15:00-17:59,2026
TANAH ABANG,Penipuan / Perbuatan Curang,15:00-17:59,2026
TANAH ABANG,Penipuan / Perbuatan Curang,15:00-17:59,2026
TANAH ABANG,Perdagangan Manusia / Trafficking In Person / Tppo (dalam Negeri),15:00-17:59,2026
TANAH ABANG,Perzinahan,15:00-17:59,2026
TANAH ABANG,Perzinahan,15:00-17:59,2026
TANAH ABANG,Tindak Pidana Pencucian Uang ( TPPU / Money Laundering),15:00-17:59,2026
TANAH ABANG,Cabul,18:00-21:59,2026
TANAH ABANG,Kejahatan Tentang Jaminan Fidusia,18:00-21:59,2026
TANAH ABANG,Kejahatan Tentang Jaminan Fidusia,18:00-21:59,2026
TANAH ABANG,Kejahatan Tentang Jaminan Fidusia,18:00-21:59,2026
TANAH ABANG,Kejahatan Tentang Pornografi,18:00-21:59,2026
TANAH ABANG,Kejahatan Tentang Tenaga Kerja,18:00-21:59,2026
TANAH ABANG,Kejahatan terkait Tenaga Kesehatan,18:00-21:59,2026
TANAH ABANG,Kejahatan terkait Tenaga Kesehatan,18:00-21:59,2026
TANAH ABANG,Kejahatan terkait Tenaga Kesehatan,18:00-21:59,2026
TANAH ABANG,Kekerasan Dalam Rumah Tangga,18:00-21:59,2026
TANAH ABANG,Manipulasi data autentik secara elektronik (ITE),18:00-21:59,2026
TANAH ABANG,Manipulasi data autentik secara elektronik (ITE),18:00-21:59,2026
TANAH ABANG,Manipulasi data autentik secara elektronik (ITE),18:00-21:59,2026
TANAH ABANG,Manipulasi data autentik secara elektronik (ITE),18:00-21:59,2026
TANAH ABANG,Manipulasi data autentik secara elektronik (ITE),18:00-21:59,2026
TANAH ABANG,Manipulasi data autentik secara elektronik (ITE),18:00-21:59,2026
TANAH ABANG,Memasuki Pekarangan Tanpa Ijin,18:00-21:59,2026
TANAH ABANG,Menjual atau mengedarkan obat keras / bebas terbatas tanpa ijin,18:00-21:59,2026
TANAH ABANG,Menjual atau mengedarkan obat keras / bebas terbatas tanpa ijin,18:00-21:59,2026
TANAH ABANG,Menjual atau mengedarkan obat keras / bebas terbatas tanpa ijin,18:00-21:59,2026
TANAH ABANG,Narkotika ( Narkoba ),18:00-21:59,2026
TANAH ABANG,Narkotika ( Narkoba ),18:00-21:59,2026
TANAH ABANG,Narkotika ( Narkoba ),18:00-21:59,2026
TANAH ABANG,Narkotika ( Narkoba ),18:00-21:59,2026
TANAH ABANG,Narkotika ( Narkoba ),18:00-21:59,2026
TANAH ABANG,Narkotika ( Narkoba ),18:00-21:59,2026
TANAH ABANG,Narkotika ( Narkoba ),18:00-21:59,2026
TANAH ABANG,Narkotika ( Narkoba ),18:00-21:59,2026
TANAH ABANG,Narkotika ( Narkoba ),18:00-21:59,2026
TANAH ABANG,Narkotika ( Narkoba ),18:00-21:59,2026
TANAH ABANG,Pencurian Biasa,18:00-21:59,2026
TANAH ABANG,Pencurian Biasa,18:00-21:59,2026
TANAH ABANG,Pencurian Biasa,18:00-21:59,2026
TANAH ABANG,Pencurian Biasa,18:00-21:59,2026
TANAH ABANG,Pencurian Biasa,18:00-21:59,2026
TANAH ABANG,Pencurian Biasa,18:00-21:59,2026
TANAH ABANG,Pencurian Biasa,18:00-21:59,2026
TANAH ABANG,Pencurian Biasa,18:00-21:59,2026
TANAH ABANG,Pencurian Biasa,18:00-21:59,2026
TANAH ABANG,Pencurian Biasa,18:00-21:59,2026
TANAH ABANG,Pencurian Biasa,18:00-21:59,2026
TANAH ABANG,Pencurian Biasa,18:00-21:59,2026
TANAH ABANG,Pencurian Biasa,18:00-21:59,2026
TANAH ABANG,Pencurian Biasa,18:00-21:59,2026
TANAH ABANG,Pencurian Dengan Pemberatan ( Curat ),18:00-21:59,2026
TANAH ABANG,Pencurian Dengan Pemberatan ( Curat ),18:00-21:59,2026
TANAH ABANG,Pencurian Dengan Pemberatan ( Curat ),18:00-21:59,2026
TANAH ABANG,Pencurian Dengan Pemberatan ( Curat ),18:00-21:59,2026
TANAH ABANG,Pencurian Dengan Pemberatan ( Curat ),18:00-21:59,2026
TANAH ABANG,Pencurian Dengan Pemberatan ( Curat ),18:00-21:59,2026
TANAH ABANG,Pencurian Dengan Pemberatan ( Curat ),18:00-21:59,2026
TANAH ABANG,Pencurian Dengan Pemberatan ( Curat ),18:00-21:59,2026
TANAH ABANG,Pencurian Dengan Pemberatan ( Curat ),18:00-21:59,2026
TANAH ABANG,Pengancaman,18:00-21:59,2026
TANAH ABANG,Penganiayaan,18:00-21:59,2026
TANAH ABANG,Penganiayaan,18:00-21:59,2026
TANAH ABANG,Penganiayaan,18:00-21:59,2026
TANAH ABANG,Penganiayaan,18:00-21:59,2026
TANAH ABANG,Penganiayaan Berat ( Anirat ),18:00-21:59,2026
TANAH ABANG,Penganiayaan Berat ( Anirat ),18:00-21:59,2026
TANAH ABANG,Pengeroyokan,18:00-21:59,2026
TANAH ABANG,Pengerusakan,18:00-21:59,2026
TANAH ABANG,Penggelapan,18:00-21:59,2026
TANAH ABANG,Penggelapan,18:00-21:59,2026
TANAH ABANG,Penggelapan,18:00-21:59,2026
TANAH ABANG,Penggelapan,18:00-21:59,2026
TANAH ABANG,Penggelapan,18:00-21:59,2026
TANAH ABANG,Penggelapan,18:00-21:59,2026
TANAH ABANG,Penggelapan,18:00-21:59,2026
TANAH ABANG,Penghinaan,18:00-21:59,2026
TANAH ABANG,Penipuan / Perbuatan Curang,18:00-21:59,2026
TANAH ABANG,Penipuan / Perbuatan Curang,18:00-21:59,2026
TANAH ABANG,Penipuan / Perbuatan Curang,18:00-21:59,2026
TANAH ABANG,Penipuan / Perbuatan Curang,18:00-21:59,2026
TANAH ABANG,Penipuan / Perbuatan Curang,18:00-21:59,2026
TANAH ABANG,Penipuan / Perbuatan Curang,18:00-21:59,2026
TANAH ABANG,Penipuan / Perbuatan Curang,18:00-21:59,2026
TANAH ABANG,Penipuan / Perbuatan Curang,18:00-21:59,2026
TANAH ABANG,Penipuan / Perbuatan Curang,18:00-21:59,2026
TANAH ABANG,Penipuan / Perbuatan Curang,18:00-21:59,2026
TANAH ABANG,Penipuan / Perbuatan Curang,18:00-21:59,2026
TANAH ABANG,Penyebaran Berita Bohong ( Hoax ),18:00-21:59,2026
TANAH ABANG,Perkosaan,18:00-21:59,2026
TANAH ABANG,Persetubuhan Terhadap Anak / Cabul Terhadap Anak,18:00-21:59,2026
TANAH ABANG,Perzinahan,18:00-21:59,2026
TANAH ABANG,Perzinahan,18:00-21:59,2026
TANAH ABANG,Sumpah Palsu Dan Keterangan Palsu,18:00-21:59,2026
TANAH ABANG,Tindak Pidana Dalam Perlindungan Anak,18:00-21:59,2026
TANAH ABANG,Tindak Pidana Dalam Perlindungan Anak,18:00-21:59,2026
TANAH ABANG,Tindak Pidana Dalam Perlindungan Anak,18:00-21:59,2026
TANAH ABANG,Kejahatan Terkait Perlindungan Data Pribadi,22:00-23:59,2026
TANAH ABANG,Kejahatan terkait Tenaga Kesehatan,22:00-23:59,2026
TANAH ABANG,Kejahatan terkait Tenaga Kesehatan,22:00-23:59,2026
TANAH ABANG,Kejahatan terkait Tenaga Kesehatan,22:00-23:59,2026
TANAH ABANG,Kejahatan terkait Tenaga Kesehatan,22:00-23:59,2026
TANAH ABANG,Kekerasan Dalam Rumah Tangga,22:00-23:59,2026
TANAH ABANG,Kekerasan Dalam Rumah Tangga,22:00-23:59,2026
TANAH ABANG,Kekerasan Seksual (KDRT),22:00-23:59,2026
TANAH ABANG,Manipulasi data autentik secara elektronik (ITE),22:00-23:59,2026
TANAH ABANG,Menjual atau mengedarkan obat keras / bebas terbatas tanpa ijin,22:00-23:59,2026
TANAH ABANG,Menjual atau mengedarkan obat keras / bebas terbatas tanpa ijin,22:00-23:59,2026
TANAH ABANG,Menjual atau mengedarkan obat keras / bebas terbatas tanpa ijin,22:00-23:59,2026
TANAH ABANG,Narkotika ( Narkoba ),22:00-23:59,2026
TANAH ABANG,Narkotika ( Narkoba ),22:00-23:59,2026
TANAH ABANG,Narkotika ( Narkoba ),22:00-23:59,2026
TANAH ABANG,Narkotika ( Narkoba ),22:00-23:59,2026
TANAH ABANG,Narkotika ( Narkoba ),22:00-23:59,2026
TANAH ABANG,Narkotika ( Narkoba ),22:00-23:59,2026
TANAH ABANG,Narkotika ( Narkoba ),22:00-23:59,2026
TANAH ABANG,Narkotika ( Narkoba ),22:00-23:59,2026
TANAH ABANG,Pemerasan Dan Pengancaman,22:00-23:59,2026
TANAH ABANG,Pencemaran Nama Baik,22:00-23:59,2026
TANAH ABANG,Pencurian Biasa,22:00-23:59,2026
TANAH ABANG,Pencurian Biasa,22:00-23:59,2026
TANAH ABANG,Pencurian Biasa,22:00-23:59,2026
TANAH ABANG,Pencurian Biasa,22:00-23:59,2026
TANAH ABANG,Pencurian Biasa,22:00-23:59,2026
TANAH ABANG,Pencurian Biasa,22:00-23:59,2026
TANAH ABANG,Pencurian Dengan Pemberatan ( Curat ),22:00-23:59,2026
TANAH ABANG,Pencurian Dengan Pemberatan ( Curat ),22:00-23:59,2026
TANAH ABANG,Pencurian Dengan Pemberatan ( Curat ),22:00-23:59,2026
TANAH ABANG,Penganiayaan,22:00-23:59,2026
TANAH ABANG,Penganiayaan,22:00-23:59,2026
TANAH ABANG,Pengeroyokan,22:00-23:59,2026
TANAH ABANG,Pengeroyokan,22:00-23:59,2026
TANAH ABANG,Pengeroyokan,22:00-23:59,2026
TANAH ABANG,Pengeroyokan,22:00-23:59,2026
TANAH ABANG,Penggelapan,22:00-23:59,2026
TANAH ABANG,Penggelapan,22:00-23:59,2026
TANAH ABANG,Penggelapan,22:00-23:59,2026
TANAH ABANG,Penipuan / Perbuatan Curang,22:00-23:59,2026
TANAH ABANG,Penipuan / Perbuatan Curang,22:00-23:59,2026
TANAH ABANG,Penipuan / Perbuatan Curang,22:00-23:59,2026
TANAH ABANG,Penipuan / Perbuatan Curang,22:00-23:59,2026
TANAH ABANG,Perkosaan,22:00-23:59,2026
TANAH ABANG,Perzinahan,22:00-23:59,2026
TANAH ABANG,Tindak Pidana Dalam Perlindungan Anak,22:00-23:59,2026
TANAH ABANG,Kejahatan Terkait Senjata Tajam ( Sajam ) ( Premanisme ),00:00-04:59,2026
TANAH ABANG,Kejahatan Terkait Senjata Tajam ( Sajam ) ( Premanisme ),00:00-04:59,2026
TANAH ABANG,Kekerasan Dalam Rumah Tangga,00:00-04:59,2026
TANAH ABANG,Manipulasi data autentik secara elektronik (ITE),00:00-04:59,2026
TANAH ABANG,Manipulasi data autentik secara elektronik (ITE),00:00-04:59,2026
TANAH ABANG,Menjual atau mengedarkan obat keras / bebas terbatas tanpa ijin,00:00-04:59,2026
TANAH ABANG,Menjual atau mengedarkan obat keras / bebas terbatas tanpa ijin,00:00-04:59,2026
TANAH ABANG,Narkotika ( Narkoba ),00:00-04:59,2026
TANAH ABANG,Narkotika ( Narkoba ),00:00-04:59,2026
TANAH ABANG,Narkotika ( Narkoba ),00:00-04:59,2026
TANAH ABANG,Pemalsuan Mata Uang Dan Uang Kertas,00:00-04:59,2026
TANAH ABANG,Pemerasan Dan Pengancaman,00:00-04:59,2026
TANAH ABANG,Pencurian Biasa,00:00-04:59,2026
TANAH ABANG,Pencurian Biasa,00:00-04:59,2026
TANAH ABANG,Pencurian Biasa,00:00-04:59,2026
TANAH ABANG,Pencurian Biasa,00:00-04:59,2026
TANAH ABANG,Pencurian Biasa,00:00-04:59,2026
TANAH ABANG,Pencurian Biasa,00:00-04:59,2026
TANAH ABANG,Pencurian Biasa,00:00-04:59,2026
TANAH ABANG,Pencurian Biasa,00:00-04:59,2026
TANAH ABANG,Pencurian Dengan Kekerasan ( Curas ),00:00-04:59,2026
TANAH ABANG,Pencurian Dengan Pemberatan ( Curat ),00:00-04:59,2026
TANAH ABANG,Pencurian Dengan Pemberatan ( Curat ),00:00-04:59,2026
TANAH ABANG,Pengancaman,00:00-04:59,2026
TANAH ABANG,Pengancaman,00:00-04:59,2026
TANAH ABANG,Penganiayaan,00:00-04:59,2026
TANAH ABANG,Penganiayaan,00:00-04:59,2026
TANAH ABANG,Penganiayaan,00:00-04:59,2026
TANAH ABANG,Penganiayaan,00:00-04:59,2026
TANAH ABANG,Penganiayaan,00:00-04:59,2026
TANAH ABANG,Penganiayaan,00:00-04:59,2026
TANAH ABANG,Penganiayaan,00:00-04:59,2026
TANAH ABANG,Pengeroyokan,00:00-04:59,2026
TANAH ABANG,Pengeroyokan,00:00-04:59,2026
TANAH ABANG,Penggelapan,00:00-04:59,2026
TANAH ABANG,Penghinaan,00:00-04:59,2026
TANAH ABANG,Penipuan / Perbuatan Curang,00:00-04:59,2026
TANAH ABANG,Penyekapan,00:00-04:59,2026
TANAH ABANG,Perbuatan Yang Tidak Menyenangkan,00:00-04:59,2026
TANAH ABANG,Sengaja Menimbulkan Kebakaran/banjir (pembakaran),00:00-04:59,2026
TANAH ABANG,Tindak Pidana Dalam Perlindungan Anak,00:00-04:59,2026
GROGOL PETAMBURAN,Pemerasan,05:00-07:59,2026
GROGOL PETAMBURAN,Pencurian Biasa,05:00-07:59,2026
GROGOL PETAMBURAN,Pencurian Dengan Kekerasan ( Curas ),05:00-07:59,2026
GROGOL PETAMBURAN,Pencurian Dengan Pemberatan ( Curat ),05:00-07:59,2026
GROGOL PETAMBURAN,Pencurian Dengan Pemberatan ( Curat ),05:00-07:59,2026
GROGOL PETAMBURAN,Pencurian Dengan Pemberatan ( Curat ),05:00-07:59,2026
GROGOL PETAMBURAN,Pencurian Dengan Pemberatan ( Curat ),05:00-07:59,2026
GROGOL PETAMBURAN,Pencurian Dengan Pemberatan ( Curat ),05:00-07:59,2026
GROGOL PETAMBURAN,Pencurian Dengan Pemberatan ( Curat ),05:00-07:59,2026
GROGOL PETAMBURAN,Pencurian Dengan Pemberatan ( Curat ),05:00-07:59,2026
GROGOL PETAMBURAN,Pengancaman,05:00-07:59,2026
GROGOL PETAMBURAN,Penganiayaan,05:00-07:59,2026
GROGOL PETAMBURAN,Penggelapan,05:00-07:59,2026
GROGOL PETAMBURAN,Penipuan / Perbuatan Curang,05:00-07:59,2026
GROGOL PETAMBURAN,Penipuan / Perbuatan Curang,05:00-07:59,2026
GROGOL PETAMBURAN,Perkosaan,05:00-07:59,2026
GROGOL PETAMBURAN,Cabul,08:00-11:59,2026
GROGOL PETAMBURAN,Kejahatan Terkait Perlindungan Data Pribadi,08:00-11:59,2026
GROGOL PETAMBURAN,Kekerasan Dalam Rumah Tangga,08:00-11:59,2026
GROGOL PETAMBURAN,Kekerasan Dalam Rumah Tangga,08:00-11:59,2026
GROGOL PETAMBURAN,Kekerasan Seksual (KDRT),08:00-11:59,2026
GROGOL PETAMBURAN,Manipulasi data autentik secara elektronik (ITE),08:00-11:59,2026
GROGOL PETAMBURAN,Manipulasi data autentik secara elektronik (ITE),08:00-11:59,2026
GROGOL PETAMBURAN,Manipulasi data autentik secara elektronik (ITE),08:00-11:59,2026
GROGOL PETAMBURAN,Manipulasi data autentik secara elektronik (ITE),08:00-11:59,2026
GROGOL PETAMBURAN,Manipulasi data autentik secara elektronik (ITE),08:00-11:59,2026
GROGOL PETAMBURAN,Manipulasi data autentik secara elektronik (ITE),08:00-11:59,2026
GROGOL PETAMBURAN,Menjual atau mengedarkan obat keras / bebas terbatas tanpa ijin,08:00-11:59,2026
GROGOL PETAMBURAN,Narkotika ( Narkoba ),08:00-11:59,2026
GROGOL PETAMBURAN,Narkotika ( Narkoba ),08:00-11:59,2026
GROGOL PETAMBURAN,Pemalsuan Surat Otentik,08:00-11:59,2026
GROGOL PETAMBURAN,Pemalsuan Surat Otentik,08:00-11:59,2026
GROGOL PETAMBURAN,Pemalsuan Surat Otentik,08:00-11:59,2026
GROGOL PETAMBURAN,Pemerasan,08:00-11:59,2026
GROGOL PETAMBURAN,Pencemaran Nama Baik,08:00-11:59,2026
GROGOL PETAMBURAN,Pencemaran Nama Baik,08:00-11:59,2026
GROGOL PETAMBURAN,Pencurian Biasa,08:00-11:59,2026
GROGOL PETAMBURAN,Pencurian Biasa,08:00-11:59,2026
GROGOL PETAMBURAN,Pencurian Biasa,08:00-11:59,2026
GROGOL PETAMBURAN,Pencurian Biasa,08:00-11:59,2026
GROGOL PETAMBURAN,Pencurian Biasa,08:00-11:59,2026
GROGOL PETAMBURAN,Pencurian Biasa,08:00-11:59,2026
GROGOL PETAMBURAN,Pencurian Biasa,08:00-11:59,2026
GROGOL PETAMBURAN,Pencurian Biasa,08:00-11:59,2026
GROGOL PETAMBURAN,Pencurian Biasa,08:00-11:59,2026
GROGOL PETAMBURAN,Pencurian Biasa,08:00-11:59,2026
GROGOL PETAMBURAN,Pencurian Dengan Pemberatan ( Curat ),08:00-11:59,2026
GROGOL PETAMBURAN,Pencurian Dengan Pemberatan ( Curat ),08:00-11:59,2026
GROGOL PETAMBURAN,Pencurian Dengan Pemberatan ( Curat ),08:00-11:59,2026
GROGOL PETAMBURAN,Pencurian Dengan Pemberatan ( Curat ),08:00-11:59,2026
GROGOL PETAMBURAN,Pencurian Dengan Pemberatan ( Curat ),08:00-11:59,2026
GROGOL PETAMBURAN,Pencurian Dengan Pemberatan ( Curat ),08:00-11:59,2026
GROGOL PETAMBURAN,Pencurian Dengan Pemberatan ( Curat ),08:00-11:59,2026
GROGOL PETAMBURAN,Pencurian Dengan Pemberatan ( Curat ),08:00-11:59,2026
GROGOL PETAMBURAN,Pencurian Ringan,08:00-11:59,2026
GROGOL PETAMBURAN,Penganiayaan,08:00-11:59,2026
GROGOL PETAMBURAN,Penganiayaan,08:00-11:59,2026
GROGOL PETAMBURAN,Penganiayaan,08:00-11:59,2026
GROGOL PETAMBURAN,Penganiayaan,08:00-11:59,2026
GROGOL PETAMBURAN,Penganiayaan,08:00-11:59,2026
GROGOL PETAMBURAN,Pengeroyokan,08:00-11:59,2026
GROGOL PETAMBURAN,Pengerusakan,08:00-11:59,2026
GROGOL PETAMBURAN,Pengerusakan,08:00-11:59,2026
GROGOL PETAMBURAN,Pengerusakan,08:00-11:59,2026
GROGOL PETAMBURAN,Penggelapan,08:00-11:59,2026
GROGOL PETAMBURAN,Penggelapan,08:00-11:59,2026
GROGOL PETAMBURAN,Penggelapan,08:00-11:59,2026
GROGOL PETAMBURAN,Penggelapan,08:00-11:59,2026
GROGOL PETAMBURAN,Penggelapan,08:00-11:59,2026
GROGOL PETAMBURAN,Penggelapan,08:00-11:59,2026
GROGOL PETAMBURAN,Penggelapan,08:00-11:59,2026
GROGOL PETAMBURAN,Penggelapan,08:00-11:59,2026
GROGOL PETAMBURAN,Penggelapan,08:00-11:59,2026
GROGOL PETAMBURAN,Penggelapan,08:00-11:59,2026
GROGOL PETAMBURAN,Penggelapan,08:00-11:59,2026
GROGOL PETAMBURAN,Penghinaan,08:00-11:59,2026
GROGOL PETAMBURAN,Penipuan / Perbuatan Curang,08:00-11:59,2026
GROGOL PETAMBURAN,Penipuan / Perbuatan Curang,08:00-11:59,2026
GROGOL PETAMBURAN,Penipuan / Perbuatan Curang,08:00-11:59,2026
GROGOL PETAMBURAN,Penipuan / Perbuatan Curang,08:00-11:59,2026
GROGOL PETAMBURAN,Penipuan / Perbuatan Curang,08:00-11:59,2026
GROGOL PETAMBURAN,Penipuan / Perbuatan Curang,08:00-11:59,2026
GROGOL PETAMBURAN,Penipuan / Perbuatan Curang,08:00-11:59,2026
GROGOL PETAMBURAN,Penipuan / Perbuatan Curang,08:00-11:59,2026
GROGOL PETAMBURAN,Penipuan / Perbuatan Curang,08:00-11:59,2026
GROGOL PETAMBURAN,Penipuan / Perbuatan Curang,08:00-11:59,2026
GROGOL PETAMBURAN,Penipuan / Perbuatan Curang,08:00-11:59,2026
GROGOL PETAMBURAN,Penipuan / Perbuatan Curang,08:00-11:59,2026
GROGOL PETAMBURAN,Penipuan / Perbuatan Curang,08:00-11:59,2026
GROGOL PETAMBURAN,Penipuan / Perbuatan Curang,08:00-11:59,2026
GROGOL PETAMBURAN,Penipuan / Perbuatan Curang,08:00-11:59,2026
GROGOL PETAMBURAN,Penipuan / Perbuatan Curang,08:00-11:59,2026
GROGOL PETAMBURAN,Penipuan / Perbuatan Curang,08:00-11:59,2026
GROGOL PETAMBURAN,Penipuan / Perbuatan Curang,08:00-11:59,2026
GROGOL PETAMBURAN,Penipuan / Perbuatan Curang,08:00-11:59,2026
GROGOL PETAMBURAN,Penipuan / Perbuatan Curang,08:00-11:59,2026
GROGOL PETAMBURAN,Perbuatan Yang Tidak Menyenangkan,08:00-11:59,2026
GROGOL PETAMBURAN,Percobaan Pencurian,08:00-11:59,2026
GROGOL PETAMBURAN,Cabul,12:00-14:59,2026
GROGOL PETAMBURAN,Kejahatan Tentang Pornografi,12:00-14:59,2026
GROGOL PETAMBURAN,Manipulasi data autentik secara elektronik (ITE),12:00-14:59,2026
GROGOL PETAMBURAN,Manipulasi data autentik secara elektronik (ITE),12:00-14:59,2026
GROGOL PETAMBURAN,Manipulasi data autentik secara elektronik (ITE),12:00-14:59,2026
GROGOL PETAMBURAN,Manipulasi data autentik secara elektronik (ITE),12:00-14:59,2026
GROGOL PETAMBURAN,Manipulasi data autentik secara elektronik (ITE),12:00-14:59,2026
GROGOL PETAMBURAN,Manipulasi data autentik secara elektronik (ITE),12:00-14:59,2026
GROGOL PETAMBURAN,Manipulasi data autentik secara elektronik (ITE),12:00-14:59,2026
GROGOL PETAMBURAN,Manipulasi data autentik secara elektronik (ITE),12:00-14:59,2026
GROGOL PETAMBURAN,Manipulasi data autentik secara elektronik (ITE),12:00-14:59,2026
GROGOL PETAMBURAN,Manipulasi data autentik secara elektronik (ITE),12:00-14:59,2026
GROGOL PETAMBURAN,Memasuki Pekarangan Tanpa Ijin,12:00-14:59,2026
GROGOL PETAMBURAN,Memasuki Pekarangan Tanpa Ijin,12:00-14:59,2026
GROGOL PETAMBURAN,Menjual atau mengedarkan obat keras / bebas terbatas tanpa ijin,12:00-14:59,2026
GROGOL PETAMBURAN,Narkotika ( Narkoba ),12:00-14:59,2026
GROGOL PETAMBURAN,Narkotika ( Narkoba ),12:00-14:59,2026
GROGOL PETAMBURAN,Narkotika ( Narkoba ),12:00-14:59,2026
GROGOL PETAMBURAN,Narkotika ( Narkoba ),12:00-14:59,2026
GROGOL PETAMBURAN,Narkotika ( Narkoba ),12:00-14:59,2026
GROGOL PETAMBURAN,Pemalsuan Surat Otentik,12:00-14:59,2026
GROGOL PETAMBURAN,Pemerasan,12:00-14:59,2026
GROGOL PETAMBURAN,Pemerasan Dan Pengancaman,12:00-14:59,2026
GROGOL PETAMBURAN,Pencemaran Nama Baik,12:00-14:59,2026
GROGOL PETAMBURAN,Pencemaran Nama Baik,12:00-14:59,2026
GROGOL PETAMBURAN,Pencemaran Nama Baik,12:00-14:59,2026
GROGOL PETAMBURAN,Pencemaran Nama Baik,12:00-14:59,2026
GROGOL PETAMBURAN,Pencemaran Nama Baik,12:00-14:59,2026
GROGOL PETAMBURAN,Pencurian Biasa,12:00-14:59,2026
GROGOL PETAMBURAN,Pencurian Biasa,12:00-14:59,2026
GROGOL PETAMBURAN,Pencurian Biasa,12:00-14:59,2026
GROGOL PETAMBURAN,Pencurian Biasa,12:00-14:59,2026
GROGOL PETAMBURAN,Pencurian Biasa,12:00-14:59,2026
GROGOL PETAMBURAN,Pencurian Biasa,12:00-14:59,2026
GROGOL PETAMBURAN,Pencurian Biasa,12:00-14:59,2026
GROGOL PETAMBURAN,Pencurian Biasa,12:00-14:59,2026
GROGOL PETAMBURAN,Pencurian Biasa,12:00-14:59,2026
GROGOL PETAMBURAN,Pencurian Biasa,12:00-14:59,2026
GROGOL PETAMBURAN,Pencurian Biasa,12:00-14:59,2026
GROGOL PETAMBURAN,Pencurian Biasa,12:00-14:59,2026
GROGOL PETAMBURAN,Pencurian Dengan Kekerasan ( Curas ),12:00-14:59,2026
GROGOL PETAMBURAN,Pencurian Dengan Pemberatan ( Curat ),12:00-14:59,2026
GROGOL PETAMBURAN,Pencurian Dengan Pemberatan ( Curat ),12:00-14:59,2026
GROGOL PETAMBURAN,Pencurian Dengan Pemberatan ( Curat ),12:00-14:59,2026
GROGOL PETAMBURAN,Pencurian Dengan Pemberatan ( Curat ),12:00-14:59,2026
GROGOL PETAMBURAN,Pencurian Dengan Pemberatan ( Curat ),12:00-14:59,2026
GROGOL PETAMBURAN,Pencurian Dengan Pemberatan ( Curat ),12:00-14:59,2026
GROGOL PETAMBURAN,Pencurian Dengan Pemberatan ( Curat ),12:00-14:59,2026
GROGOL PETAMBURAN,Pencurian Dengan Pemberatan ( Curat ),12:00-14:59,2026
GROGOL PETAMBURAN,Pencurian Dengan Pemberatan ( Curat ),12:00-14:59,2026
GROGOL PETAMBURAN,Pencurian Dengan Pemberatan ( Curat ),12:00-14:59,2026
GROGOL PETAMBURAN,Pengancaman,12:00-14:59,2026
GROGOL PETAMBURAN,Pengancaman,12:00-14:59,2026
GROGOL PETAMBURAN,Penganiayaan,12:00-14:59,2026
GROGOL PETAMBURAN,Penggelapan,12:00-14:59,2026
GROGOL PETAMBURAN,Penggelapan,12:00-14:59,2026
GROGOL PETAMBURAN,Penggelapan,12:00-14:59,2026
GROGOL PETAMBURAN,Penggelapan,12:00-14:59,2026
GROGOL PETAMBURAN,Penggelapan,12:00-14:59,2026
GROGOL PETAMBURAN,Penggelapan,12:00-14:59,2026
GROGOL PETAMBURAN,Penggelapan,12:00-14:59,2026
GROGOL PETAMBURAN,Penggelapan,12:00-14:59,2026
GROGOL PETAMBURAN,Penipuan / Perbuatan Curang,12:00-14:59,2026
GROGOL PETAMBURAN,Penipuan / Perbuatan Curang,12:00-14:59,2026
GROGOL PETAMBURAN,Penipuan / Perbuatan Curang,12:00-14:59,2026
GROGOL PETAMBURAN,Penipuan / Perbuatan Curang,12:00-14:59,2026
GROGOL PETAMBURAN,Penipuan / Perbuatan Curang,12:00-14:59,2026
GROGOL PETAMBURAN,Penipuan / Perbuatan Curang,12:00-14:59,2026
GROGOL PETAMBURAN,Penipuan / Perbuatan Curang,12:00-14:59,2026
GROGOL PETAMBURAN,Penipuan / Perbuatan Curang,12:00-14:59,2026
GROGOL PETAMBURAN,Penipuan / Perbuatan Curang,12:00-14:59,2026
GROGOL PETAMBURAN,Penipuan / Perbuatan Curang,12:00-14:59,2026
GROGOL PETAMBURAN,Penipuan / Perbuatan Curang,12:00-14:59,2026
GROGOL PETAMBURAN,Penipuan / Perbuatan Curang,12:00-14:59,2026
GROGOL PETAMBURAN,Penipuan / Perbuatan Curang,12:00-14:59,2026
GROGOL PETAMBURAN,Penipuan / Perbuatan Curang,12:00-14:59,2026
GROGOL PETAMBURAN,Penipuan / Perbuatan Curang,12:00-14:59,2026
GROGOL PETAMBURAN,Penipuan / Perbuatan Curang,12:00-14:59,2026
GROGOL PETAMBURAN,Penipuan / Perbuatan Curang,12:00-14:59,2026
GROGOL PETAMBURAN,Penipuan / Perbuatan Curang,12:00-14:59,2026
GROGOL PETAMBURAN,Penipuan / Perbuatan Curang,12:00-14:59,2026
GROGOL PETAMBURAN,Penipuan / Perbuatan Curang,12:00-14:59,2026
GROGOL PETAMBURAN,Penipuan / Perbuatan Curang,12:00-14:59,2026
GROGOL PETAMBURAN,Penipuan / Perbuatan Curang,12:00-14:59,2026
GROGOL PETAMBURAN,Penipuan / Perbuatan Curang,12:00-14:59,2026
GROGOL PETAMBURAN,Penipuan / Perbuatan Curang,12:00-14:59,2026
GROGOL PETAMBURAN,Penipuan / Perbuatan Curang,12:00-14:59,2026
GROGOL PETAMBURAN,Penipuan / Perbuatan Curang,12:00-14:59,2026
GROGOL PETAMBURAN,Penipuan / Perbuatan Curang,12:00-14:59,2026
GROGOL PETAMBURAN,Percobaan Pencurian,12:00-14:59,2026
GROGOL PETAMBURAN,Tindak Pidana Transfer Dana,12:00-14:59,2026
GROGOL PETAMBURAN,Kejahatan Tentang Jaminan Fidusia,15:00-17:59,2026
GROGOL PETAMBURAN,Kejahatan Terkait Perlindungan Data Pribadi,15:00-17:59,2026
GROGOL PETAMBURAN,Kejahatan Terkait Perlindungan Data Pribadi,15:00-17:59,2026
GROGOL PETAMBURAN,Kekerasan Dalam Rumah Tangga,15:00-17:59,2026
GROGOL PETAMBURAN,Kekerasan Dalam Rumah Tangga,15:00-17:59,2026
GROGOL PETAMBURAN,Kekerasan Dalam Rumah Tangga,15:00-17:59,2026
GROGOL PETAMBURAN,Manipulasi data autentik secara elektronik (ITE),15:00-17:59,2026
GROGOL PETAMBURAN,Manipulasi data autentik secara elektronik (ITE),15:00-17:59,2026
GROGOL PETAMBURAN,Manipulasi data autentik secara elektronik (ITE),15:00-17:59,2026
GROGOL PETAMBURAN,Manipulasi data autentik secara elektronik (ITE),15:00-17:59,2026
GROGOL PETAMBURAN,Manipulasi data autentik secara elektronik (ITE),15:00-17:59,2026
GROGOL PETAMBURAN,Manipulasi data autentik secara elektronik (ITE),15:00-17:59,2026
GROGOL PETAMBURAN,Manipulasi data autentik secara elektronik (ITE),15:00-17:59,2026
GROGOL PETAMBURAN,Narkotika ( Narkoba ),15:00-17:59,2026
GROGOL PETAMBURAN,Narkotika ( Narkoba ),15:00-17:59,2026
GROGOL PETAMBURAN,Narkotika ( Narkoba ),15:00-17:59,2026
GROGOL PETAMBURAN,Narkotika ( Narkoba ),15:00-17:59,2026
GROGOL PETAMBURAN,Pemalsuan Surat Otentik,15:00-17:59,2026
GROGOL PETAMBURAN,Pemerasan Dan Pengancaman,15:00-17:59,2026
GROGOL PETAMBURAN,Pencemaran Nama Baik,15:00-17:59,2026
GROGOL PETAMBURAN,Pencemaran Nama Baik,15:00-17:59,2026
GROGOL PETAMBURAN,Pencemaran Nama Baik,15:00-17:59,2026
GROGOL PETAMBURAN,Pencemaran Nama Baik,15:00-17:59,2026
GROGOL PETAMBURAN,Pencemaran Nama Baik,15:00-17:59,2026
GROGOL PETAMBURAN,Pencemaran Nama Baik,15:00-17:59,2026
GROGOL PETAMBURAN,Pencurian Biasa,15:00-17:59,2026
GROGOL PETAMBURAN,Pencurian Biasa,15:00-17:59,2026
GROGOL PETAMBURAN,Pencurian Biasa,15:00-17:59,2026
GROGOL PETAMBURAN,Pencurian Biasa,15:00-17:59,2026
GROGOL PETAMBURAN,Pencurian Biasa,15:00-17:59,2026
GROGOL PETAMBURAN,Pencurian Biasa,15:00-17:59,2026
GROGOL PETAMBURAN,Pencurian Biasa,15:00-17:59,2026
GROGOL PETAMBURAN,Pencurian Biasa,15:00-17:59,2026
GROGOL PETAMBURAN,Pencurian Biasa,15:00-17:59,2026
GROGOL PETAMBURAN,Pencurian Biasa,15:00-17:59,2026
GROGOL PETAMBURAN,Pencurian Biasa,15:00-17:59,2026
GROGOL PETAMBURAN,Pencurian Biasa,15:00-17:59,2026
GROGOL PETAMBURAN,Pencurian Dengan Pemberatan ( Curat ),15:00-17:59,2026
GROGOL PETAMBURAN,Pencurian Dengan Pemberatan ( Curat ),15:00-17:59,2026
GROGOL PETAMBURAN,Pencurian Dengan Pemberatan ( Curat ),15:00-17:59,2026
GROGOL PETAMBURAN,Pencurian Dengan Pemberatan ( Curat ),15:00-17:59,2026
GROGOL PETAMBURAN,Pencurian Dengan Pemberatan ( Curat ),15:00-17:59,2026
GROGOL PETAMBURAN,Penganiayaan,15:00-17:59,2026
GROGOL PETAMBURAN,Penganiayaan,15:00-17:59,2026
GROGOL PETAMBURAN,Penganiayaan Berat ( Anirat ),15:00-17:59,2026
GROGOL PETAMBURAN,Penggelapan,15:00-17:59,2026
GROGOL PETAMBURAN,Penggelapan,15:00-17:59,2026
GROGOL PETAMBURAN,Penggelapan,15:00-17:59,2026
GROGOL PETAMBURAN,Penggelapan,15:00-17:59,2026
GROGOL PETAMBURAN,Penggelapan,15:00-17:59,2026
GROGOL PETAMBURAN,Penggelapan,15:00-17:59,2026
GROGOL PETAMBURAN,Penggelapan,15:00-17:59,2026
GROGOL PETAMBURAN,Penggelapan,15:00-17:59,2026
GROGOL PETAMBURAN,Penggelapan,15:00-17:59,2026
GROGOL PETAMBURAN,Penipuan / Perbuatan Curang,15:00-17:59,2026
GROGOL PETAMBURAN,Penipuan / Perbuatan Curang,15:00-17:59,2026
GROGOL PETAMBURAN,Penipuan / Perbuatan Curang,15:00-17:59,2026
GROGOL PETAMBURAN,Penipuan / Perbuatan Curang,15:00-17:59,2026
GROGOL PETAMBURAN,Penipuan / Perbuatan Curang,15:00-17:59,2026
GROGOL PETAMBURAN,Penipuan / Perbuatan Curang,15:00-17:59,2026
GROGOL PETAMBURAN,Penipuan / Perbuatan Curang,15:00-17:59,2026
GROGOL PETAMBURAN,Penipuan / Perbuatan Curang,15:00-17:59,2026
GROGOL PETAMBURAN,Penipuan / Perbuatan Curang,15:00-17:59,2026
GROGOL PETAMBURAN,Penipuan / Perbuatan Curang,15:00-17:59,2026
GROGOL PETAMBURAN,Penipuan / Perbuatan Curang,15:00-17:59,2026
GROGOL PETAMBURAN,Penipuan / Perbuatan Curang,15:00-17:59,2026
GROGOL PETAMBURAN,Penipuan / Perbuatan Curang,15:00-17:59,2026
GROGOL PETAMBURAN,Penipuan / Perbuatan Curang,15:00-17:59,2026
GROGOL PETAMBURAN,Penipuan / Perbuatan Curang,15:00-17:59,2026
GROGOL PETAMBURAN,Penipuan / Perbuatan Curang,15:00-17:59,2026
GROGOL PETAMBURAN,Penipuan / Perbuatan Curang,15:00-17:59,2026
GROGOL PETAMBURAN,Penipuan / Perbuatan Curang,15:00-17:59,2026
GROGOL PETAMBURAN,Penipuan / Perbuatan Curang,15:00-17:59,2026
GROGOL PETAMBURAN,Penipuan / Perbuatan Curang,15:00-17:59,2026
GROGOL PETAMBURAN,Penipuan / Perbuatan Curang,15:00-17:59,2026
GROGOL PETAMBURAN,Penipuan / Perbuatan Curang,15:00-17:59,2026
GROGOL PETAMBURAN,Penipuan / Perbuatan Curang,15:00-17:59,2026
GROGOL PETAMBURAN,Perbankan,15:00-17:59,2026
GROGOL PETAMBURAN,Tindak Pidana Dalam Perlindungan Anak,15:00-17:59,2026
GROGOL PETAMBURAN,Kejahatan Terkait Perlindungan Data Pribadi,18:00-21:59,2026
GROGOL PETAMBURAN,Kejahatan Terkait Perlindungan Data Pribadi,18:00-21:59,2026
GROGOL PETAMBURAN,Kekerasan Dalam Rumah Tangga,18:00-21:59,2026
GROGOL PETAMBURAN,Kekerasan Dalam Rumah Tangga,18:00-21:59,2026
GROGOL PETAMBURAN,Manipulasi data autentik secara elektronik (ITE),18:00-21:59,2026
GROGOL PETAMBURAN,Manipulasi data autentik secara elektronik (ITE),18:00-21:59,2026
GROGOL PETAMBURAN,Manipulasi data autentik secara elektronik (ITE),18:00-21:59,2026
GROGOL PETAMBURAN,Manipulasi data autentik secara elektronik (ITE),18:00-21:59,2026
GROGOL PETAMBURAN,Manipulasi data autentik secara elektronik (ITE),18:00-21:59,2026
GROGOL PETAMBURAN,Manipulasi data autentik secara elektronik (ITE),18:00-21:59,2026
GROGOL PETAMBURAN,Manipulasi data autentik secara elektronik (ITE),18:00-21:59,2026
GROGOL PETAMBURAN,Manipulasi data autentik secara elektronik (ITE),18:00-21:59,2026
GROGOL PETAMBURAN,Manipulasi data autentik secara elektronik (ITE),18:00-21:59,2026
GROGOL PETAMBURAN,Narkotika ( Narkoba ),18:00-21:59,2026
GROGOL PETAMBURAN,Narkotika ( Narkoba ),18:00-21:59,2026
GROGOL PETAMBURAN,Narkotika ( Narkoba ),18:00-21:59,2026
GROGOL PETAMBURAN,Narkotika ( Narkoba ),18:00-21:59,2026
GROGOL PETAMBURAN,Narkotika ( Narkoba ),18:00-21:59,2026
GROGOL PETAMBURAN,Pemalsuan Surat Otentik,18:00-21:59,2026
GROGOL PETAMBURAN,Pemalsuan Surat Otentik,18:00-21:59,2026
GROGOL PETAMBURAN,Pemerasan,18:00-21:59,2026
GROGOL PETAMBURAN,Pemerasan Dan Pengancaman,18:00-21:59,2026
GROGOL PETAMBURAN,Pencemaran Nama Baik,18:00-21:59,2026
GROGOL PETAMBURAN,Pencemaran Nama Baik,18:00-21:59,2026
GROGOL PETAMBURAN,Pencemaran Nama Baik,18:00-21:59,2026
GROGOL PETAMBURAN,Pencemaran Nama Baik,18:00-21:59,2026
GROGOL PETAMBURAN,Pencemaran Nama Baik,18:00-21:59,2026
GROGOL PETAMBURAN,Pencemaran Nama Baik,18:00-21:59,2026
GROGOL PETAMBURAN,Pencemaran Nama Baik,18:00-21:59,2026
GROGOL PETAMBURAN,Pencemaran Nama Baik,18:00-21:59,2026
GROGOL PETAMBURAN,Pencurian Biasa,18:00-21:59,2026
GROGOL PETAMBURAN,Pencurian Biasa,18:00-21:59,2026
GROGOL PETAMBURAN,Pencurian Biasa,18:00-21:59,2026
GROGOL PETAMBURAN,Pencurian Biasa,18:00-21:59,2026
GROGOL PETAMBURAN,Pencurian Biasa,18:00-21:59,2026
GROGOL PETAMBURAN,Pencurian Biasa,18:00-21:59,2026
GROGOL PETAMBURAN,Pencurian Biasa,18:00-21:59,2026
GROGOL PETAMBURAN,Pencurian Biasa,18:00-21:59,2026
GROGOL PETAMBURAN,Pencurian Biasa,18:00-21:59,2026
GROGOL PETAMBURAN,Pencurian Biasa,18:00-21:59,2026
GROGOL PETAMBURAN,Pencurian Biasa,18:00-21:59,2026
GROGOL PETAMBURAN,Pencurian Biasa,18:00-21:59,2026
GROGOL PETAMBURAN,Pencurian Dengan Kekerasan ( Curas ),18:00-21:59,2026
GROGOL PETAMBURAN,Pencurian Dengan Kekerasan ( Curas ),18:00-21:59,2026
GROGOL PETAMBURAN,Pencurian Dengan Kekerasan ( Curas ),18:00-21:59,2026
GROGOL PETAMBURAN,Pencurian Dengan Kekerasan ( Curas ),18:00-21:59,2026
GROGOL PETAMBURAN,Pencurian Dengan Kekerasan ( Curas ),18:00-21:59,2026
GROGOL PETAMBURAN,Pencurian Dengan Pemberatan ( Curat ),18:00-21:59,2026
GROGOL PETAMBURAN,Pencurian Dengan Pemberatan ( Curat ),18:00-21:59,2026
GROGOL PETAMBURAN,Pencurian Dengan Pemberatan ( Curat ),18:00-21:59,2026
GROGOL PETAMBURAN,Pencurian Dengan Pemberatan ( Curat ),18:00-21:59,2026
GROGOL PETAMBURAN,Pencurian Dengan Pemberatan ( Curat ),18:00-21:59,2026
GROGOL PETAMBURAN,Pencurian Dengan Pemberatan ( Curat ),18:00-21:59,2026
GROGOL PETAMBURAN,Pencurian Dengan Pemberatan ( Curat ),18:00-21:59,2026
GROGOL PETAMBURAN,Pencurian Dengan Pemberatan ( Curat ),18:00-21:59,2026
GROGOL PETAMBURAN,Pencurian Dengan Pemberatan ( Curat ),18:00-21:59,2026
GROGOL PETAMBURAN,Pencurian Dengan Pemberatan ( Curat ),18:00-21:59,2026
GROGOL PETAMBURAN,Pencurian Dengan Pemberatan ( Curat ),18:00-21:59,2026
GROGOL PETAMBURAN,Pencurian Dengan Pemberatan ( Curat ),18:00-21:59,2026
GROGOL PETAMBURAN,Pengancaman,18:00-21:59,2026
GROGOL PETAMBURAN,Pengancaman,18:00-21:59,2026
GROGOL PETAMBURAN,Penganiayaan,18:00-21:59,2026
GROGOL PETAMBURAN,Penganiayaan,18:00-21:59,2026
GROGOL PETAMBURAN,Penganiayaan,18:00-21:59,2026
GROGOL PETAMBURAN,Penganiayaan,18:00-21:59,2026
GROGOL PETAMBURAN,Pengeroyokan,18:00-21:59,2026
GROGOL PETAMBURAN,Pengeroyokan,18:00-21:59,2026
GROGOL PETAMBURAN,Pengeroyokan,18:00-21:59,2026
GROGOL PETAMBURAN,Pengeroyokan,18:00-21:59,2026
GROGOL PETAMBURAN,Penggelapan,18:00-21:59,2026
GROGOL PETAMBURAN,Penggelapan,18:00-21:59,2026
GROGOL PETAMBURAN,Penggelapan,18:00-21:59,2026
GROGOL PETAMBURAN,Penggelapan,18:00-21:59,2026
GROGOL PETAMBURAN,Penggelapan,18:00-21:59,2026
GROGOL PETAMBURAN,Penggelapan,18:00-21:59,2026
GROGOL PETAMBURAN,Penggelapan,18:00-21:59,2026
GROGOL PETAMBURAN,Penipuan / Perbuatan Curang,18:00-21:59,2026
GROGOL PETAMBURAN,Penipuan / Perbuatan Curang,18:00-21:59,2026
GROGOL PETAMBURAN,Penipuan / Perbuatan Curang,18:00-21:59,2026
GROGOL PETAMBURAN,Penipuan / Perbuatan Curang,18:00-21:59,2026
GROGOL PETAMBURAN,Penipuan / Perbuatan Curang,18:00-21:59,2026
GROGOL PETAMBURAN,Penipuan / Perbuatan Curang,18:00-21:59,2026
GROGOL PETAMBURAN,Penipuan / Perbuatan Curang,18:00-21:59,2026
GROGOL PETAMBURAN,Penipuan / Perbuatan Curang,18:00-21:59,2026
GROGOL PETAMBURAN,Penipuan / Perbuatan Curang,18:00-21:59,2026
GROGOL PETAMBURAN,Penipuan / Perbuatan Curang,18:00-21:59,2026
GROGOL PETAMBURAN,Penipuan / Perbuatan Curang,18:00-21:59,2026
GROGOL PETAMBURAN,Penipuan / Perbuatan Curang,18:00-21:59,2026
GROGOL PETAMBURAN,Penipuan / Perbuatan Curang,18:00-21:59,2026
GROGOL PETAMBURAN,Penipuan / Perbuatan Curang,18:00-21:59,2026
GROGOL PETAMBURAN,Penipuan / Perbuatan Curang,18:00-21:59,2026
GROGOL PETAMBURAN,Penipuan / Perbuatan Curang,18:00-21:59,2026
GROGOL PETAMBURAN,Penipuan / Perbuatan Curang,18:00-21:59,2026
GROGOL PETAMBURAN,Penipuan / Perbuatan Curang,18:00-21:59,2026
GROGOL PETAMBURAN,Penipuan / Perbuatan Curang,18:00-21:59,2026
GROGOL PETAMBURAN,Penipuan / Perbuatan Curang,18:00-21:59,2026
GROGOL PETAMBURAN,Penipuan / Perbuatan Curang,18:00-21:59,2026
GROGOL PETAMBURAN,Penipuan / Perbuatan Curang,18:00-21:59,2026
GROGOL PETAMBURAN,Perzinahan,18:00-21:59,2026
GROGOL PETAMBURAN,Sumpah Palsu Dan Keterangan Palsu,18:00-21:59,2026
GROGOL PETAMBURAN,Curanmor R-2,22:00-23:59,2026
GROGOL PETAMBURAN,Manipulasi data autentik secara elektronik (ITE),22:00-23:59,2026
GROGOL PETAMBURAN,Menjual atau mengedarkan obat keras / bebas terbatas tanpa ijin,22:00-23:59,2026
GROGOL PETAMBURAN,Narkotika ( Narkoba ),22:00-23:59,2026
GROGOL PETAMBURAN,Narkotika ( Narkoba ),22:00-23:59,2026
GROGOL PETAMBURAN,Narkotika ( Narkoba ),22:00-23:59,2026
GROGOL PETAMBURAN,Pemerasan Dan Pengancaman,22:00-23:59,2026
GROGOL PETAMBURAN,Pencurian Biasa,22:00-23:59,2026
GROGOL PETAMBURAN,Pencurian Biasa,22:00-23:59,2026
GROGOL PETAMBURAN,Pencurian Biasa,22:00-23:59,2026
GROGOL PETAMBURAN,Pencurian Dengan Pemberatan ( Curat ),22:00-23:59,2026
GROGOL PETAMBURAN,Pengancaman,22:00-23:59,2026
GROGOL PETAMBURAN,Penganiayaan,22:00-23:59,2026
GROGOL PETAMBURAN,Penganiayaan,22:00-23:59,2026
GROGOL PETAMBURAN,Pengeroyokan,22:00-23:59,2026
GROGOL PETAMBURAN,Penggelapan,22:00-23:59,2026
GROGOL PETAMBURAN,Penghinaan,22:00-23:59,2026
GROGOL PETAMBURAN,Penipuan / Perbuatan Curang,22:00-23:59,2026
GROGOL PETAMBURAN,Penipuan / Perbuatan Curang,22:00-23:59,2026
GROGOL PETAMBURAN,Penipuan / Perbuatan Curang,22:00-23:59,2026
GROGOL PETAMBURAN,Tindak Pidana Dalam Perlindungan Anak,22:00-23:59,2026
GROGOL PETAMBURAN,Cabul,00:00-04:59,2026
GROGOL PETAMBURAN,Kekerasan Dalam Rumah Tangga,00:00-04:59,2026
GROGOL PETAMBURAN,Kekerasan Dalam Rumah Tangga,00:00-04:59,2026
GROGOL PETAMBURAN,Kekerasan Seksual (KDRT),00:00-04:59,2026
GROGOL PETAMBURAN,Manipulasi data autentik secara elektronik (ITE),00:00-04:59,2026
GROGOL PETAMBURAN,Manipulasi data autentik secara elektronik (ITE),00:00-04:59,2026
GROGOL PETAMBURAN,Narkotika ( Narkoba ),00:00-04:59,2026
GROGOL PETAMBURAN,Narkotika ( Narkoba ),00:00-04:59,2026
GROGOL PETAMBURAN,Narkotika ( Narkoba ),00:00-04:59,2026
GROGOL PETAMBURAN,Narkotika ( Narkoba ),00:00-04:59,2026
GROGOL PETAMBURAN,Narkotika ( Narkoba ),00:00-04:59,2026
GROGOL PETAMBURAN,Narkotika ( Narkoba ),00:00-04:59,2026
GROGOL PETAMBURAN,Pemerasan Dan Pengancaman,00:00-04:59,2026
GROGOL PETAMBURAN,Pencurian Biasa,00:00-04:59,2026
GROGOL PETAMBURAN,Pencurian Biasa,00:00-04:59,2026
GROGOL PETAMBURAN,Pencurian Dengan Kekerasan ( Curas ),00:00-04:59,2026
GROGOL PETAMBURAN,Pencurian Dengan Kekerasan ( Curas ),00:00-04:59,2026
GROGOL PETAMBURAN,Pencurian Dengan Kekerasan ( Curas ),00:00-04:59,2026
GROGOL PETAMBURAN,Penganiayaan,00:00-04:59,2026
GROGOL PETAMBURAN,Penganiayaan,00:00-04:59,2026
GROGOL PETAMBURAN,Penganiayaan,00:00-04:59,2026
GROGOL PETAMBURAN,Penganiayaan Berat ( Anirat ),00:00-04:59,2026
GROGOL PETAMBURAN,Pengeroyokan,00:00-04:59,2026
GROGOL PETAMBURAN,Pengeroyokan,00:00-04:59,2026
GROGOL PETAMBURAN,Pengeroyokan,00:00-04:59,2026
GROGOL PETAMBURAN,Pengeroyokan,00:00-04:59,2026
GROGOL PETAMBURAN,Pengeroyokan,00:00-04:59,2026
GROGOL PETAMBURAN,Pengeroyokan,00:00-04:59,2026
GROGOL PETAMBURAN,Penggelapan,00:00-04:59,2026
GROGOL PETAMBURAN,Penggelapan,00:00-04:59,2026
GROGOL PETAMBURAN,Penipuan / Perbuatan Curang,00:00-04:59,2026
GROGOL PETAMBURAN,Penipuan / Perbuatan Curang,00:00-04:59,2026
GROGOL PETAMBURAN,Penipuan / Perbuatan Curang,00:00-04:59,2026
TANJUNG PRIOK,Curanmor R-2,05:00-07:59,2026
TANJUNG PRIOK,Curanmor R-2,05:00-07:59,2026
TANJUNG PRIOK,Kejahatan Terkait Senjata Tajam ( Sajam ) ( Premanisme ),05:00-07:59,2026
TANJUNG PRIOK,Kekerasan Dalam Rumah Tangga,05:00-07:59,2026
TANJUNG PRIOK,Kekerasan Dalam Rumah Tangga,05:00-07:59,2026
TANJUNG PRIOK,Kekerasan Dalam Rumah Tangga,05:00-07:59,2026
TANJUNG PRIOK,Kekerasan Dalam Rumah Tangga,05:00-07:59,2026
TANJUNG PRIOK,Kekerasan Dalam Rumah Tangga,05:00-07:59,2026
TANJUNG PRIOK,Kekerasan Seksual (KDRT),05:00-07:59,2026
TANJUNG PRIOK,Manipulasi data autentik secara elektronik (ITE),05:00-07:59,2026
TANJUNG PRIOK,Pembunuhan,05:00-07:59,2026
TANJUNG PRIOK,Pencurian Biasa,05:00-07:59,2026
TANJUNG PRIOK,Pencurian Biasa,05:00-07:59,2026
TANJUNG PRIOK,Pencurian Biasa,05:00-07:59,2026
TANJUNG PRIOK,Pencurian Biasa,05:00-07:59,2026
TANJUNG PRIOK,Pencurian Dengan Kekerasan ( Curas ),05:00-07:59,2026
TANJUNG PRIOK,Pencurian Dengan Pemberatan ( Curat ),05:00-07:59,2026
TANJUNG PRIOK,Pencurian Dengan Pemberatan ( Curat ),05:00-07:59,2026
TANJUNG PRIOK,Pencurian Dengan Pemberatan ( Curat ),05:00-07:59,2026
TANJUNG PRIOK,Pencurian Dengan Pemberatan ( Curat ),05:00-07:59,2026
TANJUNG PRIOK,Pencurian Dengan Pemberatan ( Curat ),05:00-07:59,2026
TANJUNG PRIOK,Penganiayaan,05:00-07:59,2026
TANJUNG PRIOK,Penganiayaan,05:00-07:59,2026
TANJUNG PRIOK,Penganiayaan,05:00-07:59,2026
TANJUNG PRIOK,Pengeroyokan,05:00-07:59,2026
TANJUNG PRIOK,Penggelapan,05:00-07:59,2026
TANJUNG PRIOK,Tindak Pidana Dalam Perlindungan Anak,05:00-07:59,2026
TANJUNG PRIOK,Curanmor R-2,08:00-11:59,2026
TANJUNG PRIOK,Curanmor R-2,08:00-11:59,2026
TANJUNG PRIOK,Kejahatan Tentang Minyak Dan Gas  ( MIGAS ),08:00-11:59,2026
TANJUNG PRIOK,Kejahatan Terkait Senjata Tajam ( Sajam ) ( Premanisme ),08:00-11:59,2026
TANJUNG PRIOK,Kejahatan Terkait Senjata Tajam ( Sajam ) ( Premanisme ),08:00-11:59,2026
TANJUNG PRIOK,Kekerasan Dalam Rumah Tangga,08:00-11:59,2026
TANJUNG PRIOK,Kekerasan Dalam Rumah Tangga,08:00-11:59,2026
TANJUNG PRIOK,Kekerasan Dalam Rumah Tangga,08:00-11:59,2026
TANJUNG PRIOK,Kekerasan Dalam Rumah Tangga,08:00-11:59,2026
TANJUNG PRIOK,Manipulasi data autentik secara elektronik (ITE),08:00-11:59,2026
TANJUNG PRIOK,Manipulasi data autentik secara elektronik (ITE),08:00-11:59,2026
TANJUNG PRIOK,Manipulasi data autentik secara elektronik (ITE),08:00-11:59,2026
TANJUNG PRIOK,Manipulasi data autentik secara elektronik (ITE),08:00-11:59,2026
TANJUNG PRIOK,Manipulasi data autentik secara elektronik (ITE),08:00-11:59,2026
TANJUNG PRIOK,Manipulasi data autentik secara elektronik (ITE),08:00-11:59,2026
TANJUNG PRIOK,Manipulasi data autentik secara elektronik (ITE),08:00-11:59,2026
TANJUNG PRIOK,Manipulasi data autentik secara elektronik (ITE),08:00-11:59,2026
TANJUNG PRIOK,Pencemaran Nama Baik,08:00-11:59,2026
TANJUNG PRIOK,Pencemaran Nama Baik,08:00-11:59,2026
TANJUNG PRIOK,Pencurian Biasa,08:00-11:59,2026
TANJUNG PRIOK,Pencurian Biasa,08:00-11:59,2026
TANJUNG PRIOK,Pencurian Biasa,08:00-11:59,2026
TANJUNG PRIOK,Pencurian Biasa,08:00-11:59,2026
TANJUNG PRIOK,Pencurian Biasa,08:00-11:59,2026
TANJUNG PRIOK,Pencurian Biasa,08:00-11:59,2026
TANJUNG PRIOK,Pencurian Biasa,08:00-11:59,2026
TANJUNG PRIOK,Pencurian Dengan Pemberatan ( Curat ),08:00-11:59,2026
TANJUNG PRIOK,Pencurian Dengan Pemberatan ( Curat ),08:00-11:59,2026
TANJUNG PRIOK,Pencurian Dengan Pemberatan ( Curat ),08:00-11:59,2026
TANJUNG PRIOK,Pencurian Dengan Pemberatan ( Curat ),08:00-11:59,2026
TANJUNG PRIOK,Pencurian Dengan Pemberatan ( Curat ),08:00-11:59,2026
TANJUNG PRIOK,Penganiayaan,08:00-11:59,2026
TANJUNG PRIOK,Penganiayaan,08:00-11:59,2026
TANJUNG PRIOK,Penganiayaan,08:00-11:59,2026
TANJUNG PRIOK,Penganiayaan,08:00-11:59,2026
TANJUNG PRIOK,Penganiayaan,08:00-11:59,2026
TANJUNG PRIOK,Pengeroyokan,08:00-11:59,2026
TANJUNG PRIOK,Pengeroyokan,08:00-11:59,2026
TANJUNG PRIOK,Penggelapan,08:00-11:59,2026
TANJUNG PRIOK,Penggelapan,08:00-11:59,2026
TANJUNG PRIOK,Penggelapan,08:00-11:59,2026
TANJUNG PRIOK,Penggelapan,08:00-11:59,2026
TANJUNG PRIOK,Penggelapan,08:00-11:59,2026
TANJUNG PRIOK,Penggelapan,08:00-11:59,2026
TANJUNG PRIOK,Penggelapan,08:00-11:59,2026
TANJUNG PRIOK,Penggelapan,08:00-11:59,2026
TANJUNG PRIOK,Penggelapan,08:00-11:59,2026
TANJUNG PRIOK,Penggelapan,08:00-11:59,2026
TANJUNG PRIOK,Penipuan / Perbuatan Curang,08:00-11:59,2026
TANJUNG PRIOK,Penipuan / Perbuatan Curang,08:00-11:59,2026
TANJUNG PRIOK,Penipuan / Perbuatan Curang,08:00-11:59,2026
TANJUNG PRIOK,Penipuan / Perbuatan Curang,08:00-11:59,2026
TANJUNG PRIOK,Penipuan / Perbuatan Curang,08:00-11:59,2026
TANJUNG PRIOK,Penyerobotan Tanah,08:00-11:59,2026
TANJUNG PRIOK,Percobaan Pencurian,08:00-11:59,2026
TANJUNG PRIOK,Perkosaan,08:00-11:59,2026
TANJUNG PRIOK,Sumpah Palsu Dan Keterangan Palsu,08:00-11:59,2026
TANJUNG PRIOK,Tindak Pidana Dalam Perlindungan Anak,08:00-11:59,2026
TANJUNG PRIOK,Cabul,12:00-14:59,2026
TANJUNG PRIOK,Curanmor R-2,12:00-14:59,2026
TANJUNG PRIOK,Curanmor R-2,12:00-14:59,2026
TANJUNG PRIOK,Curanmor R-2,12:00-14:59,2026
TANJUNG PRIOK,Curanmor R-2,12:00-14:59,2026
TANJUNG PRIOK,Curanmor R-2,12:00-14:59,2026
TANJUNG PRIOK,Illegal Fishing,12:00-14:59,2026
TANJUNG PRIOK,Kejahatan Tentang Minyak Dan Gas  ( MIGAS ),12:00-14:59,2026
TANJUNG PRIOK,Kejahatan Tentang Minyak Dan Gas  ( MIGAS ),12:00-14:59,2026
TANJUNG PRIOK,Kejahatan Terkait Senjata Tajam ( Sajam ) ( Premanisme ),12:00-14:59,2026
TANJUNG PRIOK,Kekerasan Dalam Rumah Tangga,12:00-14:59,2026
TANJUNG PRIOK,Kekerasan Dalam Rumah Tangga,12:00-14:59,2026
TANJUNG PRIOK,Kekerasan Dalam Rumah Tangga,12:00-14:59,2026
TANJUNG PRIOK,Kekerasan Dalam Rumah Tangga,12:00-14:59,2026
TANJUNG PRIOK,Kekerasan Dalam Rumah Tangga,12:00-14:59,2026
TANJUNG PRIOK,Manipulasi data autentik secara elektronik (ITE),12:00-14:59,2026
TANJUNG PRIOK,Manipulasi data autentik secara elektronik (ITE),12:00-14:59,2026
TANJUNG PRIOK,Manipulasi data autentik secara elektronik (ITE),12:00-14:59,2026
TANJUNG PRIOK,Manipulasi data autentik secara elektronik (ITE),12:00-14:59,2026
TANJUNG PRIOK,Manipulasi data autentik secara elektronik (ITE),12:00-14:59,2026
TANJUNG PRIOK,Manipulasi data autentik secara elektronik (ITE),12:00-14:59,2026
TANJUNG PRIOK,Memasuki Pekarangan Tanpa Ijin,12:00-14:59,2026
TANJUNG PRIOK,Memasuki Pekarangan Tanpa Ijin,12:00-14:59,2026
TANJUNG PRIOK,Mengakibatkan Orang Mati,12:00-14:59,2026
TANJUNG PRIOK,Menjual atau mengedarkan obat keras / bebas terbatas tanpa ijin,12:00-14:59,2026
TANJUNG PRIOK,Narkotika ( Narkoba ),12:00-14:59,2026
TANJUNG PRIOK,Narkotika ( Narkoba ),12:00-14:59,2026
TANJUNG PRIOK,Narkotika ( Narkoba ),12:00-14:59,2026
TANJUNG PRIOK,Narkotika ( Narkoba ),12:00-14:59,2026
TANJUNG PRIOK,Narkotika ( Narkoba ),12:00-14:59,2026
TANJUNG PRIOK,Narkotika ( Narkoba ),12:00-14:59,2026
TANJUNG PRIOK,Pemerasan Dan Pengancaman,12:00-14:59,2026
TANJUNG PRIOK,Penadahan,12:00-14:59,2026
TANJUNG PRIOK,Pencemaran Nama Baik,12:00-14:59,2026
TANJUNG PRIOK,Pencurian Biasa,12:00-14:59,2026
TANJUNG PRIOK,Pencurian Biasa,12:00-14:59,2026
TANJUNG PRIOK,Pencurian Biasa,12:00-14:59,2026
TANJUNG PRIOK,Pencurian Biasa,12:00-14:59,2026
TANJUNG PRIOK,Pencurian Dengan Pemberatan ( Curat ),12:00-14:59,2026
TANJUNG PRIOK,Pencurian Dengan Pemberatan ( Curat ),12:00-14:59,2026
TANJUNG PRIOK,Pencurian Ringan,12:00-14:59,2026
TANJUNG PRIOK,Penganiayaan,12:00-14:59,2026
TANJUNG PRIOK,Penganiayaan,12:00-14:59,2026
TANJUNG PRIOK,Penganiayaan,12:00-14:59,2026
TANJUNG PRIOK,Penganiayaan,12:00-14:59,2026
TANJUNG PRIOK,Penganiayaan Berat ( Anirat ),12:00-14:59,2026
TANJUNG PRIOK,Penganiayaan Berat ( Anirat ),12:00-14:59,2026
TANJUNG PRIOK,Pengeroyokan,12:00-14:59,2026
TANJUNG PRIOK,Pengeroyokan,12:00-14:59,2026
TANJUNG PRIOK,Pengeroyokan,12:00-14:59,2026
TANJUNG PRIOK,Penggelapan,12:00-14:59,2026
TANJUNG PRIOK,Penggelapan,12:00-14:59,2026
TANJUNG PRIOK,Penggelapan,12:00-14:59,2026
TANJUNG PRIOK,Penggelapan,12:00-14:59,2026
TANJUNG PRIOK,Penggelapan,12:00-14:59,2026
TANJUNG PRIOK,Penggelapan,12:00-14:59,2026
TANJUNG PRIOK,Penggelapan,12:00-14:59,2026
TANJUNG PRIOK,Penggelapan,12:00-14:59,2026
TANJUNG PRIOK,Penggelapan,12:00-14:59,2026
TANJUNG PRIOK,Penggelapan,12:00-14:59,2026
TANJUNG PRIOK,Penggelapan,12:00-14:59,2026
TANJUNG PRIOK,Penggelapan,12:00-14:59,2026
TANJUNG PRIOK,Penggelapan,12:00-14:59,2026
TANJUNG PRIOK,Penipuan / Perbuatan Curang,12:00-14:59,2026
TANJUNG PRIOK,Penipuan / Perbuatan Curang,12:00-14:59,2026
TANJUNG PRIOK,Penipuan / Perbuatan Curang,12:00-14:59,2026
TANJUNG PRIOK,Penipuan / Perbuatan Curang,12:00-14:59,2026
TANJUNG PRIOK,Penipuan / Perbuatan Curang,12:00-14:59,2026
TANJUNG PRIOK,Penipuan / Perbuatan Curang,12:00-14:59,2026
TANJUNG PRIOK,Penipuan / Perbuatan Curang,12:00-14:59,2026
TANJUNG PRIOK,Penipuan / Perbuatan Curang,12:00-14:59,2026
TANJUNG PRIOK,Penipuan / Perbuatan Curang,12:00-14:59,2026
TANJUNG PRIOK,Penipuan / Perbuatan Curang,12:00-14:59,2026
TANJUNG PRIOK,Perbuatan Yang Tidak Menyenangkan,12:00-14:59,2026
TANJUNG PRIOK,Percobaan Pencurian,12:00-14:59,2026
TANJUNG PRIOK,Perkosaan,12:00-14:59,2026
TANJUNG PRIOK,Perkosaan,12:00-14:59,2026
TANJUNG PRIOK,Curanmor R-2,15:00-17:59,2026
TANJUNG PRIOK,Curanmor R-2,15:00-17:59,2026
TANJUNG PRIOK,Kejahatan Tentang Perdagangan,15:00-17:59,2026
TANJUNG PRIOK,Kejahatan Tentang Pornografi,15:00-17:59,2026
TANJUNG PRIOK,Kejahatan Terkait Perlindungan Data Pribadi,15:00-17:59,2026
TANJUNG PRIOK,Kejahatan Terkait Perlindungan Data Pribadi,15:00-17:59,2026
TANJUNG PRIOK,Kekerasan Dalam Rumah Tangga,15:00-17:59,2026
TANJUNG PRIOK,Kekerasan Dalam Rumah Tangga,15:00-17:59,2026
TANJUNG PRIOK,Kekerasan Dalam Rumah Tangga,15:00-17:59,2026
TANJUNG PRIOK,Manipulasi data autentik secara elektronik (ITE),15:00-17:59,2026
TANJUNG PRIOK,Manipulasi data autentik secara elektronik (ITE),15:00-17:59,2026
TANJUNG PRIOK,Manipulasi data autentik secara elektronik (ITE),15:00-17:59,2026
TANJUNG PRIOK,Menjual atau mengedarkan obat keras / bebas terbatas tanpa ijin,15:00-17:59,2026
TANJUNG PRIOK,Mucikari ( Pelacuran ),15:00-17:59,2026
TANJUNG PRIOK,Mucikari ( Pelacuran ),15:00-17:59,2026
TANJUNG PRIOK,Narkotika ( Narkoba ),15:00-17:59,2026
TANJUNG PRIOK,Narkotika ( Narkoba ),15:00-17:59,2026
TANJUNG PRIOK,Narkotika ( Narkoba ),15:00-17:59,2026
TANJUNG PRIOK,Narkotika ( Narkoba ),15:00-17:59,2026
TANJUNG PRIOK,Narkotika ( Narkoba ),15:00-17:59,2026
TANJUNG PRIOK,Narkotika ( Narkoba ),15:00-17:59,2026
TANJUNG PRIOK,Narkotika ( Narkoba ),15:00-17:59,2026
TANJUNG PRIOK,Narkotika ( Narkoba ),15:00-17:59,2026
TANJUNG PRIOK,Narkotika ( Narkoba ),15:00-17:59,2026
TANJUNG PRIOK,Pencemaran Nama Baik,15:00-17:59,2026
TANJUNG PRIOK,Pencemaran Nama Baik,15:00-17:59,2026
TANJUNG PRIOK,Pencemaran Nama Baik,15:00-17:59,2026
TANJUNG PRIOK,Pencemaran Nama Baik,15:00-17:59,2026
TANJUNG PRIOK,Pencurian Biasa,15:00-17:59,2026
TANJUNG PRIOK,Pencurian Biasa,15:00-17:59,2026
TANJUNG PRIOK,Pencurian Biasa,15:00-17:59,2026
TANJUNG PRIOK,Pencurian Biasa,15:00-17:59,2026
TANJUNG PRIOK,Pencurian Biasa,15:00-17:59,2026
TANJUNG PRIOK,Pencurian Biasa,15:00-17:59,2026
TANJUNG PRIOK,Pencurian Biasa,15:00-17:59,2026
TANJUNG PRIOK,Pencurian Biasa,15:00-17:59,2026
TANJUNG PRIOK,Pencurian Biasa,15:00-17:59,2026
TANJUNG PRIOK,Pencurian dalam lingkungan keluarga,15:00-17:59,2026
TANJUNG PRIOK,Pencurian Dengan Pemberatan ( Curat ),15:00-17:59,2026
TANJUNG PRIOK,Pencurian Dengan Pemberatan ( Curat ),15:00-17:59,2026
TANJUNG PRIOK,Pengaduan Palsu,15:00-17:59,2026
TANJUNG PRIOK,Pengancaman,15:00-17:59,2026
TANJUNG PRIOK,Pengancaman,15:00-17:59,2026
TANJUNG PRIOK,Penganiayaan,15:00-17:59,2026
TANJUNG PRIOK,Penganiayaan,15:00-17:59,2026
TANJUNG PRIOK,Penganiayaan,15:00-17:59,2026
TANJUNG PRIOK,Pengeroyokan,15:00-17:59,2026
TANJUNG PRIOK,Pengeroyokan,15:00-17:59,2026
TANJUNG PRIOK,Pengerusakan,15:00-17:59,2026
TANJUNG PRIOK,Penggelapan,15:00-17:59,2026
TANJUNG PRIOK,Penggelapan,15:00-17:59,2026
TANJUNG PRIOK,Penggelapan,15:00-17:59,2026
TANJUNG PRIOK,Penggelapan,15:00-17:59,2026
TANJUNG PRIOK,Penggelapan,15:00-17:59,2026
TANJUNG PRIOK,Penggelapan,15:00-17:59,2026
TANJUNG PRIOK,Penggelapan,15:00-17:59,2026
TANJUNG PRIOK,Penggelapan,15:00-17:59,2026
TANJUNG PRIOK,Penggelapan,15:00-17:59,2026
TANJUNG PRIOK,Penggelapan,15:00-17:59,2026
TANJUNG PRIOK,Penghinaan,15:00-17:59,2026
TANJUNG PRIOK,Penipuan / Perbuatan Curang,15:00-17:59,2026
TANJUNG PRIOK,Penipuan / Perbuatan Curang,15:00-17:59,2026
TANJUNG PRIOK,Penipuan / Perbuatan Curang,15:00-17:59,2026
TANJUNG PRIOK,Penipuan / Perbuatan Curang,15:00-17:59,2026
TANJUNG PRIOK,Penipuan / Perbuatan Curang,15:00-17:59,2026
TANJUNG PRIOK,Penipuan / Perbuatan Curang,15:00-17:59,2026
TANJUNG PRIOK,Penipuan / Perbuatan Curang,15:00-17:59,2026
TANJUNG PRIOK,Penipuan / Perbuatan Curang,15:00-17:59,2026
TANJUNG PRIOK,Penipuan / Perbuatan Curang,15:00-17:59,2026
TANJUNG PRIOK,Penipuan / Perbuatan Curang,15:00-17:59,2026
TANJUNG PRIOK,Penyerobotan Tanah,15:00-17:59,2026
TANJUNG PRIOK,Sumpah Palsu Dan Keterangan Palsu,15:00-17:59,2026
TANJUNG PRIOK,Tindak Pidana Dalam Perlindungan Anak,15:00-17:59,2026
TANJUNG PRIOK,Tindak Pidana Dalam Perlindungan Anak,15:00-17:59,2026
TANJUNG PRIOK,Cabul,18:00-21:59,2026
TANJUNG PRIOK,Cabul,18:00-21:59,2026
TANJUNG PRIOK,Curanmor R-2,18:00-21:59,2026
TANJUNG PRIOK,Judi,18:00-21:59,2026
TANJUNG PRIOK,Kejahatan terkait Tenaga Kesehatan,18:00-21:59,2026
TANJUNG PRIOK,Kekerasan Dalam Rumah Tangga,18:00-21:59,2026
TANJUNG PRIOK,Kekerasan Dalam Rumah Tangga,18:00-21:59,2026
TANJUNG PRIOK,Kekerasan Dalam Rumah Tangga,18:00-21:59,2026
TANJUNG PRIOK,Kekerasan Dalam Rumah Tangga,18:00-21:59,2026
TANJUNG PRIOK,Kekerasan Dalam Rumah Tangga,18:00-21:59,2026
TANJUNG PRIOK,Kekerasan Dalam Rumah Tangga,18:00-21:59,2026
TANJUNG PRIOK,Kekerasan Dalam Rumah Tangga,18:00-21:59,2026
TANJUNG PRIOK,Kekerasan Seksual (KDRT),18:00-21:59,2026
TANJUNG PRIOK,Melawan Putusan Pengadilan,18:00-21:59,2026
TANJUNG PRIOK,Mengakibatkan Orang Luka,18:00-21:59,2026
TANJUNG PRIOK,Menjual atau mengedarkan obat keras / bebas terbatas tanpa ijin,18:00-21:59,2026
TANJUNG PRIOK,Mucikari ( Pelacuran ),18:00-21:59,2026
TANJUNG PRIOK,Mucikari ( Pelacuran ),18:00-21:59,2026
TANJUNG PRIOK,Narkotika ( Narkoba ),18:00-21:59,2026
TANJUNG PRIOK,Narkotika ( Narkoba ),18:00-21:59,2026
TANJUNG PRIOK,Narkotika ( Narkoba ),18:00-21:59,2026
TANJUNG PRIOK,Narkotika ( Narkoba ),18:00-21:59,2026
TANJUNG PRIOK,Narkotika ( Narkoba ),18:00-21:59,2026
TANJUNG PRIOK,Narkotika ( Narkoba ),18:00-21:59,2026
TANJUNG PRIOK,Narkotika ( Narkoba ),18:00-21:59,2026
TANJUNG PRIOK,Narkotika ( Narkoba ),18:00-21:59,2026
TANJUNG PRIOK,Narkotika ( Narkoba ),18:00-21:59,2026
TANJUNG PRIOK,Narkotika ( Narkoba ),18:00-21:59,2026
TANJUNG PRIOK,Narkotika ( Narkoba ),18:00-21:59,2026
TANJUNG PRIOK,Narkotika ( Narkoba ),18:00-21:59,2026
TANJUNG PRIOK,Narkotika ( Narkoba ),18:00-21:59,2026
TANJUNG PRIOK,Narkotika ( Narkoba ),18:00-21:59,2026
TANJUNG PRIOK,Pemalsuan Surat Otentik,18:00-21:59,2026
TANJUNG PRIOK,Pemalsuan Surat Otentik,18:00-21:59,2026
TANJUNG PRIOK,Pemerasan,18:00-21:59,2026
TANJUNG PRIOK,Pencemaran Nama Baik,18:00-21:59,2026
TANJUNG PRIOK,Pencemaran Nama Baik,18:00-21:59,2026
TANJUNG PRIOK,Pencurian Biasa,18:00-21:59,2026
TANJUNG PRIOK,Pencurian Biasa,18:00-21:59,2026
TANJUNG PRIOK,Pencurian Biasa,18:00-21:59,2026
TANJUNG PRIOK,Pencurian Biasa,18:00-21:59,2026
TANJUNG PRIOK,Pencurian Biasa,18:00-21:59,2026
TANJUNG PRIOK,Pencurian Biasa,18:00-21:59,2026
TANJUNG PRIOK,Pencurian Dengan Kekerasan ( Curas ),18:00-21:59,2026
TANJUNG PRIOK,Pencurian Dengan Kekerasan ( Curas ),18:00-21:59,2026
TANJUNG PRIOK,Pencurian Dengan Pemberatan ( Curat ),18:00-21:59,2026
TANJUNG PRIOK,Pencurian Ringan,18:00-21:59,2026
TANJUNG PRIOK,Penganiayaan,18:00-21:59,2026
TANJUNG PRIOK,Penganiayaan,18:00-21:59,2026
TANJUNG PRIOK,Penganiayaan,18:00-21:59,2026
TANJUNG PRIOK,Penganiayaan,18:00-21:59,2026
TANJUNG PRIOK,Penganiayaan,18:00-21:59,2026
TANJUNG PRIOK,Penganiayaan,18:00-21:59,2026
TANJUNG PRIOK,Penganiayaan,18:00-21:59,2026
TANJUNG PRIOK,Penganiayaan,18:00-21:59,2026
TANJUNG PRIOK,Penganiayaan Berat ( Anirat ),18:00-21:59,2026
TANJUNG PRIOK,Pengeroyokan,18:00-21:59,2026
TANJUNG PRIOK,Pengeroyokan,18:00-21:59,2026
TANJUNG PRIOK,Pengeroyokan,18:00-21:59,2026
TANJUNG PRIOK,Pengeroyokan,18:00-21:59,2026
TANJUNG PRIOK,Penggelapan,18:00-21:59,2026
TANJUNG PRIOK,Penggelapan,18:00-21:59,2026
TANJUNG PRIOK,Penggelapan,18:00-21:59,2026
TANJUNG PRIOK,Penggelapan,18:00-21:59,2026
TANJUNG PRIOK,Penggelapan,18:00-21:59,2026
TANJUNG PRIOK,Penggelapan,18:00-21:59,2026
TANJUNG PRIOK,Penggelapan,18:00-21:59,2026
TANJUNG PRIOK,Penggelapan,18:00-21:59,2026
TANJUNG PRIOK,Penggelapan,18:00-21:59,2026
TANJUNG PRIOK,Penggelapan,18:00-21:59,2026
TANJUNG PRIOK,Penipuan / Perbuatan Curang,18:00-21:59,2026
TANJUNG PRIOK,Penipuan / Perbuatan Curang,18:00-21:59,2026
TANJUNG PRIOK,Penipuan / Perbuatan Curang,18:00-21:59,2026
TANJUNG PRIOK,Penipuan / Perbuatan Curang,18:00-21:59,2026
TANJUNG PRIOK,Penipuan / Perbuatan Curang,18:00-21:59,2026
TANJUNG PRIOK,Perbuatan Yang Tidak Menyenangkan,18:00-21:59,2026
TANJUNG PRIOK,Tindak Pidana Dalam Perlindungan Anak,18:00-21:59,2026
TANJUNG PRIOK,Curanmor R-2,22:00-23:59,2026
TANJUNG PRIOK,Curanmor R-2,22:00-23:59,2026
TANJUNG PRIOK,Curanmor R-2,22:00-23:59,2026
TANJUNG PRIOK,Judi,22:00-23:59,2026
TANJUNG PRIOK,Kekerasan Dalam Rumah Tangga,22:00-23:59,2026
TANJUNG PRIOK,Kekerasan Dalam Rumah Tangga,22:00-23:59,2026
TANJUNG PRIOK,Kekerasan Dalam Rumah Tangga,22:00-23:59,2026
TANJUNG PRIOK,Manipulasi data autentik secara elektronik (ITE),22:00-23:59,2026
TANJUNG PRIOK,Manipulasi data autentik secara elektronik (ITE),22:00-23:59,2026
TANJUNG PRIOK,Narkotika ( Narkoba ),22:00-23:59,2026
TANJUNG PRIOK,Narkotika ( Narkoba ),22:00-23:59,2026
TANJUNG PRIOK,Narkotika ( Narkoba ),22:00-23:59,2026
TANJUNG PRIOK,Narkotika ( Narkoba ),22:00-23:59,2026
TANJUNG PRIOK,Narkotika ( Narkoba ),22:00-23:59,2026
TANJUNG PRIOK,Pencurian Biasa,22:00-23:59,2026
TANJUNG PRIOK,Pencurian Biasa,22:00-23:59,2026
TANJUNG PRIOK,Pencurian Biasa,22:00-23:59,2026
TANJUNG PRIOK,Pencurian Biasa,22:00-23:59,2026
TANJUNG PRIOK,Pencurian Biasa,22:00-23:59,2026
TANJUNG PRIOK,Pencurian Dengan Pemberatan ( Curat ),22:00-23:59,2026
TANJUNG PRIOK,Pencurian Dengan Pemberatan ( Curat ),22:00-23:59,2026
TANJUNG PRIOK,Pencurian Dengan Pemberatan ( Curat ),22:00-23:59,2026
TANJUNG PRIOK,Pencurian Dengan Pemberatan ( Curat ),22:00-23:59,2026
TANJUNG PRIOK,Pencurian Dengan Pemberatan ( Curat ),22:00-23:59,2026
TANJUNG PRIOK,Pencurian Dengan Pemberatan ( Curat ),22:00-23:59,2026
TANJUNG PRIOK,Penganiayaan,22:00-23:59,2026
TANJUNG PRIOK,Penganiayaan,22:00-23:59,2026
TANJUNG PRIOK,Penganiayaan,22:00-23:59,2026
TANJUNG PRIOK,Penganiayaan,22:00-23:59,2026
TANJUNG PRIOK,Penganiayaan,22:00-23:59,2026
TANJUNG PRIOK,Pengeroyokan,22:00-23:59,2026
TANJUNG PRIOK,Penipuan / Perbuatan Curang,22:00-23:59,2026
TANJUNG PRIOK,Penipuan / Perbuatan Curang,22:00-23:59,2026
TANJUNG PRIOK,Penipuan / Perbuatan Curang,22:00-23:59,2026
TANJUNG PRIOK,Tindak Pidana Dalam Perlindungan Anak,22:00-23:59,2026
TANJUNG PRIOK,Tindak Pidana Dalam Perlindungan Anak,22:00-23:59,2026
TANJUNG PRIOK,Tindak Pidana Dalam Perlindungan Anak,22:00-23:59,2026
TANJUNG PRIOK,Curanmor R-2,00:00-04:59,2026
TANJUNG PRIOK,Curanmor R-2,00:00-04:59,2026
TANJUNG PRIOK,Kejahatan Terkait Senjata Tajam ( Sajam ) ( Premanisme ),00:00-04:59,2026
TANJUNG PRIOK,Kejahatan Terkait Senjata Tajam ( Sajam ) ( Premanisme ),00:00-04:59,2026
TANJUNG PRIOK,Kejahatan terkait Tenaga Kesehatan,00:00-04:59,2026
TANJUNG PRIOK,Kejahatan terkait Tenaga Kesehatan,00:00-04:59,2026
TANJUNG PRIOK,Kekerasan Dalam Rumah Tangga,00:00-04:59,2026
TANJUNG PRIOK,Kekerasan Dalam Rumah Tangga,00:00-04:59,2026
TANJUNG PRIOK,Kekerasan Dalam Rumah Tangga,00:00-04:59,2026
TANJUNG PRIOK,Manipulasi data autentik secara elektronik (ITE),00:00-04:59,2026
TANJUNG PRIOK,Narkotika ( Narkoba ),00:00-04:59,2026
TANJUNG PRIOK,Narkotika ( Narkoba ),00:00-04:59,2026
TANJUNG PRIOK,Narkotika ( Narkoba ),00:00-04:59,2026
TANJUNG PRIOK,Narkotika ( Narkoba ),00:00-04:59,2026
TANJUNG PRIOK,Narkotika ( Narkoba ),00:00-04:59,2026
TANJUNG PRIOK,Narkotika ( Narkoba ),00:00-04:59,2026
TANJUNG PRIOK,Narkotika ( Narkoba ),00:00-04:59,2026
TANJUNG PRIOK,Narkotika ( Narkoba ),00:00-04:59,2026
TANJUNG PRIOK,Narkotika ( Narkoba ),00:00-04:59,2026
TANJUNG PRIOK,Narkotika ( Narkoba ),00:00-04:59,2026
TANJUNG PRIOK,Narkotika ( Narkoba ),00:00-04:59,2026
TANJUNG PRIOK,Narkotika ( Narkoba ),00:00-04:59,2026
TANJUNG PRIOK,Narkotika ( Narkoba ),00:00-04:59,2026
TANJUNG PRIOK,Narkotika ( Narkoba ),00:00-04:59,2026
TANJUNG PRIOK,Narkotika ( Narkoba ),00:00-04:59,2026
TANJUNG PRIOK,Narkotika ( Narkoba ),00:00-04:59,2026
TANJUNG PRIOK,Narkotika ( Narkoba ),00:00-04:59,2026
TANJUNG PRIOK,Narkotika ( Narkoba ),00:00-04:59,2026
TANJUNG PRIOK,Narkotika ( Narkoba ),00:00-04:59,2026
TANJUNG PRIOK,Pemerasan Dan Pengancaman,00:00-04:59,2026
TANJUNG PRIOK,Pencemaran Nama Baik,00:00-04:59,2026
TANJUNG PRIOK,Pencemaran Nama Baik,00:00-04:59,2026
TANJUNG PRIOK,Pencurian Biasa,00:00-04:59,2026
TANJUNG PRIOK,Pencurian Biasa,00:00-04:59,2026
TANJUNG PRIOK,Pencurian Biasa,00:00-04:59,2026
TANJUNG PRIOK,Pencurian Biasa,00:00-04:59,2026
TANJUNG PRIOK,Pencurian Dengan Kekerasan ( Curas ),00:00-04:59,2026
TANJUNG PRIOK,Pencurian Dengan Pemberatan ( Curat ),00:00-04:59,2026
TANJUNG PRIOK,Pencurian Dengan Pemberatan ( Curat ),00:00-04:59,2026
TANJUNG PRIOK,Pencurian Dengan Pemberatan ( Curat ),00:00-04:59,2026
TANJUNG PRIOK,Pencurian Dengan Pemberatan ( Curat ),00:00-04:59,2026
TANJUNG PRIOK,Pencurian Dengan Pemberatan ( Curat ),00:00-04:59,2026
TANJUNG PRIOK,Pencurian Ringan,00:00-04:59,2026
TANJUNG PRIOK,Penganiayaan,00:00-04:59,2026
TANJUNG PRIOK,Penganiayaan,00:00-04:59,2026
TANJUNG PRIOK,Penganiayaan,00:00-04:59,2026
TANJUNG PRIOK,Penganiayaan,00:00-04:59,2026
TANJUNG PRIOK,Penganiayaan,00:00-04:59,2026
TANJUNG PRIOK,Penganiayaan,00:00-04:59,2026
TANJUNG PRIOK,Penganiayaan,00:00-04:59,2026
TANJUNG PRIOK,Penganiayaan,00:00-04:59,2026
TANJUNG PRIOK,Pengeroyokan,00:00-04:59,2026
TANJUNG PRIOK,Pengeroyokan,00:00-04:59,2026
TANJUNG PRIOK,Pengeroyokan,00:00-04:59,2026
TANJUNG PRIOK,Pengeroyokan,00:00-04:59,2026
TANJUNG PRIOK,Pengeroyokan,00:00-04:59,2026
TANJUNG PRIOK,Pengeroyokan,00:00-04:59,2026
TANJUNG PRIOK,Pengeroyokan,00:00-04:59,2026
TANJUNG PRIOK,Pengeroyokan,00:00-04:59,2026
TANJUNG PRIOK,Pengeroyokan,00:00-04:59,2026
TANJUNG PRIOK,Pengeroyokan,00:00-04:59,2026
TANJUNG PRIOK,Pengerusakan,00:00-04:59,2026
TANJUNG PRIOK,Penggelapan,00:00-04:59,2026
TANJUNG PRIOK,Penggelapan,00:00-04:59,2026
TANJUNG PRIOK,Penggelapan,00:00-04:59,2026
TANJUNG PRIOK,Penggelapan,00:00-04:59,2026
TANJUNG PRIOK,Perkosaan,00:00-04:59,2026
TANJUNG PRIOK,Tindak Pidana Dalam Perlindungan Anak,00:00-04:59,2026
KEBAYORAN LAMA,Curanmor R-2,05:00-07:59,2026
KEBAYORAN LAMA,Kekerasan Dalam Rumah Tangga,05:00-07:59,2026
KEBAYORAN LAMA,Manipulasi data autentik secara elektronik (ITE),05:00-07:59,2026
KEBAYORAN LAMA,Manipulasi data autentik secara elektronik (ITE),05:00-07:59,2026
KEBAYORAN LAMA,Pemerasan Dan Pengancaman,05:00-07:59,2026
KEBAYORAN LAMA,Pencurian Biasa,05:00-07:59,2026
KEBAYORAN LAMA,Pencurian Biasa,05:00-07:59,2026
KEBAYORAN LAMA,Pencurian Biasa,05:00-07:59,2026
KEBAYORAN LAMA,Pencurian Biasa,05:00-07:59,2026
KEBAYORAN LAMA,Pencurian Biasa,05:00-07:59,2026
KEBAYORAN LAMA,Pencurian Dengan Pemberatan ( Curat ),05:00-07:59,2026
KEBAYORAN LAMA,Pencurian Dengan Pemberatan ( Curat ),05:00-07:59,2026
KEBAYORAN LAMA,Pencurian Dengan Pemberatan ( Curat ),05:00-07:59,2026
KEBAYORAN LAMA,Pencurian Dengan Pemberatan ( Curat ),05:00-07:59,2026
KEBAYORAN LAMA,Penganiayaan,05:00-07:59,2026
KEBAYORAN LAMA,Penganiayaan,05:00-07:59,2026
KEBAYORAN LAMA,Cabul,08:00-11:59,2026
KEBAYORAN LAMA,Curanmor R-2,08:00-11:59,2026
KEBAYORAN LAMA,Curanmor R-2,08:00-11:59,2026
KEBAYORAN LAMA,Kejahatan Tentang Tenaga Kerja,08:00-11:59,2026
KEBAYORAN LAMA,Kekerasan Dalam Rumah Tangga,08:00-11:59,2026
KEBAYORAN LAMA,Kekerasan Dalam Rumah Tangga,08:00-11:59,2026
KEBAYORAN LAMA,Kekerasan Seksual (KDRT),08:00-11:59,2026
KEBAYORAN LAMA,Manipulasi data autentik secara elektronik (ITE),08:00-11:59,2026
KEBAYORAN LAMA,Manipulasi data autentik secara elektronik (ITE),08:00-11:59,2026
KEBAYORAN LAMA,Manipulasi data autentik secara elektronik (ITE),08:00-11:59,2026
KEBAYORAN LAMA,Manipulasi data autentik secara elektronik (ITE),08:00-11:59,2026
KEBAYORAN LAMA,Manipulasi data autentik secara elektronik (ITE),08:00-11:59,2026
KEBAYORAN LAMA,Manipulasi data autentik secara elektronik (ITE),08:00-11:59,2026
KEBAYORAN LAMA,Manipulasi data autentik secara elektronik (ITE),08:00-11:59,2026
KEBAYORAN LAMA,Manipulasi data autentik secara elektronik (ITE),08:00-11:59,2026
KEBAYORAN LAMA,Manipulasi data autentik secara elektronik (ITE),08:00-11:59,2026
KEBAYORAN LAMA,Manipulasi data autentik secara elektronik (ITE),08:00-11:59,2026
KEBAYORAN LAMA,Manipulasi data autentik secara elektronik (ITE),08:00-11:59,2026
KEBAYORAN LAMA,Manipulasi data autentik secara elektronik (ITE),08:00-11:59,2026
KEBAYORAN LAMA,Narkotika ( Narkoba ),08:00-11:59,2026
KEBAYORAN LAMA,Narkotika ( Narkoba ),08:00-11:59,2026
KEBAYORAN LAMA,Narkotika ( Narkoba ),08:00-11:59,2026
KEBAYORAN LAMA,Narkotika ( Narkoba ),08:00-11:59,2026
KEBAYORAN LAMA,Narkotika ( Narkoba ),08:00-11:59,2026
KEBAYORAN LAMA,Pencemaran Nama Baik,08:00-11:59,2026
KEBAYORAN LAMA,Pencemaran Nama Baik,08:00-11:59,2026
KEBAYORAN LAMA,Pencemaran Nama Baik,08:00-11:59,2026
KEBAYORAN LAMA,Pencemaran Nama Baik,08:00-11:59,2026
KEBAYORAN LAMA,Pencemaran Nama Baik,08:00-11:59,2026
KEBAYORAN LAMA,Pencemaran Nama Baik,08:00-11:59,2026
KEBAYORAN LAMA,Pencemaran Nama Baik,08:00-11:59,2026
KEBAYORAN LAMA,Pencurian Biasa,08:00-11:59,2026
KEBAYORAN LAMA,Pencurian Biasa,08:00-11:59,2026
KEBAYORAN LAMA,Pencurian Biasa,08:00-11:59,2026
KEBAYORAN LAMA,Pencurian Biasa,08:00-11:59,2026
KEBAYORAN LAMA,Pencurian Biasa,08:00-11:59,2026
KEBAYORAN LAMA,Pencurian Biasa,08:00-11:59,2026
KEBAYORAN LAMA,Pencurian Biasa,08:00-11:59,2026
KEBAYORAN LAMA,Pencurian Dengan Pemberatan ( Curat ),08:00-11:59,2026
KEBAYORAN LAMA,Pencurian Dengan Pemberatan ( Curat ),08:00-11:59,2026
KEBAYORAN LAMA,Pencurian Dengan Pemberatan ( Curat ),08:00-11:59,2026
KEBAYORAN LAMA,Pengancaman,08:00-11:59,2026
KEBAYORAN LAMA,Pengancaman,08:00-11:59,2026
KEBAYORAN LAMA,Penganiayaan,08:00-11:59,2026
KEBAYORAN LAMA,Penganiayaan,08:00-11:59,2026
KEBAYORAN LAMA,Penganiayaan,08:00-11:59,2026
KEBAYORAN LAMA,Pengeroyokan,08:00-11:59,2026
KEBAYORAN LAMA,Penggelapan,08:00-11:59,2026
KEBAYORAN LAMA,Penggelapan,08:00-11:59,2026
KEBAYORAN LAMA,Penggelapan,08:00-11:59,2026
KEBAYORAN LAMA,Penggelapan,08:00-11:59,2026
KEBAYORAN LAMA,Penggelapan,08:00-11:59,2026
KEBAYORAN LAMA,Penggelapan,08:00-11:59,2026
KEBAYORAN LAMA,Penggelapan,08:00-11:59,2026
KEBAYORAN LAMA,Penipuan / Perbuatan Curang,08:00-11:59,2026
KEBAYORAN LAMA,Penipuan / Perbuatan Curang,08:00-11:59,2026
KEBAYORAN LAMA,Penipuan / Perbuatan Curang,08:00-11:59,2026
KEBAYORAN LAMA,Penipuan / Perbuatan Curang,08:00-11:59,2026
KEBAYORAN LAMA,Penipuan / Perbuatan Curang,08:00-11:59,2026
KEBAYORAN LAMA,Penipuan / Perbuatan Curang,08:00-11:59,2026
KEBAYORAN LAMA,Penipuan / Perbuatan Curang,08:00-11:59,2026
KEBAYORAN LAMA,Penipuan / Perbuatan Curang,08:00-11:59,2026
KEBAYORAN LAMA,Penipuan / Perbuatan Curang,08:00-11:59,2026
KEBAYORAN LAMA,Penipuan / Perbuatan Curang,08:00-11:59,2026
KEBAYORAN LAMA,Penipuan / Perbuatan Curang,08:00-11:59,2026
KEBAYORAN LAMA,Penipuan / Perbuatan Curang,08:00-11:59,2026
KEBAYORAN LAMA,Penyekapan,08:00-11:59,2026
KEBAYORAN LAMA,Perbuatan Yang Tidak Menyenangkan,08:00-11:59,2026
KEBAYORAN LAMA,Perkosaan,08:00-11:59,2026
KEBAYORAN LAMA,Perzinahan,08:00-11:59,2026
KEBAYORAN LAMA,Perzinahan,08:00-11:59,2026
KEBAYORAN LAMA,Cabul,12:00-14:59,2026
KEBAYORAN LAMA,Curanmor R-2,12:00-14:59,2026
KEBAYORAN LAMA,Kejahatan Tentang Jaminan Fidusia,12:00-14:59,2026
KEBAYORAN LAMA,Kejahatan Tentang Pornografi,12:00-14:59,2026
KEBAYORAN LAMA,Kejahatan Terkait Perlindungan Data Pribadi,12:00-14:59,2026
KEBAYORAN LAMA,Kejahatan Terkait Perlindungan Data Pribadi,12:00-14:59,2026
KEBAYORAN LAMA,Kejahatan Terkait Rahasia Dagang,12:00-14:59,2026
KEBAYORAN LAMA,Kekerasan Dalam Rumah Tangga,12:00-14:59,2026
KEBAYORAN LAMA,Kekerasan Dalam Rumah Tangga,12:00-14:59,2026
KEBAYORAN LAMA,Kekerasan Dalam Rumah Tangga,12:00-14:59,2026
KEBAYORAN LAMA,Manipulasi data autentik secara elektronik (ITE),12:00-14:59,2026
KEBAYORAN LAMA,Manipulasi data autentik secara elektronik (ITE),12:00-14:59,2026
KEBAYORAN LAMA,Manipulasi data autentik secara elektronik (ITE),12:00-14:59,2026
KEBAYORAN LAMA,Manipulasi data autentik secara elektronik (ITE),12:00-14:59,2026
KEBAYORAN LAMA,Manipulasi data autentik secara elektronik (ITE),12:00-14:59,2026
KEBAYORAN LAMA,Manipulasi data autentik secara elektronik (ITE),12:00-14:59,2026
KEBAYORAN LAMA,Manipulasi data autentik secara elektronik (ITE),12:00-14:59,2026
KEBAYORAN LAMA,Manipulasi data autentik secara elektronik (ITE),12:00-14:59,2026
KEBAYORAN LAMA,Manipulasi data autentik secara elektronik (ITE),12:00-14:59,2026
KEBAYORAN LAMA,Manipulasi data autentik secara elektronik (ITE),12:00-14:59,2026
KEBAYORAN LAMA,Manipulasi data autentik secara elektronik (ITE),12:00-14:59,2026
KEBAYORAN LAMA,Manipulasi data autentik secara elektronik (ITE),12:00-14:59,2026
KEBAYORAN LAMA,Manipulasi data autentik secara elektronik (ITE),12:00-14:59,2026
KEBAYORAN LAMA,Manipulasi data autentik secara elektronik (ITE),12:00-14:59,2026
KEBAYORAN LAMA,Manipulasi data autentik secara elektronik (ITE),12:00-14:59,2026
KEBAYORAN LAMA,Manipulasi data autentik secara elektronik (ITE),12:00-14:59,2026
KEBAYORAN LAMA,Manipulasi data autentik secara elektronik (ITE),12:00-14:59,2026
KEBAYORAN LAMA,Manipulasi data autentik secara elektronik (ITE),12:00-14:59,2026
KEBAYORAN LAMA,Memasuki Pekarangan Tanpa Ijin,12:00-14:59,2026
KEBAYORAN LAMA,Narkotika ( Narkoba ),12:00-14:59,2026
KEBAYORAN LAMA,Narkotika ( Narkoba ),12:00-14:59,2026
KEBAYORAN LAMA,Narkotika ( Narkoba ),12:00-14:59,2026
KEBAYORAN LAMA,Narkotika ( Narkoba ),12:00-14:59,2026
KEBAYORAN LAMA,Pencemaran Nama Baik,12:00-14:59,2026
KEBAYORAN LAMA,Pencemaran Nama Baik,12:00-14:59,2026
KEBAYORAN LAMA,Pencemaran Nama Baik,12:00-14:59,2026
KEBAYORAN LAMA,Pencurian Biasa,12:00-14:59,2026
KEBAYORAN LAMA,Pencurian Biasa,12:00-14:59,2026
KEBAYORAN LAMA,Pencurian Biasa,12:00-14:59,2026
KEBAYORAN LAMA,Pencurian Biasa,12:00-14:59,2026
KEBAYORAN LAMA,Pencurian Biasa,12:00-14:59,2026
KEBAYORAN LAMA,Pencurian Biasa,12:00-14:59,2026
KEBAYORAN LAMA,Pencurian Biasa,12:00-14:59,2026
KEBAYORAN LAMA,Pencurian Biasa,12:00-14:59,2026
KEBAYORAN LAMA,Pencurian Biasa,12:00-14:59,2026
KEBAYORAN LAMA,Pencurian Dengan Pemberatan ( Curat ),12:00-14:59,2026
KEBAYORAN LAMA,Pencurian Dengan Pemberatan ( Curat ),12:00-14:59,2026
KEBAYORAN LAMA,Pengancaman,12:00-14:59,2026
KEBAYORAN LAMA,Penganiayaan,12:00-14:59,2026
KEBAYORAN LAMA,Pengeroyokan,12:00-14:59,2026
KEBAYORAN LAMA,Penggelapan,12:00-14:59,2026
KEBAYORAN LAMA,Penggelapan,12:00-14:59,2026
KEBAYORAN LAMA,Penggelapan,12:00-14:59,2026
KEBAYORAN LAMA,Penggelapan,12:00-14:59,2026
KEBAYORAN LAMA,Penggelapan,12:00-14:59,2026
KEBAYORAN LAMA,Penggelapan,12:00-14:59,2026
KEBAYORAN LAMA,Penggelapan,12:00-14:59,2026
KEBAYORAN LAMA,Penggelapan,12:00-14:59,2026
KEBAYORAN LAMA,Penggelapan,12:00-14:59,2026
KEBAYORAN LAMA,Penggelapan,12:00-14:59,2026
KEBAYORAN LAMA,Penggelapan,12:00-14:59,2026
KEBAYORAN LAMA,Penggelapan,12:00-14:59,2026
KEBAYORAN LAMA,Penipuan / Perbuatan Curang,12:00-14:59,2026
KEBAYORAN LAMA,Penipuan / Perbuatan Curang,12:00-14:59,2026
KEBAYORAN LAMA,Penipuan / Perbuatan Curang,12:00-14:59,2026
KEBAYORAN LAMA,Penipuan / Perbuatan Curang,12:00-14:59,2026
KEBAYORAN LAMA,Penipuan / Perbuatan Curang,12:00-14:59,2026
KEBAYORAN LAMA,Penipuan / Perbuatan Curang,12:00-14:59,2026
KEBAYORAN LAMA,Penipuan / Perbuatan Curang,12:00-14:59,2026
KEBAYORAN LAMA,Penipuan / Perbuatan Curang,12:00-14:59,2026
KEBAYORAN LAMA,Penipuan / Perbuatan Curang,12:00-14:59,2026
KEBAYORAN LAMA,Penipuan / Perbuatan Curang,12:00-14:59,2026
KEBAYORAN LAMA,Penipuan / Perbuatan Curang,12:00-14:59,2026
KEBAYORAN LAMA,Penipuan / Perbuatan Curang,12:00-14:59,2026
KEBAYORAN LAMA,Penipuan / Perbuatan Curang,12:00-14:59,2026
KEBAYORAN LAMA,Penipuan / Perbuatan Curang,12:00-14:59,2026
KEBAYORAN LAMA,Penipuan / Perbuatan Curang,12:00-14:59,2026
KEBAYORAN LAMA,Perkosaan,12:00-14:59,2026
KEBAYORAN LAMA,Perkosaan,12:00-14:59,2026
KEBAYORAN LAMA,Perzinahan,12:00-14:59,2026
KEBAYORAN LAMA,Tindak Pidana Dalam Perlindungan Anak,12:00-14:59,2026
KEBAYORAN LAMA,Tindak Pidana Transfer Dana,12:00-14:59,2026
KEBAYORAN LAMA,Kejahatan Tentang Pornografi,15:00-17:59,2026
KEBAYORAN LAMA,Kejahatan Tentang Pornografi,15:00-17:59,2026
KEBAYORAN LAMA,Kekerasan Dalam Rumah Tangga,15:00-17:59,2026
KEBAYORAN LAMA,Kekerasan Dalam Rumah Tangga,15:00-17:59,2026
KEBAYORAN LAMA,Kekerasan Dalam Rumah Tangga,15:00-17:59,2026
KEBAYORAN LAMA,Manipulasi data autentik secara elektronik (ITE),15:00-17:59,2026
KEBAYORAN LAMA,Manipulasi data autentik secara elektronik (ITE),15:00-17:59,2026
KEBAYORAN LAMA,Manipulasi data autentik secara elektronik (ITE),15:00-17:59,2026
KEBAYORAN LAMA,Manipulasi data autentik secara elektronik (ITE),15:00-17:59,2026
KEBAYORAN LAMA,Manipulasi data autentik secara elektronik (ITE),15:00-17:59,2026
KEBAYORAN LAMA,Manipulasi data autentik secara elektronik (ITE),15:00-17:59,2026
KEBAYORAN LAMA,Manipulasi data autentik secara elektronik (ITE),15:00-17:59,2026
KEBAYORAN LAMA,Manipulasi data autentik secara elektronik (ITE),15:00-17:59,2026
KEBAYORAN LAMA,Manipulasi data autentik secara elektronik (ITE),15:00-17:59,2026
KEBAYORAN LAMA,Manipulasi data autentik secara elektronik (ITE),15:00-17:59,2026
KEBAYORAN LAMA,Manipulasi data autentik secara elektronik (ITE),15:00-17:59,2026
KEBAYORAN LAMA,Manipulasi data autentik secara elektronik (ITE),15:00-17:59,2026
KEBAYORAN LAMA,Manipulasi data autentik secara elektronik (ITE),15:00-17:59,2026
KEBAYORAN LAMA,Manipulasi data autentik secara elektronik (ITE),15:00-17:59,2026
KEBAYORAN LAMA,Memasuki Pekarangan Tanpa Ijin,15:00-17:59,2026
KEBAYORAN LAMA,Memasuki Pekarangan Tanpa Ijin,15:00-17:59,2026
KEBAYORAN LAMA,Narkotika ( Narkoba ),15:00-17:59,2026
KEBAYORAN LAMA,Pencemaran Nama Baik,15:00-17:59,2026
KEBAYORAN LAMA,Pencemaran Nama Baik,15:00-17:59,2026
KEBAYORAN LAMA,Pencemaran Nama Baik,15:00-17:59,2026
KEBAYORAN LAMA,Pencemaran Nama Baik,15:00-17:59,2026
KEBAYORAN LAMA,Pencemaran Nama Baik,15:00-17:59,2026
KEBAYORAN LAMA,Pencemaran Nama Baik,15:00-17:59,2026
KEBAYORAN LAMA,Pencemaran Nama Baik,15:00-17:59,2026
KEBAYORAN LAMA,Pencemaran Nama Baik,15:00-17:59,2026
KEBAYORAN LAMA,Pencurian Biasa,15:00-17:59,2026
KEBAYORAN LAMA,Pencurian Biasa,15:00-17:59,2026
KEBAYORAN LAMA,Pencurian Biasa,15:00-17:59,2026
KEBAYORAN LAMA,Pencurian Biasa,15:00-17:59,2026
KEBAYORAN LAMA,Pencurian Biasa,15:00-17:59,2026
KEBAYORAN LAMA,Pencurian Biasa,15:00-17:59,2026
KEBAYORAN LAMA,Pencurian Biasa,15:00-17:59,2026
KEBAYORAN LAMA,Pencurian Biasa,15:00-17:59,2026
KEBAYORAN LAMA,Pencurian Biasa,15:00-17:59,2026
KEBAYORAN LAMA,Pencurian Biasa,15:00-17:59,2026
KEBAYORAN LAMA,Pencurian Biasa,15:00-17:59,2026
KEBAYORAN LAMA,Pencurian Biasa,15:00-17:59,2026
KEBAYORAN LAMA,Pencurian Biasa,15:00-17:59,2026
KEBAYORAN LAMA,Pencurian Biasa,15:00-17:59,2026
KEBAYORAN LAMA,Pencurian Biasa,15:00-17:59,2026
KEBAYORAN LAMA,Pencurian Biasa,15:00-17:59,2026
KEBAYORAN LAMA,Pencurian Biasa,15:00-17:59,2026
KEBAYORAN LAMA,Pencurian Biasa,15:00-17:59,2026
KEBAYORAN LAMA,Pencurian Biasa,15:00-17:59,2026
KEBAYORAN LAMA,Pencurian Biasa,15:00-17:59,2026
KEBAYORAN LAMA,Pencurian Dengan Kekerasan ( Curas ),15:00-17:59,2026
KEBAYORAN LAMA,Pencurian Dengan Pemberatan ( Curat ),15:00-17:59,2026
KEBAYORAN LAMA,Pencurian Dengan Pemberatan ( Curat ),15:00-17:59,2026
KEBAYORAN LAMA,Penganiayaan,15:00-17:59,2026
KEBAYORAN LAMA,Penganiayaan,15:00-17:59,2026
KEBAYORAN LAMA,Penganiayaan,15:00-17:59,2026
KEBAYORAN LAMA,Penganiayaan,15:00-17:59,2026
KEBAYORAN LAMA,Penganiayaan,15:00-17:59,2026
KEBAYORAN LAMA,Penganiayaan,15:00-17:59,2026
KEBAYORAN LAMA,Penganiayaan,15:00-17:59,2026
KEBAYORAN LAMA,Penggelapan,15:00-17:59,2026
KEBAYORAN LAMA,Penggelapan,15:00-17:59,2026
KEBAYORAN LAMA,Penggelapan,15:00-17:59,2026
KEBAYORAN LAMA,Penggelapan,15:00-17:59,2026
KEBAYORAN LAMA,Penggelapan,15:00-17:59,2026
KEBAYORAN LAMA,Penggelapan,15:00-17:59,2026
KEBAYORAN LAMA,Penggelapan,15:00-17:59,2026
KEBAYORAN LAMA,Penggelapan,15:00-17:59,2026
KEBAYORAN LAMA,Penggelapan,15:00-17:59,2026
KEBAYORAN LAMA,Penggelapan,15:00-17:59,2026
KEBAYORAN LAMA,Penggelapan,15:00-17:59,2026
KEBAYORAN LAMA,Penggelapan,15:00-17:59,2026
KEBAYORAN LAMA,Penggelapan,15:00-17:59,2026
KEBAYORAN LAMA,Penipuan / Perbuatan Curang,15:00-17:59,2026
KEBAYORAN LAMA,Penipuan / Perbuatan Curang,15:00-17:59,2026
KEBAYORAN LAMA,Penipuan / Perbuatan Curang,15:00-17:59,2026
KEBAYORAN LAMA,Penipuan / Perbuatan Curang,15:00-17:59,2026
KEBAYORAN LAMA,Penipuan / Perbuatan Curang,15:00-17:59,2026
KEBAYORAN LAMA,Penipuan / Perbuatan Curang,15:00-17:59,2026
KEBAYORAN LAMA,Penipuan / Perbuatan Curang,15:00-17:59,2026
KEBAYORAN LAMA,Perampasan ( Premanisme ),15:00-17:59,2026
KEBAYORAN LAMA,Perkosaan,15:00-17:59,2026
KEBAYORAN LAMA,Perzinahan,15:00-17:59,2026
KEBAYORAN LAMA,Sumpah Palsu Dan Keterangan Palsu,15:00-17:59,2026
KEBAYORAN LAMA,Tindak Asusila,15:00-17:59,2026
KEBAYORAN LAMA,Cabul,18:00-21:59,2026
KEBAYORAN LAMA,Curanmor R-2,18:00-21:59,2026
KEBAYORAN LAMA,Kejahatan Terkait Perlindungan Data Pribadi,18:00-21:59,2026
KEBAYORAN LAMA,Kejahatan Terkait Senjata Tajam ( Sajam ) ( Premanisme ),18:00-21:59,2026
KEBAYORAN LAMA,Kejahatan terkait Tenaga Kesehatan,18:00-21:59,2026
KEBAYORAN LAMA,Kekerasan Dalam Rumah Tangga,18:00-21:59,2026
KEBAYORAN LAMA,Kekerasan Dalam Rumah Tangga,18:00-21:59,2026
KEBAYORAN LAMA,Kekerasan Dalam Rumah Tangga,18:00-21:59,2026
KEBAYORAN LAMA,Kekerasan Dalam Rumah Tangga,18:00-21:59,2026
KEBAYORAN LAMA,Kekerasan Dalam Rumah Tangga,18:00-21:59,2026
KEBAYORAN LAMA,Kekerasan Dalam Rumah Tangga,18:00-21:59,2026
KEBAYORAN LAMA,Kekerasan Dalam Rumah Tangga,18:00-21:59,2026
KEBAYORAN LAMA,Kekerasan Seksual (KDRT),18:00-21:59,2026
KEBAYORAN LAMA,Manipulasi data autentik secara elektronik (ITE),18:00-21:59,2026
KEBAYORAN LAMA,Manipulasi data autentik secara elektronik (ITE),18:00-21:59,2026
KEBAYORAN LAMA,Manipulasi data autentik secara elektronik (ITE),18:00-21:59,2026
KEBAYORAN LAMA,Manipulasi data autentik secara elektronik (ITE),18:00-21:59,2026
KEBAYORAN LAMA,Manipulasi data autentik secara elektronik (ITE),18:00-21:59,2026
KEBAYORAN LAMA,Manipulasi data autentik secara elektronik (ITE),18:00-21:59,2026
KEBAYORAN LAMA,Manipulasi data autentik secara elektronik (ITE),18:00-21:59,2026
KEBAYORAN LAMA,Manipulasi data autentik secara elektronik (ITE),18:00-21:59,2026
KEBAYORAN LAMA,Manipulasi data autentik secara elektronik (ITE),18:00-21:59,2026
KEBAYORAN LAMA,Memasuki Pekarangan Tanpa Ijin,18:00-21:59,2026
KEBAYORAN LAMA,Narkotika ( Narkoba ),18:00-21:59,2026
KEBAYORAN LAMA,Narkotika ( Narkoba ),18:00-21:59,2026
KEBAYORAN LAMA,Narkotika ( Narkoba ),18:00-21:59,2026
KEBAYORAN LAMA,Narkotika ( Narkoba ),18:00-21:59,2026
KEBAYORAN LAMA,Narkotika ( Narkoba ),18:00-21:59,2026
KEBAYORAN LAMA,Narkotika ( Narkoba ),18:00-21:59,2026
KEBAYORAN LAMA,Narkotika ( Narkoba ),18:00-21:59,2026
KEBAYORAN LAMA,Pemerasan Dan Pengancaman,18:00-21:59,2026
KEBAYORAN LAMA,Pencemaran Nama Baik,18:00-21:59,2026
KEBAYORAN LAMA,Pencemaran Nama Baik,18:00-21:59,2026
KEBAYORAN LAMA,Pencemaran Nama Baik,18:00-21:59,2026
KEBAYORAN LAMA,Pencemaran Nama Baik,18:00-21:59,2026
KEBAYORAN LAMA,Penculikan,18:00-21:59,2026
KEBAYORAN LAMA,Pencurian Biasa,18:00-21:59,2026
KEBAYORAN LAMA,Pencurian Biasa,18:00-21:59,2026
KEBAYORAN LAMA,Pencurian Biasa,18:00-21:59,2026
KEBAYORAN LAMA,Pencurian Biasa,18:00-21:59,2026
KEBAYORAN LAMA,Pencurian Biasa,18:00-21:59,2026
KEBAYORAN LAMA,Pencurian Biasa,18:00-21:59,2026
KEBAYORAN LAMA,Pencurian Biasa,18:00-21:59,2026
KEBAYORAN LAMA,Pencurian Biasa,18:00-21:59,2026
KEBAYORAN LAMA,Pencurian Dengan Pemberatan ( Curat ),18:00-21:59,2026
KEBAYORAN LAMA,Pencurian Dengan Pemberatan ( Curat ),18:00-21:59,2026
KEBAYORAN LAMA,Pencurian Dengan Pemberatan ( Curat ),18:00-21:59,2026
KEBAYORAN LAMA,Pencurian Dengan Pemberatan ( Curat ),18:00-21:59,2026
KEBAYORAN LAMA,Pencurian Dengan Pemberatan ( Curat ),18:00-21:59,2026
KEBAYORAN LAMA,Penganiayaan,18:00-21:59,2026
KEBAYORAN LAMA,Penganiayaan,18:00-21:59,2026
KEBAYORAN LAMA,Penganiayaan,18:00-21:59,2026
KEBAYORAN LAMA,Penganiayaan,18:00-21:59,2026
KEBAYORAN LAMA,Penganiayaan,18:00-21:59,2026
KEBAYORAN LAMA,Penganiayaan,18:00-21:59,2026
KEBAYORAN LAMA,Pengeroyokan,18:00-21:59,2026
KEBAYORAN LAMA,Pengerusakan,18:00-21:59,2026
KEBAYORAN LAMA,Penggelapan,18:00-21:59,2026
KEBAYORAN LAMA,Penggelapan,18:00-21:59,2026
KEBAYORAN LAMA,Penggelapan,18:00-21:59,2026
KEBAYORAN LAMA,Penggelapan,18:00-21:59,2026
KEBAYORAN LAMA,Penggelapan,18:00-21:59,2026
KEBAYORAN LAMA,Penggelapan,18:00-21:59,2026
KEBAYORAN LAMA,Penggelapan,18:00-21:59,2026
KEBAYORAN LAMA,Penggelapan,18:00-21:59,2026
KEBAYORAN LAMA,Penggelapan,18:00-21:59,2026
KEBAYORAN LAMA,Penggelapan,18:00-21:59,2026
KEBAYORAN LAMA,Penipuan / Perbuatan Curang,18:00-21:59,2026
KEBAYORAN LAMA,Penipuan / Perbuatan Curang,18:00-21:59,2026
KEBAYORAN LAMA,Penipuan / Perbuatan Curang,18:00-21:59,2026
KEBAYORAN LAMA,Penipuan / Perbuatan Curang,18:00-21:59,2026
KEBAYORAN LAMA,Penipuan / Perbuatan Curang,18:00-21:59,2026
KEBAYORAN LAMA,Penipuan / Perbuatan Curang,18:00-21:59,2026
KEBAYORAN LAMA,Penipuan / Perbuatan Curang,18:00-21:59,2026
KEBAYORAN LAMA,Penipuan / Perbuatan Curang,18:00-21:59,2026
KEBAYORAN LAMA,Penipuan / Perbuatan Curang,18:00-21:59,2026
KEBAYORAN LAMA,Penipuan / Perbuatan Curang,18:00-21:59,2026
KEBAYORAN LAMA,Penipuan / Perbuatan Curang,18:00-21:59,2026
KEBAYORAN LAMA,Penipuan / Perbuatan Curang,18:00-21:59,2026
KEBAYORAN LAMA,Penipuan / Perbuatan Curang,18:00-21:59,2026
KEBAYORAN LAMA,Perbankan,18:00-21:59,2026
KEBAYORAN LAMA,Perbuatan Yang Tidak Menyenangkan,18:00-21:59,2026
KEBAYORAN LAMA,Percobaan Pencurian,18:00-21:59,2026
KEBAYORAN LAMA,Terorisme,18:00-21:59,2026
KEBAYORAN LAMA,Tindak Pidana Dalam Perlindungan Anak,18:00-21:59,2026
KEBAYORAN LAMA,Tindak Pidana Transfer Dana,18:00-21:59,2026
KEBAYORAN LAMA,Kejahatan Terkait Perlindungan Data Pribadi,22:00-23:59,2026
KEBAYORAN LAMA,Kekerasan Seksual (KDRT),22:00-23:59,2026
KEBAYORAN LAMA,Manipulasi data autentik secara elektronik (ITE),22:00-23:59,2026
KEBAYORAN LAMA,Manipulasi data autentik secara elektronik (ITE),22:00-23:59,2026
KEBAYORAN LAMA,Manipulasi data autentik secara elektronik (ITE),22:00-23:59,2026
KEBAYORAN LAMA,Manipulasi data autentik secara elektronik (ITE),22:00-23:59,2026
KEBAYORAN LAMA,Narkotika ( Narkoba ),22:00-23:59,2026
KEBAYORAN LAMA,Pencemaran Nama Baik,22:00-23:59,2026
KEBAYORAN LAMA,Pencurian Biasa,22:00-23:59,2026
KEBAYORAN LAMA,Pencurian Biasa,22:00-23:59,2026
KEBAYORAN LAMA,Pencurian Biasa,22:00-23:59,2026
KEBAYORAN LAMA,Pencurian Dengan Pemberatan ( Curat ),22:00-23:59,2026
KEBAYORAN LAMA,Pencurian Dengan Pemberatan ( Curat ),22:00-23:59,2026
KEBAYORAN LAMA,Pencurian Dengan Pemberatan ( Curat ),22:00-23:59,2026
KEBAYORAN LAMA,Pengancaman,22:00-23:59,2026
KEBAYORAN LAMA,Penganiayaan,22:00-23:59,2026
KEBAYORAN LAMA,Penggelapan,22:00-23:59,2026
KEBAYORAN LAMA,Penggelapan,22:00-23:59,2026
KEBAYORAN LAMA,Penggelapan,22:00-23:59,2026
KEBAYORAN LAMA,Penipuan / Perbuatan Curang,22:00-23:59,2026
KEBAYORAN LAMA,Curanmor R-2,00:00-04:59,2026
KEBAYORAN LAMA,Kekerasan Dalam Rumah Tangga,00:00-04:59,2026
KEBAYORAN LAMA,Kekerasan Seksual (KDRT),00:00-04:59,2026
KEBAYORAN LAMA,Manipulasi data autentik secara elektronik (ITE),00:00-04:59,2026
KEBAYORAN LAMA,Memasuki Pekarangan Tanpa Ijin,00:00-04:59,2026
KEBAYORAN LAMA,Narkotika ( Narkoba ),00:00-04:59,2026
KEBAYORAN LAMA,Narkotika ( Narkoba ),00:00-04:59,2026
KEBAYORAN LAMA,Narkotika ( Narkoba ),00:00-04:59,2026
KEBAYORAN LAMA,Narkotika ( Narkoba ),00:00-04:59,2026
KEBAYORAN LAMA,Narkotika ( Narkoba ),00:00-04:59,2026
KEBAYORAN LAMA,Narkotika ( Narkoba ),00:00-04:59,2026
KEBAYORAN LAMA,Narkotika ( Narkoba ),00:00-04:59,2026
KEBAYORAN LAMA,Narkotika ( Narkoba ),00:00-04:59,2026
KEBAYORAN LAMA,Narkotika ( Narkoba ),00:00-04:59,2026
KEBAYORAN LAMA,Narkotika ( Narkoba ),00:00-04:59,2026
KEBAYORAN LAMA,Pencemaran Nama Baik,00:00-04:59,2026
KEBAYORAN LAMA,Pencemaran Nama Baik,00:00-04:59,2026
KEBAYORAN LAMA,Penculikan,00:00-04:59,2026
KEBAYORAN LAMA,Pencurian Biasa,00:00-04:59,2026
KEBAYORAN LAMA,Pencurian Biasa,00:00-04:59,2026
KEBAYORAN LAMA,Pencurian Biasa,00:00-04:59,2026
KEBAYORAN LAMA,Pencurian Biasa,00:00-04:59,2026
KEBAYORAN LAMA,Pencurian Biasa,00:00-04:59,2026
KEBAYORAN LAMA,Pencurian Biasa,00:00-04:59,2026
KEBAYORAN LAMA,Pencurian Biasa,00:00-04:59,2026
KEBAYORAN LAMA,Pencurian Biasa,00:00-04:59,2026
KEBAYORAN LAMA,Pencurian Biasa,00:00-04:59,2026
KEBAYORAN LAMA,Pencurian Biasa,00:00-04:59,2026
KEBAYORAN LAMA,Pencurian Dengan Pemberatan ( Curat ),00:00-04:59,2026
KEBAYORAN LAMA,Pencurian Dengan Pemberatan ( Curat ),00:00-04:59,2026
KEBAYORAN LAMA,Pencurian Dengan Pemberatan ( Curat ),00:00-04:59,2026
KEBAYORAN LAMA,Pencurian Dengan Pemberatan ( Curat ),00:00-04:59,2026
KEBAYORAN LAMA,Pencurian Dengan Pemberatan ( Curat ),00:00-04:59,2026
KEBAYORAN LAMA,Pencurian Dengan Pemberatan ( Curat ),00:00-04:59,2026
KEBAYORAN LAMA,Pencurian Dengan Pemberatan ( Curat ),00:00-04:59,2026
KEBAYORAN LAMA,Pencurian Ringan,00:00-04:59,2026
KEBAYORAN LAMA,Pengancaman,00:00-04:59,2026
KEBAYORAN LAMA,Penganiayaan,00:00-04:59,2026
KEBAYORAN LAMA,Penganiayaan,00:00-04:59,2026
KEBAYORAN LAMA,Penganiayaan,00:00-04:59,2026
KEBAYORAN LAMA,Penganiayaan,00:00-04:59,2026
KEBAYORAN LAMA,Penganiayaan,00:00-04:59,2026
KEBAYORAN LAMA,Penganiayaan,00:00-04:59,2026
KEBAYORAN LAMA,Penganiayaan,00:00-04:59,2026
KEBAYORAN LAMA,Pengeroyokan,00:00-04:59,2026
KEBAYORAN LAMA,Pengeroyokan,00:00-04:59,2026
KEBAYORAN LAMA,Pengeroyokan,00:00-04:59,2026
KEBAYORAN LAMA,Pengeroyokan,00:00-04:59,2026
KEBAYORAN LAMA,Penggelapan,00:00-04:59,2026
KEBAYORAN LAMA,Penggelapan,00:00-04:59,2026
KEBAYORAN LAMA,Penggelapan,00:00-04:59,2026
KEBAYORAN LAMA,Penggelapan,00:00-04:59,2026
KEBAYORAN LAMA,Penipuan / Perbuatan Curang,00:00-04:59,2026
KEBAYORAN LAMA,Percobaan Pencurian,00:00-04:59,2026
KEBAYORAN LAMA,Percobaan Pencurian,00:00-04:59,2026
KEBAYORAN LAMA,Perdagangan Manusia / Trafficking In Person / Tppo (dalam Negeri),00:00-04:59,2026
JATINEGARA,Kekerasan Dalam Rumah Tangga,05:00-07:59,2026
JATINEGARA,Manipulasi data autentik secara elektronik (ITE),05:00-07:59,2026
JATINEGARA,Manipulasi data autentik secara elektronik (ITE),05:00-07:59,2026
JATINEGARA,Pencurian Biasa,05:00-07:59,2026
JATINEGARA,Pencurian Biasa,05:00-07:59,2026
JATINEGARA,Pencurian Biasa,05:00-07:59,2026
JATINEGARA,Pencurian Biasa,05:00-07:59,2026
JATINEGARA,Pencurian Biasa,05:00-07:59,2026
JATINEGARA,Pencurian Biasa,05:00-07:59,2026
JATINEGARA,Pencurian Biasa,05:00-07:59,2026
JATINEGARA,Pencurian Dengan Pemberatan ( Curat ),05:00-07:59,2026
JATINEGARA,Pencurian Dengan Pemberatan ( Curat ),05:00-07:59,2026
JATINEGARA,Pencurian Dengan Pemberatan ( Curat ),05:00-07:59,2026
JATINEGARA,Penganiayaan,05:00-07:59,2026
JATINEGARA,Penganiayaan,05:00-07:59,2026
JATINEGARA,Penganiayaan,05:00-07:59,2026
JATINEGARA,Perampasan ( Premanisme ),05:00-07:59,2026
JATINEGARA,Cabul,08:00-11:59,2026
JATINEGARA,Kejahatan Terkait Perlindungan Data Pribadi,08:00-11:59,2026
JATINEGARA,Manipulasi data autentik secara elektronik (ITE),08:00-11:59,2026
JATINEGARA,Manipulasi data autentik secara elektronik (ITE),08:00-11:59,2026
JATINEGARA,Manipulasi data autentik secara elektronik (ITE),08:00-11:59,2026
JATINEGARA,Manipulasi data autentik secara elektronik (ITE),08:00-11:59,2026
JATINEGARA,Manipulasi data autentik secara elektronik (ITE),08:00-11:59,2026
JATINEGARA,Manipulasi data autentik secara elektronik (ITE),08:00-11:59,2026
JATINEGARA,Manipulasi data autentik secara elektronik (ITE),08:00-11:59,2026
JATINEGARA,Manipulasi data autentik secara elektronik (ITE),08:00-11:59,2026
JATINEGARA,Manipulasi data autentik secara elektronik (ITE),08:00-11:59,2026
JATINEGARA,Manipulasi data autentik secara elektronik (ITE),08:00-11:59,2026
JATINEGARA,Manipulasi data autentik secara elektronik (ITE),08:00-11:59,2026
JATINEGARA,Manipulasi data autentik secara elektronik (ITE),08:00-11:59,2026
JATINEGARA,Manipulasi data autentik secara elektronik (ITE),08:00-11:59,2026
JATINEGARA,Manipulasi data autentik secara elektronik (ITE),08:00-11:59,2026
JATINEGARA,Pencemaran Nama Baik,08:00-11:59,2026
JATINEGARA,Pencemaran Nama Baik,08:00-11:59,2026
JATINEGARA,Pencurian Biasa,08:00-11:59,2026
JATINEGARA,Pencurian Biasa,08:00-11:59,2026
JATINEGARA,Pencurian Biasa,08:00-11:59,2026
JATINEGARA,Pencurian Biasa,08:00-11:59,2026
JATINEGARA,Pencurian Biasa,08:00-11:59,2026
JATINEGARA,Pencurian Biasa,08:00-11:59,2026
JATINEGARA,Pencurian Biasa,08:00-11:59,2026
JATINEGARA,Pencurian Biasa,08:00-11:59,2026
JATINEGARA,Pencurian Biasa,08:00-11:59,2026
JATINEGARA,Pencurian Biasa,08:00-11:59,2026
JATINEGARA,Pencurian Biasa,08:00-11:59,2026
JATINEGARA,Pencurian Biasa,08:00-11:59,2026
JATINEGARA,Pencurian Biasa,08:00-11:59,2026
JATINEGARA,Pencurian Biasa,08:00-11:59,2026
JATINEGARA,Pencurian Biasa,08:00-11:59,2026
JATINEGARA,Pencurian Biasa,08:00-11:59,2026
JATINEGARA,Pencurian Biasa,08:00-11:59,2026
JATINEGARA,Pencurian Biasa,08:00-11:59,2026
JATINEGARA,Pencurian Biasa,08:00-11:59,2026
JATINEGARA,Pencurian Biasa,08:00-11:59,2026
JATINEGARA,Pencurian Dengan Pemberatan ( Curat ),08:00-11:59,2026
JATINEGARA,Pencurian Dengan Pemberatan ( Curat ),08:00-11:59,2026
JATINEGARA,Pencurian Dengan Pemberatan ( Curat ),08:00-11:59,2026
JATINEGARA,Pencurian Dengan Pemberatan ( Curat ),08:00-11:59,2026
JATINEGARA,Pencurian Dengan Pemberatan ( Curat ),08:00-11:59,2026
JATINEGARA,Pencurian Ringan,08:00-11:59,2026
JATINEGARA,Penganiayaan,08:00-11:59,2026
JATINEGARA,Penganiayaan,08:00-11:59,2026
JATINEGARA,Penganiayaan,08:00-11:59,2026
JATINEGARA,Penganiayaan,08:00-11:59,2026
JATINEGARA,Penganiayaan,08:00-11:59,2026
JATINEGARA,Penganiayaan Berat ( Anirat ),08:00-11:59,2026
JATINEGARA,Penggelapan,08:00-11:59,2026
JATINEGARA,Penggelapan,08:00-11:59,2026
JATINEGARA,Penggelapan,08:00-11:59,2026
JATINEGARA,Penggelapan,08:00-11:59,2026
JATINEGARA,Penipuan / Perbuatan Curang,08:00-11:59,2026
JATINEGARA,Penipuan / Perbuatan Curang,08:00-11:59,2026
JATINEGARA,Curanmor R-2,12:00-14:59,2026
JATINEGARA,Curanmor R-2,12:00-14:59,2026
JATINEGARA,Kejahatan Terkait Senjata Tajam ( Sajam ) ( Premanisme ),12:00-14:59,2026
JATINEGARA,Kejahatan terkait Tenaga Kesehatan,12:00-14:59,2026
JATINEGARA,Manipulasi data autentik secara elektronik (ITE),12:00-14:59,2026
JATINEGARA,Manipulasi data autentik secara elektronik (ITE),12:00-14:59,2026
JATINEGARA,Manipulasi data autentik secara elektronik (ITE),12:00-14:59,2026
JATINEGARA,Manipulasi data autentik secara elektronik (ITE),12:00-14:59,2026
JATINEGARA,Manipulasi data autentik secara elektronik (ITE),12:00-14:59,2026
JATINEGARA,Manipulasi data autentik secara elektronik (ITE),12:00-14:59,2026
JATINEGARA,Manipulasi data autentik secara elektronik (ITE),12:00-14:59,2026
JATINEGARA,Manipulasi data autentik secara elektronik (ITE),12:00-14:59,2026
JATINEGARA,Manipulasi data autentik secara elektronik (ITE),12:00-14:59,2026
JATINEGARA,Manipulasi data autentik secara elektronik (ITE),12:00-14:59,2026
JATINEGARA,Manipulasi data autentik secara elektronik (ITE),12:00-14:59,2026
JATINEGARA,Manipulasi data autentik secara elektronik (ITE),12:00-14:59,2026
JATINEGARA,Manipulasi data autentik secara elektronik (ITE),12:00-14:59,2026
JATINEGARA,Manipulasi data autentik secara elektronik (ITE),12:00-14:59,2026
JATINEGARA,Manipulasi data autentik secara elektronik (ITE),12:00-14:59,2026
JATINEGARA,Manipulasi data autentik secara elektronik (ITE),12:00-14:59,2026
JATINEGARA,Manipulasi data autentik secara elektronik (ITE),12:00-14:59,2026
JATINEGARA,Manipulasi data autentik secara elektronik (ITE),12:00-14:59,2026
JATINEGARA,Manipulasi data autentik secara elektronik (ITE),12:00-14:59,2026
JATINEGARA,Manipulasi data autentik secara elektronik (ITE),12:00-14:59,2026
JATINEGARA,Manipulasi data autentik secara elektronik (ITE),12:00-14:59,2026
JATINEGARA,Manipulasi data autentik secara elektronik (ITE),12:00-14:59,2026
JATINEGARA,Manipulasi data autentik secara elektronik (ITE),12:00-14:59,2026
JATINEGARA,Manipulasi data autentik secara elektronik (ITE),12:00-14:59,2026
JATINEGARA,Manipulasi data autentik secara elektronik (ITE),12:00-14:59,2026
JATINEGARA,Narkotika ( Narkoba ),12:00-14:59,2026
JATINEGARA,Narkotika ( Narkoba ),12:00-14:59,2026
JATINEGARA,Narkotika ( Narkoba ),12:00-14:59,2026
JATINEGARA,Narkotika ( Narkoba ),12:00-14:59,2026
JATINEGARA,Narkotika ( Narkoba ),12:00-14:59,2026
JATINEGARA,Narkotika ( Narkoba ),12:00-14:59,2026
JATINEGARA,Narkotika ( Narkoba ),12:00-14:59,2026
JATINEGARA,Pemerasan,12:00-14:59,2026
JATINEGARA,Pemerasan Dan Pengancaman,12:00-14:59,2026
JATINEGARA,Pencemaran Nama Baik,12:00-14:59,2026
JATINEGARA,Pencemaran Nama Baik,12:00-14:59,2026
JATINEGARA,Pencemaran Nama Baik,12:00-14:59,2026
JATINEGARA,Pencurian Biasa,12:00-14:59,2026
JATINEGARA,Pencurian Biasa,12:00-14:59,2026
JATINEGARA,Pencurian Biasa,12:00-14:59,2026
JATINEGARA,Pencurian Biasa,12:00-14:59,2026
JATINEGARA,Pencurian Biasa,12:00-14:59,2026
JATINEGARA,Pencurian Biasa,12:00-14:59,2026
JATINEGARA,Pencurian Biasa,12:00-14:59,2026
JATINEGARA,Pencurian Biasa,12:00-14:59,2026
JATINEGARA,Pencurian Biasa,12:00-14:59,2026
JATINEGARA,Pencurian Biasa,12:00-14:59,2026
JATINEGARA,Pencurian Biasa,12:00-14:59,2026
JATINEGARA,Pencurian Biasa,12:00-14:59,2026
JATINEGARA,Pencurian Biasa,12:00-14:59,2026
JATINEGARA,Pencurian Biasa,12:00-14:59,2026
JATINEGARA,Pencurian Biasa,12:00-14:59,2026
JATINEGARA,Pencurian Biasa,12:00-14:59,2026
JATINEGARA,Pencurian Dengan Pemberatan ( Curat ),12:00-14:59,2026
JATINEGARA,Pencurian Dengan Pemberatan ( Curat ),12:00-14:59,2026
JATINEGARA,Pencurian Dengan Pemberatan ( Curat ),12:00-14:59,2026
JATINEGARA,Pencurian Dengan Pemberatan ( Curat ),12:00-14:59,2026
JATINEGARA,Pencurian Dengan Pemberatan ( Curat ),12:00-14:59,2026
JATINEGARA,Penganiayaan,12:00-14:59,2026
JATINEGARA,Penganiayaan,12:00-14:59,2026
JATINEGARA,Penganiayaan,12:00-14:59,2026
JATINEGARA,Penganiayaan,12:00-14:59,2026
JATINEGARA,Penganiayaan,12:00-14:59,2026
JATINEGARA,Penganiayaan,12:00-14:59,2026
JATINEGARA,Penganiayaan,12:00-14:59,2026
JATINEGARA,Penganiayaan,12:00-14:59,2026
JATINEGARA,Penganiayaan,12:00-14:59,2026
JATINEGARA,Pengeroyokan,12:00-14:59,2026
JATINEGARA,Pengeroyokan,12:00-14:59,2026
JATINEGARA,Penggelapan,12:00-14:59,2026
JATINEGARA,Penggelapan,12:00-14:59,2026
JATINEGARA,Penggelapan,12:00-14:59,2026
JATINEGARA,Penggelapan,12:00-14:59,2026
JATINEGARA,Penggelapan,12:00-14:59,2026
JATINEGARA,Penggelapan,12:00-14:59,2026
JATINEGARA,Penggelapan,12:00-14:59,2026
JATINEGARA,Penggelapan,12:00-14:59,2026
JATINEGARA,Penipuan / Perbuatan Curang,12:00-14:59,2026
JATINEGARA,Penipuan / Perbuatan Curang,12:00-14:59,2026
JATINEGARA,Penipuan / Perbuatan Curang,12:00-14:59,2026
JATINEGARA,Penipuan / Perbuatan Curang,12:00-14:59,2026
JATINEGARA,Penipuan / Perbuatan Curang,12:00-14:59,2026
JATINEGARA,Penipuan / Perbuatan Curang,12:00-14:59,2026
JATINEGARA,Penipuan / Perbuatan Curang,12:00-14:59,2026
JATINEGARA,Curanmor R-2,15:00-17:59,2026
JATINEGARA,Kekerasan Dalam Rumah Tangga,15:00-17:59,2026
JATINEGARA,Manipulasi data autentik secara elektronik (ITE),15:00-17:59,2026
JATINEGARA,Manipulasi data autentik secara elektronik (ITE),15:00-17:59,2026
JATINEGARA,Manipulasi data autentik secara elektronik (ITE),15:00-17:59,2026
JATINEGARA,Manipulasi data autentik secara elektronik (ITE),15:00-17:59,2026
JATINEGARA,Manipulasi data autentik secara elektronik (ITE),15:00-17:59,2026
JATINEGARA,Manipulasi data autentik secara elektronik (ITE),15:00-17:59,2026
JATINEGARA,Manipulasi data autentik secara elektronik (ITE),15:00-17:59,2026
JATINEGARA,Manipulasi data autentik secara elektronik (ITE),15:00-17:59,2026
JATINEGARA,Manipulasi data autentik secara elektronik (ITE),15:00-17:59,2026
JATINEGARA,Manipulasi data autentik secara elektronik (ITE),15:00-17:59,2026
JATINEGARA,Manipulasi data autentik secara elektronik (ITE),15:00-17:59,2026
JATINEGARA,Manipulasi data autentik secara elektronik (ITE),15:00-17:59,2026
JATINEGARA,Manipulasi data autentik secara elektronik (ITE),15:00-17:59,2026
JATINEGARA,Manipulasi data autentik secara elektronik (ITE),15:00-17:59,2026
JATINEGARA,Manipulasi data autentik secara elektronik (ITE),15:00-17:59,2026
JATINEGARA,Manipulasi data autentik secara elektronik (ITE),15:00-17:59,2026
JATINEGARA,Narkotika ( Narkoba ),15:00-17:59,2026
JATINEGARA,Narkotika ( Narkoba ),15:00-17:59,2026
JATINEGARA,Narkotika ( Narkoba ),15:00-17:59,2026
JATINEGARA,Narkotika ( Narkoba ),15:00-17:59,2026
JATINEGARA,Narkotika ( Narkoba ),15:00-17:59,2026
JATINEGARA,Narkotika ( Narkoba ),15:00-17:59,2026
JATINEGARA,Pemalsuan Surat Otentik,15:00-17:59,2026
JATINEGARA,Pemerasan,15:00-17:59,2026
JATINEGARA,Pencemaran Nama Baik,15:00-17:59,2026
JATINEGARA,Pencemaran Nama Baik,15:00-17:59,2026
JATINEGARA,Pencemaran Nama Baik,15:00-17:59,2026
JATINEGARA,Pencurian Biasa,15:00-17:59,2026
JATINEGARA,Pencurian Biasa,15:00-17:59,2026
JATINEGARA,Pencurian Biasa,15:00-17:59,2026
JATINEGARA,Pencurian Biasa,15:00-17:59,2026
JATINEGARA,Pencurian Biasa,15:00-17:59,2026
JATINEGARA,Pencurian Biasa,15:00-17:59,2026
JATINEGARA,Pencurian Biasa,15:00-17:59,2026
JATINEGARA,Pencurian Biasa,15:00-17:59,2026
JATINEGARA,Pencurian Biasa,15:00-17:59,2026
JATINEGARA,Pencurian Biasa,15:00-17:59,2026
JATINEGARA,Pencurian Biasa,15:00-17:59,2026
JATINEGARA,Pencurian Biasa,15:00-17:59,2026
JATINEGARA,Pencurian Biasa,15:00-17:59,2026
JATINEGARA,Pencurian Biasa,15:00-17:59,2026
JATINEGARA,Pencurian Dengan Pemberatan ( Curat ),15:00-17:59,2026
JATINEGARA,Pencurian Dengan Pemberatan ( Curat ),15:00-17:59,2026
JATINEGARA,Pengancaman,15:00-17:59,2026
JATINEGARA,Pengancaman,15:00-17:59,2026
JATINEGARA,Penganiayaan,15:00-17:59,2026
JATINEGARA,Penganiayaan,15:00-17:59,2026
JATINEGARA,Penganiayaan,15:00-17:59,2026
JATINEGARA,Pengeroyokan,15:00-17:59,2026
JATINEGARA,Pengeroyokan,15:00-17:59,2026
JATINEGARA,Pengeroyokan,15:00-17:59,2026
JATINEGARA,Penggelapan,15:00-17:59,2026
JATINEGARA,Penggelapan,15:00-17:59,2026
JATINEGARA,Penggelapan,15:00-17:59,2026
JATINEGARA,Penipuan / Perbuatan Curang,15:00-17:59,2026
JATINEGARA,Penipuan / Perbuatan Curang,15:00-17:59,2026
JATINEGARA,Penipuan / Perbuatan Curang,15:00-17:59,2026
JATINEGARA,Penipuan / Perbuatan Curang,15:00-17:59,2026
JATINEGARA,Penipuan / Perbuatan Curang,15:00-17:59,2026
JATINEGARA,Penipuan / Perbuatan Curang,15:00-17:59,2026
JATINEGARA,Penipuan / Perbuatan Curang,15:00-17:59,2026
JATINEGARA,Penipuan / Perbuatan Curang,15:00-17:59,2026
JATINEGARA,Penipuan / Perbuatan Curang,15:00-17:59,2026
JATINEGARA,Penipuan / Perbuatan Curang,15:00-17:59,2026
JATINEGARA,Penipuan / Perbuatan Curang,15:00-17:59,2026
JATINEGARA,Penipuan / Perbuatan Curang,15:00-17:59,2026
JATINEGARA,Penipuan / Perbuatan Curang,15:00-17:59,2026
JATINEGARA,Penyekapan,15:00-17:59,2026
JATINEGARA,Perbankan,15:00-17:59,2026
JATINEGARA,Perkosaan,15:00-17:59,2026
JATINEGARA,Perzinahan,15:00-17:59,2026
JATINEGARA,Cabul,18:00-21:59,2026
JATINEGARA,Curanmor R-2,18:00-21:59,2026
JATINEGARA,Kekerasan Dalam Rumah Tangga,18:00-21:59,2026
JATINEGARA,Kekerasan Seksual (KDRT),18:00-21:59,2026
JATINEGARA,Manipulasi data autentik secara elektronik (ITE),18:00-21:59,2026
JATINEGARA,Manipulasi data autentik secara elektronik (ITE),18:00-21:59,2026
JATINEGARA,Manipulasi data autentik secara elektronik (ITE),18:00-21:59,2026
JATINEGARA,Manipulasi data autentik secara elektronik (ITE),18:00-21:59,2026
JATINEGARA,Manipulasi data autentik secara elektronik (ITE),18:00-21:59,2026
JATINEGARA,Manipulasi data autentik secara elektronik (ITE),18:00-21:59,2026
JATINEGARA,Manipulasi data autentik secara elektronik (ITE),18:00-21:59,2026
JATINEGARA,Manipulasi data autentik secara elektronik (ITE),18:00-21:59,2026
JATINEGARA,Manipulasi data autentik secara elektronik (ITE),18:00-21:59,2026
JATINEGARA,Manipulasi data autentik secara elektronik (ITE),18:00-21:59,2026
JATINEGARA,Manipulasi data autentik secara elektronik (ITE),18:00-21:59,2026
JATINEGARA,Manipulasi data autentik secara elektronik (ITE),18:00-21:59,2026
JATINEGARA,Manipulasi data autentik secara elektronik (ITE),18:00-21:59,2026
JATINEGARA,Manipulasi data autentik secara elektronik (ITE),18:00-21:59,2026
JATINEGARA,Manipulasi data autentik secara elektronik (ITE),18:00-21:59,2026
JATINEGARA,Menjual atau mengedarkan obat keras / bebas terbatas tanpa ijin,18:00-21:59,2026
JATINEGARA,Narkotika ( Narkoba ),18:00-21:59,2026
JATINEGARA,Narkotika ( Narkoba ),18:00-21:59,2026
JATINEGARA,Narkotika ( Narkoba ),18:00-21:59,2026
JATINEGARA,Narkotika ( Narkoba ),18:00-21:59,2026
JATINEGARA,Narkotika ( Narkoba ),18:00-21:59,2026
JATINEGARA,Narkotika ( Narkoba ),18:00-21:59,2026
JATINEGARA,Narkotika ( Narkoba ),18:00-21:59,2026
JATINEGARA,Narkotika ( Narkoba ),18:00-21:59,2026
JATINEGARA,Narkotika ( Narkoba ),18:00-21:59,2026
JATINEGARA,Narkotika ( Narkoba ),18:00-21:59,2026
JATINEGARA,Narkotika ( Narkoba ),18:00-21:59,2026
JATINEGARA,Narkotika ( Narkoba ),18:00-21:59,2026
JATINEGARA,Narkotika ( Narkoba ),18:00-21:59,2026
JATINEGARA,Pemalsuan Mata Uang Dan Uang Kertas,18:00-21:59,2026
JATINEGARA,Pemalsuan Surat Otentik,18:00-21:59,2026
JATINEGARA,Pemerasan,18:00-21:59,2026
JATINEGARA,Pencurian Biasa,18:00-21:59,2026
JATINEGARA,Pencurian Biasa,18:00-21:59,2026
JATINEGARA,Pencurian Biasa,18:00-21:59,2026
JATINEGARA,Pencurian Biasa,18:00-21:59,2026
JATINEGARA,Pencurian Biasa,18:00-21:59,2026
JATINEGARA,Pencurian Biasa,18:00-21:59,2026
JATINEGARA,Pencurian Biasa,18:00-21:59,2026
JATINEGARA,Pencurian Biasa,18:00-21:59,2026
JATINEGARA,Pencurian Biasa,18:00-21:59,2026
JATINEGARA,Pencurian Dengan Pemberatan ( Curat ),18:00-21:59,2026
JATINEGARA,Pencurian Dengan Pemberatan ( Curat ),18:00-21:59,2026
JATINEGARA,Pencurian Dengan Pemberatan ( Curat ),18:00-21:59,2026
JATINEGARA,Pencurian Dengan Pemberatan ( Curat ),18:00-21:59,2026
JATINEGARA,Pencurian Dengan Pemberatan ( Curat ),18:00-21:59,2026
JATINEGARA,Pencurian Dengan Pemberatan ( Curat ),18:00-21:59,2026
JATINEGARA,Pencurian Dengan Pemberatan ( Curat ),18:00-21:59,2026
JATINEGARA,Pencurian Dengan Pemberatan ( Curat ),18:00-21:59,2026
JATINEGARA,Penganiayaan,18:00-21:59,2026
JATINEGARA,Penganiayaan,18:00-21:59,2026
JATINEGARA,Penganiayaan,18:00-21:59,2026
JATINEGARA,Penganiayaan,18:00-21:59,2026
JATINEGARA,Penganiayaan,18:00-21:59,2026
JATINEGARA,Penganiayaan,18:00-21:59,2026
JATINEGARA,Pengeroyokan,18:00-21:59,2026
JATINEGARA,Pengeroyokan,18:00-21:59,2026
JATINEGARA,Pengeroyokan,18:00-21:59,2026
JATINEGARA,Pengerusakan,18:00-21:59,2026
JATINEGARA,Penggelapan,18:00-21:59,2026
JATINEGARA,Penggelapan,18:00-21:59,2026
JATINEGARA,Penggelapan,18:00-21:59,2026
JATINEGARA,Penggelapan,18:00-21:59,2026
JATINEGARA,Penggelapan,18:00-21:59,2026
JATINEGARA,Penggelapan,18:00-21:59,2026
JATINEGARA,Penggelapan,18:00-21:59,2026
JATINEGARA,Penghinaan,18:00-21:59,2026
JATINEGARA,Penipuan / Perbuatan Curang,18:00-21:59,2026
JATINEGARA,Penipuan / Perbuatan Curang,18:00-21:59,2026
JATINEGARA,Penipuan / Perbuatan Curang,18:00-21:59,2026
JATINEGARA,Penipuan / Perbuatan Curang,18:00-21:59,2026
JATINEGARA,Penipuan / Perbuatan Curang,18:00-21:59,2026
JATINEGARA,Penipuan / Perbuatan Curang,18:00-21:59,2026
JATINEGARA,Penipuan / Perbuatan Curang,18:00-21:59,2026
JATINEGARA,Penyekapan,18:00-21:59,2026
JATINEGARA,Perampasan ( Premanisme ),18:00-21:59,2026
JATINEGARA,Cabul,22:00-23:59,2026
JATINEGARA,Curanmor R-2,22:00-23:59,2026
JATINEGARA,Kejahatan Terkait Perlindungan Data Pribadi,22:00-23:59,2026
JATINEGARA,Kejahatan Terkait Senjata Tajam ( Sajam ) ( Premanisme ),22:00-23:59,2026
JATINEGARA,Kekerasan Dalam Rumah Tangga,22:00-23:59,2026
JATINEGARA,Manipulasi data autentik secara elektronik (ITE),22:00-23:59,2026
JATINEGARA,Narkotika ( Narkoba ),22:00-23:59,2026
JATINEGARA,Narkotika ( Narkoba ),22:00-23:59,2026
JATINEGARA,Narkotika ( Narkoba ),22:00-23:59,2026
JATINEGARA,Narkotika ( Narkoba ),22:00-23:59,2026
JATINEGARA,Narkotika ( Narkoba ),22:00-23:59,2026
JATINEGARA,Narkotika ( Narkoba ),22:00-23:59,2026
JATINEGARA,Narkotika ( Narkoba ),22:00-23:59,2026
JATINEGARA,Pemerasan,22:00-23:59,2026
JATINEGARA,Pemerasan Dan Pengancaman,22:00-23:59,2026
JATINEGARA,Pencurian Biasa,22:00-23:59,2026
JATINEGARA,Pencurian Biasa,22:00-23:59,2026
JATINEGARA,Pencurian Biasa,22:00-23:59,2026
JATINEGARA,Pencurian Biasa,22:00-23:59,2026
JATINEGARA,Pencurian Biasa,22:00-23:59,2026
JATINEGARA,Pencurian dalam lingkungan keluarga,22:00-23:59,2026
JATINEGARA,Pencurian Dengan Pemberatan ( Curat ),22:00-23:59,2026
JATINEGARA,Pencurian Dengan Pemberatan ( Curat ),22:00-23:59,2026
JATINEGARA,Penganiayaan,22:00-23:59,2026
JATINEGARA,Penganiayaan,22:00-23:59,2026
JATINEGARA,Penganiayaan,22:00-23:59,2026
JATINEGARA,Penganiayaan,22:00-23:59,2026
JATINEGARA,Pengeroyokan,22:00-23:59,2026
JATINEGARA,Pengeroyokan,22:00-23:59,2026
JATINEGARA,Pengeroyokan,22:00-23:59,2026
JATINEGARA,Penggelapan,22:00-23:59,2026
JATINEGARA,Penggelapan,22:00-23:59,2026
JATINEGARA,Penipuan / Perbuatan Curang,22:00-23:59,2026
JATINEGARA,Penipuan / Perbuatan Curang,22:00-23:59,2026
JATINEGARA,Penipuan / Perbuatan Curang,22:00-23:59,2026
JATINEGARA,Tindak Pidana Dalam Perlindungan Anak,22:00-23:59,2026
JATINEGARA,Curanmor R-2,00:00-04:59,2026
JATINEGARA,Curanmor R-2,00:00-04:59,2026
JATINEGARA,Kekerasan Dalam Rumah Tangga,00:00-04:59,2026
JATINEGARA,Narkotika ( Narkoba ),00:00-04:59,2026
JATINEGARA,Narkotika ( Narkoba ),00:00-04:59,2026
JATINEGARA,Pencurian Biasa,00:00-04:59,2026
JATINEGARA,Pencurian Biasa,00:00-04:59,2026
JATINEGARA,Pencurian Biasa,00:00-04:59,2026
JATINEGARA,Pencurian Biasa,00:00-04:59,2026
JATINEGARA,Pencurian Biasa,00:00-04:59,2026
JATINEGARA,Pencurian Dengan Pemberatan ( Curat ),00:00-04:59,2026
JATINEGARA,Pencurian Dengan Pemberatan ( Curat ),00:00-04:59,2026
JATINEGARA,Pencurian Dengan Pemberatan ( Curat ),00:00-04:59,2026
JATINEGARA,Pencurian Dengan Pemberatan ( Curat ),00:00-04:59,2026
JATINEGARA,Pencurian Dengan Pemberatan ( Curat ),00:00-04:59,2026
JATINEGARA,Penganiayaan,00:00-04:59,2026
JATINEGARA,Penganiayaan,00:00-04:59,2026
JATINEGARA,Penganiayaan,00:00-04:59,2026
JATINEGARA,Penganiayaan,00:00-04:59,2026
JATINEGARA,Penganiayaan,00:00-04:59,2026
JATINEGARA,Penganiayaan,00:00-04:59,2026
JATINEGARA,Penganiayaan,00:00-04:59,2026
JATINEGARA,Pengeroyokan,00:00-04:59,2026
JATINEGARA,Pengeroyokan,00:00-04:59,2026
JATINEGARA,Pengeroyokan,00:00-04:59,2026
JATINEGARA,Pengeroyokan,00:00-04:59,2026
JATINEGARA,Pengeroyokan,00:00-04:59,2026
JATINEGARA,Penggelapan,00:00-04:59,2026
JATINEGARA,Penggelapan,00:00-04:59,2026
JATINEGARA,Penipuan / Perbuatan Curang,00:00-04:59,2026
JATINEGARA,Penipuan / Perbuatan Curang,00:00-04:59,2026
JATINEGARA,Tindak Pidana Dalam Perlindungan Anak,00:00-04:59,2026
KEBON JERUK,Pencemaran Nama Baik,05:00-07:59,2026
KEBON JERUK,Pencurian Biasa,05:00-07:59,2026
KEBON JERUK,Pencurian Dengan Pemberatan ( Curat ),05:00-07:59,2026
KEBON JERUK,Pencurian Dengan Pemberatan ( Curat ),05:00-07:59,2026
KEBON JERUK,Pencurian Dengan Pemberatan ( Curat ),05:00-07:59,2026
KEBON JERUK,Pencurian Dengan Pemberatan ( Curat ),05:00-07:59,2026
KEBON JERUK,Penganiayaan,05:00-07:59,2026
KEBON JERUK,Penganiayaan,05:00-07:59,2026
KEBON JERUK,Penganiayaan,05:00-07:59,2026
KEBON JERUK,Pengeroyokan,05:00-07:59,2026
KEBON JERUK,Pengeroyokan,05:00-07:59,2026
KEBON JERUK,Penggelapan,05:00-07:59,2026
KEBON JERUK,Penipuan / Perbuatan Curang,05:00-07:59,2026
KEBON JERUK,Tindak Pidana Dalam Perlindungan Anak,05:00-07:59,2026
KEBON JERUK,Kejahatan Tentang Pornografi,08:00-11:59,2026
KEBON JERUK,Kekerasan Dalam Rumah Tangga,08:00-11:59,2026
KEBON JERUK,Manipulasi data autentik secara elektronik (ITE),08:00-11:59,2026
KEBON JERUK,Manipulasi data autentik secara elektronik (ITE),08:00-11:59,2026
KEBON JERUK,Manipulasi data autentik secara elektronik (ITE),08:00-11:59,2026
KEBON JERUK,Manipulasi data autentik secara elektronik (ITE),08:00-11:59,2026
KEBON JERUK,Memasuki Pekarangan Tanpa Ijin,08:00-11:59,2026
KEBON JERUK,Menjual atau mengedarkan obat keras / bebas terbatas tanpa ijin,08:00-11:59,2026
KEBON JERUK,Narkotika ( Narkoba ),08:00-11:59,2026
KEBON JERUK,Narkotika ( Narkoba ),08:00-11:59,2026
KEBON JERUK,Pemerasan,08:00-11:59,2026
KEBON JERUK,Pemerasan Dan Pengancaman,08:00-11:59,2026
KEBON JERUK,Pencemaran Nama Baik,08:00-11:59,2026
KEBON JERUK,Pencemaran Nama Baik,08:00-11:59,2026
KEBON JERUK,Pencurian Biasa,08:00-11:59,2026
KEBON JERUK,Pencurian Biasa,08:00-11:59,2026
KEBON JERUK,Pencurian Biasa,08:00-11:59,2026
KEBON JERUK,Pencurian Biasa,08:00-11:59,2026
KEBON JERUK,Pencurian Biasa,08:00-11:59,2026
KEBON JERUK,Pencurian Biasa,08:00-11:59,2026
KEBON JERUK,Pencurian Biasa,08:00-11:59,2026
KEBON JERUK,Pencurian Biasa,08:00-11:59,2026
KEBON JERUK,Pencurian Biasa,08:00-11:59,2026
KEBON JERUK,Pencurian Dengan Pemberatan ( Curat ),08:00-11:59,2026
KEBON JERUK,Pencurian Dengan Pemberatan ( Curat ),08:00-11:59,2026
KEBON JERUK,Pencurian Dengan Pemberatan ( Curat ),08:00-11:59,2026
KEBON JERUK,Pencurian Dengan Pemberatan ( Curat ),08:00-11:59,2026
KEBON JERUK,Pengancaman,08:00-11:59,2026
KEBON JERUK,Pengancaman,08:00-11:59,2026
KEBON JERUK,Pengancaman,08:00-11:59,2026
KEBON JERUK,Penganiayaan,08:00-11:59,2026
KEBON JERUK,Penganiayaan,08:00-11:59,2026
KEBON JERUK,Penganiayaan,08:00-11:59,2026
KEBON JERUK,Penganiayaan,08:00-11:59,2026
KEBON JERUK,Pengerusakan,08:00-11:59,2026
KEBON JERUK,Penggelapan,08:00-11:59,2026
KEBON JERUK,Penggelapan,08:00-11:59,2026
KEBON JERUK,Penggelapan,08:00-11:59,2026
KEBON JERUK,Penggelapan,08:00-11:59,2026
KEBON JERUK,Penggelapan,08:00-11:59,2026
KEBON JERUK,Penggelapan,08:00-11:59,2026
KEBON JERUK,Penggelapan,08:00-11:59,2026
KEBON JERUK,Penggelapan,08:00-11:59,2026
KEBON JERUK,Penipuan / Perbuatan Curang,08:00-11:59,2026
KEBON JERUK,Penipuan / Perbuatan Curang,08:00-11:59,2026
KEBON JERUK,Penipuan / Perbuatan Curang,08:00-11:59,2026
KEBON JERUK,Penipuan / Perbuatan Curang,08:00-11:59,2026
KEBON JERUK,Penipuan / Perbuatan Curang,08:00-11:59,2026
KEBON JERUK,Penipuan / Perbuatan Curang,08:00-11:59,2026
KEBON JERUK,Penipuan / Perbuatan Curang,08:00-11:59,2026
KEBON JERUK,Penipuan / Perbuatan Curang,08:00-11:59,2026
KEBON JERUK,Penipuan / Perbuatan Curang,08:00-11:59,2026
KEBON JERUK,Penipuan / Perbuatan Curang,08:00-11:59,2026
KEBON JERUK,Penipuan / Perbuatan Curang,08:00-11:59,2026
KEBON JERUK,Penipuan / Perbuatan Curang,08:00-11:59,2026
KEBON JERUK,Penipuan / Perbuatan Curang,08:00-11:59,2026
KEBON JERUK,Penipuan / Perbuatan Curang,08:00-11:59,2026
KEBON JERUK,Penipuan / Perbuatan Curang,08:00-11:59,2026
KEBON JERUK,Persetubuhan Terhadap Anak / Cabul Terhadap Anak,08:00-11:59,2026
KEBON JERUK,Terhadap ketertiban umum,08:00-11:59,2026
KEBON JERUK,Tindak Pidana Dalam Perlindungan Anak,08:00-11:59,2026
KEBON JERUK,Kejahatan Tentang Pornografi,12:00-14:59,2026
KEBON JERUK,Kekerasan Dalam Rumah Tangga,12:00-14:59,2026
KEBON JERUK,Manipulasi data autentik secara elektronik (ITE),12:00-14:59,2026
KEBON JERUK,Manipulasi data autentik secara elektronik (ITE),12:00-14:59,2026
KEBON JERUK,Manipulasi data autentik secara elektronik (ITE),12:00-14:59,2026
KEBON JERUK,Manipulasi data autentik secara elektronik (ITE),12:00-14:59,2026
KEBON JERUK,Manipulasi data autentik secara elektronik (ITE),12:00-14:59,2026
KEBON JERUK,Manipulasi data autentik secara elektronik (ITE),12:00-14:59,2026
KEBON JERUK,Memasuki Pekarangan Tanpa Ijin,12:00-14:59,2026
KEBON JERUK,Memasuki Pekarangan Tanpa Ijin,12:00-14:59,2026
KEBON JERUK,Narkotika ( Narkoba ),12:00-14:59,2026
KEBON JERUK,Narkotika ( Narkoba ),12:00-14:59,2026
KEBON JERUK,Pemalsuan Surat Otentik,12:00-14:59,2026
KEBON JERUK,Pemalsuan Surat Otentik,12:00-14:59,2026
KEBON JERUK,Pencemaran Nama Baik,12:00-14:59,2026
KEBON JERUK,Pencemaran Nama Baik,12:00-14:59,2026
KEBON JERUK,Pencemaran Nama Baik,12:00-14:59,2026
KEBON JERUK,Pencurian Biasa,12:00-14:59,2026
KEBON JERUK,Pencurian Biasa,12:00-14:59,2026
KEBON JERUK,Pencurian Biasa,12:00-14:59,2026
KEBON JERUK,Pencurian Biasa,12:00-14:59,2026
KEBON JERUK,Pencurian Biasa,12:00-14:59,2026
KEBON JERUK,Pencurian Biasa,12:00-14:59,2026
KEBON JERUK,Pencurian Dengan Pemberatan ( Curat ),12:00-14:59,2026
KEBON JERUK,Pencurian Dengan Pemberatan ( Curat ),12:00-14:59,2026
KEBON JERUK,Pencurian Dengan Pemberatan ( Curat ),12:00-14:59,2026
KEBON JERUK,Pencurian Dengan Pemberatan ( Curat ),12:00-14:59,2026
KEBON JERUK,Pengancaman,12:00-14:59,2026
KEBON JERUK,Penganiayaan,12:00-14:59,2026
KEBON JERUK,Penganiayaan,12:00-14:59,2026
KEBON JERUK,Penganiayaan,12:00-14:59,2026
KEBON JERUK,Penggelapan,12:00-14:59,2026
KEBON JERUK,Penggelapan,12:00-14:59,2026
KEBON JERUK,Penggelapan,12:00-14:59,2026
KEBON JERUK,Penggelapan,12:00-14:59,2026
KEBON JERUK,Penggelapan,12:00-14:59,2026
KEBON JERUK,Penggelapan,12:00-14:59,2026
KEBON JERUK,Penggelapan,12:00-14:59,2026
KEBON JERUK,Penggelapan,12:00-14:59,2026
KEBON JERUK,Penipuan / Perbuatan Curang,12:00-14:59,2026
KEBON JERUK,Penipuan / Perbuatan Curang,12:00-14:59,2026
KEBON JERUK,Penipuan / Perbuatan Curang,12:00-14:59,2026
KEBON JERUK,Penipuan / Perbuatan Curang,12:00-14:59,2026
KEBON JERUK,Penipuan / Perbuatan Curang,12:00-14:59,2026
KEBON JERUK,Penipuan / Perbuatan Curang,12:00-14:59,2026
KEBON JERUK,Penipuan / Perbuatan Curang,12:00-14:59,2026
KEBON JERUK,Penipuan / Perbuatan Curang,12:00-14:59,2026
KEBON JERUK,Cabul,15:00-17:59,2026
KEBON JERUK,Judi,15:00-17:59,2026
KEBON JERUK,Kekerasan Dalam Rumah Tangga,15:00-17:59,2026
KEBON JERUK,Kekerasan Dalam Rumah Tangga,15:00-17:59,2026
KEBON JERUK,Kekerasan Dalam Rumah Tangga,15:00-17:59,2026
KEBON JERUK,Manipulasi data autentik secara elektronik (ITE),15:00-17:59,2026
KEBON JERUK,Manipulasi data autentik secara elektronik (ITE),15:00-17:59,2026
KEBON JERUK,Manipulasi data autentik secara elektronik (ITE),15:00-17:59,2026
KEBON JERUK,Manipulasi data autentik secara elektronik (ITE),15:00-17:59,2026
KEBON JERUK,Manipulasi data autentik secara elektronik (ITE),15:00-17:59,2026
KEBON JERUK,Manipulasi data autentik secara elektronik (ITE),15:00-17:59,2026
KEBON JERUK,Memasuki Pekarangan Tanpa Ijin,15:00-17:59,2026
KEBON JERUK,Memasuki Pekarangan Tanpa Ijin,15:00-17:59,2026
KEBON JERUK,Narkotika ( Narkoba ),15:00-17:59,2026
KEBON JERUK,Narkotika ( Narkoba ),15:00-17:59,2026
KEBON JERUK,Narkotika ( Narkoba ),15:00-17:59,2026
KEBON JERUK,Pemalsuan Surat Otentik,15:00-17:59,2026
KEBON JERUK,Pencemaran Nama Baik,15:00-17:59,2026
KEBON JERUK,Pencemaran Nama Baik,15:00-17:59,2026
KEBON JERUK,Pencemaran Nama Baik,15:00-17:59,2026
KEBON JERUK,Pencurian Biasa,15:00-17:59,2026
KEBON JERUK,Pencurian Biasa,15:00-17:59,2026
KEBON JERUK,Pencurian Biasa,15:00-17:59,2026
KEBON JERUK,Pencurian Biasa,15:00-17:59,2026
KEBON JERUK,Pencurian Biasa,15:00-17:59,2026
KEBON JERUK,Pencurian Biasa,15:00-17:59,2026
KEBON JERUK,Pencurian Biasa,15:00-17:59,2026
KEBON JERUK,Pencurian Dengan Kekerasan ( Curas ),15:00-17:59,2026
KEBON JERUK,Pencurian Dengan Pemberatan ( Curat ),15:00-17:59,2026
KEBON JERUK,Pencurian Dengan Pemberatan ( Curat ),15:00-17:59,2026
KEBON JERUK,Pencurian Dengan Pemberatan ( Curat ),15:00-17:59,2026
KEBON JERUK,Penganiayaan,15:00-17:59,2026
KEBON JERUK,Penganiayaan,15:00-17:59,2026
KEBON JERUK,Penganiayaan,15:00-17:59,2026
KEBON JERUK,Penganiayaan,15:00-17:59,2026
KEBON JERUK,Penganiayaan Berat ( Anirat ),15:00-17:59,2026
KEBON JERUK,Penggelapan,15:00-17:59,2026
KEBON JERUK,Penggelapan,15:00-17:59,2026
KEBON JERUK,Penggelapan,15:00-17:59,2026
KEBON JERUK,Penggelapan,15:00-17:59,2026
KEBON JERUK,Penggelapan,15:00-17:59,2026
KEBON JERUK,Penggelapan,15:00-17:59,2026
KEBON JERUK,Penggelapan,15:00-17:59,2026
KEBON JERUK,Penggelapan,15:00-17:59,2026
KEBON JERUK,Penggelapan,15:00-17:59,2026
KEBON JERUK,Penggelapan,15:00-17:59,2026
KEBON JERUK,Penggelapan,15:00-17:59,2026
KEBON JERUK,Penipuan / Perbuatan Curang,15:00-17:59,2026
KEBON JERUK,Penipuan / Perbuatan Curang,15:00-17:59,2026
KEBON JERUK,Penipuan / Perbuatan Curang,15:00-17:59,2026
KEBON JERUK,Penipuan / Perbuatan Curang,15:00-17:59,2026
KEBON JERUK,Penipuan / Perbuatan Curang,15:00-17:59,2026
KEBON JERUK,Penipuan / Perbuatan Curang,15:00-17:59,2026
KEBON JERUK,Penipuan / Perbuatan Curang,15:00-17:59,2026
KEBON JERUK,Penipuan / Perbuatan Curang,15:00-17:59,2026
KEBON JERUK,Penipuan / Perbuatan Curang,15:00-17:59,2026
KEBON JERUK,Penipuan / Perbuatan Curang,15:00-17:59,2026
KEBON JERUK,Penipuan / Perbuatan Curang,15:00-17:59,2026
KEBON JERUK,Penipuan / Perbuatan Curang,15:00-17:59,2026
KEBON JERUK,Penipuan / Perbuatan Curang,15:00-17:59,2026
KEBON JERUK,Penipuan / Perbuatan Curang,15:00-17:59,2026
KEBON JERUK,Penipuan / Perbuatan Curang,15:00-17:59,2026
KEBON JERUK,Penistaan Agama,15:00-17:59,2026
KEBON JERUK,Perbuatan Yang Tidak Menyenangkan,15:00-17:59,2026
KEBON JERUK,Tindak Pidana Dalam Perlindungan Anak,15:00-17:59,2026
KEBON JERUK,Cabul,18:00-21:59,2026
KEBON JERUK,Cabul,18:00-21:59,2026
KEBON JERUK,Kekerasan Dalam Rumah Tangga,18:00-21:59,2026
KEBON JERUK,Kekerasan Dalam Rumah Tangga,18:00-21:59,2026
KEBON JERUK,Kekerasan Seksual (KDRT),18:00-21:59,2026
KEBON JERUK,Manipulasi data autentik secara elektronik (ITE),18:00-21:59,2026
KEBON JERUK,Manipulasi data autentik secara elektronik (ITE),18:00-21:59,2026
KEBON JERUK,Manipulasi data autentik secara elektronik (ITE),18:00-21:59,2026
KEBON JERUK,Manipulasi data autentik secara elektronik (ITE),18:00-21:59,2026
KEBON JERUK,Manipulasi data autentik secara elektronik (ITE),18:00-21:59,2026
KEBON JERUK,Manipulasi data autentik secara elektronik (ITE),18:00-21:59,2026
KEBON JERUK,Memasuki Pekarangan Tanpa Ijin,18:00-21:59,2026
KEBON JERUK,Memasuki Pekarangan Tanpa Ijin,18:00-21:59,2026
KEBON JERUK,Mengakibatkan Orang Luka,18:00-21:59,2026
KEBON JERUK,Narkotika ( Narkoba ),18:00-21:59,2026
KEBON JERUK,Narkotika ( Narkoba ),18:00-21:59,2026
KEBON JERUK,Narkotika ( Narkoba ),18:00-21:59,2026
KEBON JERUK,Narkotika ( Narkoba ),18:00-21:59,2026
KEBON JERUK,Narkotika ( Narkoba ),18:00-21:59,2026
KEBON JERUK,Narkotika ( Narkoba ),18:00-21:59,2026
KEBON JERUK,Narkotika ( Narkoba ),18:00-21:59,2026
KEBON JERUK,Narkotika ( Narkoba ),18:00-21:59,2026
KEBON JERUK,Narkotika ( Narkoba ),18:00-21:59,2026
KEBON JERUK,Narkotika ( Narkoba ),18:00-21:59,2026
KEBON JERUK,Narkotika ( Narkoba ),18:00-21:59,2026
KEBON JERUK,Narkotika ( Narkoba ),18:00-21:59,2026
KEBON JERUK,Pencemaran Nama Baik,18:00-21:59,2026
KEBON JERUK,Pencurian Biasa,18:00-21:59,2026
KEBON JERUK,Pencurian Biasa,18:00-21:59,2026
KEBON JERUK,Pencurian Biasa,18:00-21:59,2026
KEBON JERUK,Pencurian Biasa,18:00-21:59,2026
KEBON JERUK,Pencurian Biasa,18:00-21:59,2026
KEBON JERUK,Pencurian Biasa,18:00-21:59,2026
KEBON JERUK,Pencurian Biasa,18:00-21:59,2026
KEBON JERUK,Pencurian Biasa,18:00-21:59,2026
KEBON JERUK,Pencurian Dengan Pemberatan ( Curat ),18:00-21:59,2026
KEBON JERUK,Pencurian Dengan Pemberatan ( Curat ),18:00-21:59,2026
KEBON JERUK,Pencurian Dengan Pemberatan ( Curat ),18:00-21:59,2026
KEBON JERUK,Pencurian Dengan Pemberatan ( Curat ),18:00-21:59,2026
KEBON JERUK,Pencurian Dengan Pemberatan ( Curat ),18:00-21:59,2026
KEBON JERUK,Pencurian Dengan Pemberatan ( Curat ),18:00-21:59,2026
KEBON JERUK,Pencurian Dengan Pemberatan ( Curat ),18:00-21:59,2026
KEBON JERUK,Pencurian Ringan,18:00-21:59,2026
KEBON JERUK,Pengancaman,18:00-21:59,2026
KEBON JERUK,Pengancaman,18:00-21:59,2026
KEBON JERUK,Pengancaman,18:00-21:59,2026
KEBON JERUK,Penganiayaan,18:00-21:59,2026
KEBON JERUK,Penganiayaan,18:00-21:59,2026
KEBON JERUK,Penganiayaan,18:00-21:59,2026
KEBON JERUK,Penganiayaan,18:00-21:59,2026
KEBON JERUK,Penganiayaan,18:00-21:59,2026
KEBON JERUK,Penganiayaan,18:00-21:59,2026
KEBON JERUK,Penganiayaan,18:00-21:59,2026
KEBON JERUK,Penganiayaan,18:00-21:59,2026
KEBON JERUK,Pengeroyokan,18:00-21:59,2026
KEBON JERUK,Penggelapan,18:00-21:59,2026
KEBON JERUK,Penggelapan,18:00-21:59,2026
KEBON JERUK,Penggelapan,18:00-21:59,2026
KEBON JERUK,Penggelapan,18:00-21:59,2026
KEBON JERUK,Penggelapan,18:00-21:59,2026
KEBON JERUK,Penggelapan,18:00-21:59,2026
KEBON JERUK,Penghinaan,18:00-21:59,2026
KEBON JERUK,Penipuan / Perbuatan Curang,18:00-21:59,2026
KEBON JERUK,Penipuan / Perbuatan Curang,18:00-21:59,2026
KEBON JERUK,Penipuan / Perbuatan Curang,18:00-21:59,2026
KEBON JERUK,Penipuan / Perbuatan Curang,18:00-21:59,2026
KEBON JERUK,Penipuan / Perbuatan Curang,18:00-21:59,2026
KEBON JERUK,Penipuan / Perbuatan Curang,18:00-21:59,2026
KEBON JERUK,Penipuan / Perbuatan Curang,18:00-21:59,2026
KEBON JERUK,Penipuan / Perbuatan Curang,18:00-21:59,2026
KEBON JERUK,Penipuan / Perbuatan Curang,18:00-21:59,2026
KEBON JERUK,Penipuan / Perbuatan Curang,18:00-21:59,2026
KEBON JERUK,Penipuan / Perbuatan Curang,18:00-21:59,2026
KEBON JERUK,Penipuan / Perbuatan Curang,18:00-21:59,2026
KEBON JERUK,Penipuan / Perbuatan Curang,18:00-21:59,2026
KEBON JERUK,Penipuan / Perbuatan Curang,18:00-21:59,2026
KEBON JERUK,Manipulasi data autentik secara elektronik (ITE),22:00-23:59,2026
KEBON JERUK,Manipulasi data autentik secara elektronik (ITE),22:00-23:59,2026
KEBON JERUK,Narkotika ( Narkoba ),22:00-23:59,2026
KEBON JERUK,Narkotika ( Narkoba ),22:00-23:59,2026
KEBON JERUK,Narkotika ( Narkoba ),22:00-23:59,2026
KEBON JERUK,Narkotika ( Narkoba ),22:00-23:59,2026
KEBON JERUK,Pencemaran Nama Baik,22:00-23:59,2026
KEBON JERUK,Pencurian Biasa,22:00-23:59,2026
KEBON JERUK,Pencurian Biasa,22:00-23:59,2026
KEBON JERUK,Pencurian Biasa,22:00-23:59,2026
KEBON JERUK,Pencurian Dengan Pemberatan ( Curat ),22:00-23:59,2026
KEBON JERUK,Pencurian Dengan Pemberatan ( Curat ),22:00-23:59,2026
KEBON JERUK,Pencurian Dengan Pemberatan ( Curat ),22:00-23:59,2026
KEBON JERUK,Pencurian Dengan Pemberatan ( Curat ),22:00-23:59,2026
KEBON JERUK,Pencurian Dengan Pemberatan ( Curat ),22:00-23:59,2026
KEBON JERUK,Penganiayaan,22:00-23:59,2026
KEBON JERUK,Penganiayaan,22:00-23:59,2026
KEBON JERUK,Penganiayaan,22:00-23:59,2026
KEBON JERUK,Pengeroyokan,22:00-23:59,2026
KEBON JERUK,Penggelapan,22:00-23:59,2026
KEBON JERUK,Penggelapan,22:00-23:59,2026
KEBON JERUK,Penipuan / Perbuatan Curang,22:00-23:59,2026
KEBON JERUK,Penipuan / Perbuatan Curang,22:00-23:59,2026
KEBON JERUK,Penipuan / Perbuatan Curang,22:00-23:59,2026
KEBON JERUK,Tindak Pidana Dalam Perlindungan Anak,22:00-23:59,2026
KEBON JERUK,Kekerasan Seksual (KDRT),00:00-04:59,2026
KEBON JERUK,Narkotika ( Narkoba ),00:00-04:59,2026
KEBON JERUK,Pemerasan,00:00-04:59,2026
KEBON JERUK,Pencemaran Nama Baik,00:00-04:59,2026
KEBON JERUK,Pencurian Biasa,00:00-04:59,2026
KEBON JERUK,Pencurian Biasa,00:00-04:59,2026
KEBON JERUK,Pencurian Biasa,00:00-04:59,2026
KEBON JERUK,Pencurian Biasa,00:00-04:59,2026
KEBON JERUK,Pencurian Biasa,00:00-04:59,2026
KEBON JERUK,Pencurian Biasa,00:00-04:59,2026
KEBON JERUK,Pencurian Biasa,00:00-04:59,2026
KEBON JERUK,Pencurian Dengan Pemberatan ( Curat ),00:00-04:59,2026
KEBON JERUK,Pencurian Dengan Pemberatan ( Curat ),00:00-04:59,2026
KEBON JERUK,Pencurian Dengan Pemberatan ( Curat ),00:00-04:59,2026
KEBON JERUK,Pencurian Dengan Pemberatan ( Curat ),00:00-04:59,2026
KEBON JERUK,Pencurian Dengan Pemberatan ( Curat ),00:00-04:59,2026
KEBON JERUK,Pencurian Dengan Pemberatan ( Curat ),00:00-04:59,2026
KEBON JERUK,Pencurian Dengan Pemberatan ( Curat ),00:00-04:59,2026
KEBON JERUK,Pencurian Dengan Pemberatan ( Curat ),00:00-04:59,2026
KEBON JERUK,Penganiayaan,00:00-04:59,2026
KEBON JERUK,Penganiayaan,00:00-04:59,2026
KEBON JERUK,Pengeroyokan,00:00-04:59,2026
KEBON JERUK,Pengeroyokan,00:00-04:59,2026
KEBON JERUK,Pengeroyokan,00:00-04:59,2026
KEBON JERUK,Pengeroyokan,00:00-04:59,2026
KEBON JERUK,Pengeroyokan,00:00-04:59,2026
KEBON JERUK,Pengeroyokan,00:00-04:59,2026
KEBON JERUK,Penggelapan,00:00-04:59,2026
KEBON JERUK,Penggelapan,00:00-04:59,2026
KEBON JERUK,Penipuan / Perbuatan Curang,00:00-04:59,2026
KEBON JERUK,Penipuan / Perbuatan Curang,00:00-04:59,2026
KEBON JERUK,Penipuan / Perbuatan Curang,00:00-04:59,2026
KEBON JERUK,Penipuan / Perbuatan Curang,00:00-04:59,2026
KEBON JERUK,Terhadap ketertiban umum,00:00-04:59,2026
KEBON JERUK,Terhadap ketertiban umum,00:00-04:59,2026
KEBON JERUK,Tindak Pidana Dalam Perlindungan Anak,00:00-04:59,2026
CILANDAK,Curanmor R-2,05:00-07:59,2026
CILANDAK,Kekerasan Dalam Rumah Tangga,05:00-07:59,2026
CILANDAK,Manipulasi data autentik secara elektronik (ITE),05:00-07:59,2026
CILANDAK,Manipulasi data autentik secara elektronik (ITE),05:00-07:59,2026
CILANDAK,Pencurian Biasa,05:00-07:59,2026
CILANDAK,Pencurian Biasa,05:00-07:59,2026
CILANDAK,Pencurian Dengan Pemberatan ( Curat ),05:00-07:59,2026
CILANDAK,Pencurian Dengan Pemberatan ( Curat ),05:00-07:59,2026
CILANDAK,Pencurian Dengan Pemberatan ( Curat ),05:00-07:59,2026
CILANDAK,Pencurian Dengan Pemberatan ( Curat ),05:00-07:59,2026
CILANDAK,Penganiayaan,05:00-07:59,2026
CILANDAK,Penganiayaan,05:00-07:59,2026
CILANDAK,Penggelapan,05:00-07:59,2026
CILANDAK,Perzinahan,05:00-07:59,2026
CILANDAK,Curanmor R-2,08:00-11:59,2026
CILANDAK,Kejahatan Terkait Perlindungan Data Pribadi,08:00-11:59,2026
CILANDAK,Kejahatan Terkait Perlindungan Data Pribadi,08:00-11:59,2026
CILANDAK,Kejahatan Terkait Perlindungan Data Pribadi,08:00-11:59,2026
CILANDAK,Kejahatan terkait Tenaga Kesehatan,08:00-11:59,2026
CILANDAK,Kekerasan Dalam Rumah Tangga,08:00-11:59,2026
CILANDAK,Manipulasi data autentik secara elektronik (ITE),08:00-11:59,2026
CILANDAK,Manipulasi data autentik secara elektronik (ITE),08:00-11:59,2026
CILANDAK,Manipulasi data autentik secara elektronik (ITE),08:00-11:59,2026
CILANDAK,Manipulasi data autentik secara elektronik (ITE),08:00-11:59,2026
CILANDAK,Manipulasi data autentik secara elektronik (ITE),08:00-11:59,2026
CILANDAK,Manipulasi data autentik secara elektronik (ITE),08:00-11:59,2026
CILANDAK,Manipulasi data autentik secara elektronik (ITE),08:00-11:59,2026
CILANDAK,Manipulasi data autentik secara elektronik (ITE),08:00-11:59,2026
CILANDAK,Manipulasi data autentik secara elektronik (ITE),08:00-11:59,2026
CILANDAK,Manipulasi data autentik secara elektronik (ITE),08:00-11:59,2026
CILANDAK,Manipulasi data autentik secara elektronik (ITE),08:00-11:59,2026
CILANDAK,Manipulasi data autentik secara elektronik (ITE),08:00-11:59,2026
CILANDAK,Manipulasi data autentik secara elektronik (ITE),08:00-11:59,2026
CILANDAK,Manipulasi data autentik secara elektronik (ITE),08:00-11:59,2026
CILANDAK,Manipulasi data autentik secara elektronik (ITE),08:00-11:59,2026
CILANDAK,Manipulasi data autentik secara elektronik (ITE),08:00-11:59,2026
CILANDAK,Memasuki Pekarangan Tanpa Ijin,08:00-11:59,2026
CILANDAK,Pemerasan Dan Pengancaman,08:00-11:59,2026
CILANDAK,Pencemaran Nama Baik,08:00-11:59,2026
CILANDAK,Pencemaran Nama Baik,08:00-11:59,2026
CILANDAK,Pencemaran Nama Baik,08:00-11:59,2026
CILANDAK,Pencemaran Nama Baik,08:00-11:59,2026
CILANDAK,Pencurian Biasa,08:00-11:59,2026
CILANDAK,Pencurian Biasa,08:00-11:59,2026
CILANDAK,Pencurian Biasa,08:00-11:59,2026
CILANDAK,Pencurian Biasa,08:00-11:59,2026
CILANDAK,Pencurian Dengan Kekerasan ( Curas ),08:00-11:59,2026
CILANDAK,Pencurian Dengan Pemberatan ( Curat ),08:00-11:59,2026
CILANDAK,Pencurian Dengan Pemberatan ( Curat ),08:00-11:59,2026
CILANDAK,Pencurian Dengan Pemberatan ( Curat ),08:00-11:59,2026
CILANDAK,Penganiayaan,08:00-11:59,2026
CILANDAK,Penganiayaan,08:00-11:59,2026
CILANDAK,Penganiayaan,08:00-11:59,2026
CILANDAK,Penganiayaan,08:00-11:59,2026
CILANDAK,Pengeroyokan,08:00-11:59,2026
CILANDAK,Penggelapan,08:00-11:59,2026
CILANDAK,Penggelapan,08:00-11:59,2026
CILANDAK,Penggelapan,08:00-11:59,2026
CILANDAK,Penggelapan,08:00-11:59,2026
CILANDAK,Penggelapan,08:00-11:59,2026
CILANDAK,Penggelapan,08:00-11:59,2026
CILANDAK,Penggelapan,08:00-11:59,2026
CILANDAK,Penipuan / Perbuatan Curang,08:00-11:59,2026
CILANDAK,Penipuan / Perbuatan Curang,08:00-11:59,2026
CILANDAK,Penipuan / Perbuatan Curang,08:00-11:59,2026
CILANDAK,Penipuan / Perbuatan Curang,08:00-11:59,2026
CILANDAK,Penipuan / Perbuatan Curang,08:00-11:59,2026
CILANDAK,Penipuan / Perbuatan Curang,08:00-11:59,2026
CILANDAK,Perzinahan,08:00-11:59,2026
CILANDAK,Perzinahan,08:00-11:59,2026
CILANDAK,Sumpah Palsu Dan Keterangan Palsu,08:00-11:59,2026
CILANDAK,Tindak Pidana Dalam Perlindungan Anak,08:00-11:59,2026
CILANDAK,Kejahatan Terkait Merek,12:00-14:59,2026
CILANDAK,Kejahatan Terkait Perlindungan Data Pribadi,12:00-14:59,2026
CILANDAK,Kejahatan Terkait Perlindungan Data Pribadi,12:00-14:59,2026
CILANDAK,Kejahatan terkait Tenaga Kesehatan,12:00-14:59,2026
CILANDAK,Kekerasan Seksual (KDRT),12:00-14:59,2026
CILANDAK,Manipulasi data autentik secara elektronik (ITE),12:00-14:59,2026
CILANDAK,Manipulasi data autentik secara elektronik (ITE),12:00-14:59,2026
CILANDAK,Manipulasi data autentik secara elektronik (ITE),12:00-14:59,2026
CILANDAK,Manipulasi data autentik secara elektronik (ITE),12:00-14:59,2026
CILANDAK,Manipulasi data autentik secara elektronik (ITE),12:00-14:59,2026
CILANDAK,Manipulasi data autentik secara elektronik (ITE),12:00-14:59,2026
CILANDAK,Manipulasi data autentik secara elektronik (ITE),12:00-14:59,2026
CILANDAK,Manipulasi data autentik secara elektronik (ITE),12:00-14:59,2026
CILANDAK,Manipulasi data autentik secara elektronik (ITE),12:00-14:59,2026
CILANDAK,Manipulasi data autentik secara elektronik (ITE),12:00-14:59,2026
CILANDAK,Manipulasi data autentik secara elektronik (ITE),12:00-14:59,2026
CILANDAK,Manipulasi data autentik secara elektronik (ITE),12:00-14:59,2026
CILANDAK,Manipulasi data autentik secara elektronik (ITE),12:00-14:59,2026
CILANDAK,Manipulasi data autentik secara elektronik (ITE),12:00-14:59,2026
CILANDAK,Manipulasi data autentik secara elektronik (ITE),12:00-14:59,2026
CILANDAK,Manipulasi data autentik secara elektronik (ITE),12:00-14:59,2026
CILANDAK,Manipulasi data autentik secara elektronik (ITE),12:00-14:59,2026
CILANDAK,Manipulasi data autentik secara elektronik (ITE),12:00-14:59,2026
CILANDAK,Manipulasi data autentik secara elektronik (ITE),12:00-14:59,2026
CILANDAK,Manipulasi data autentik secara elektronik (ITE),12:00-14:59,2026
CILANDAK,Membahayakan keamanan umum,12:00-14:59,2026
CILANDAK,Narkotika ( Narkoba ),12:00-14:59,2026
CILANDAK,Pencemaran Nama Baik,12:00-14:59,2026
CILANDAK,Pencemaran Nama Baik,12:00-14:59,2026
CILANDAK,Pencemaran Nama Baik,12:00-14:59,2026
CILANDAK,Pencemaran Nama Baik,12:00-14:59,2026
CILANDAK,Pencemaran Nama Baik,12:00-14:59,2026
CILANDAK,Penculikan,12:00-14:59,2026
CILANDAK,Pencurian Biasa,12:00-14:59,2026
CILANDAK,Pencurian Biasa,12:00-14:59,2026
CILANDAK,Pencurian Biasa,12:00-14:59,2026
CILANDAK,Pencurian Biasa,12:00-14:59,2026
CILANDAK,Pencurian Biasa,12:00-14:59,2026
CILANDAK,Pencurian Biasa,12:00-14:59,2026
CILANDAK,Pencurian Dengan Pemberatan ( Curat ),12:00-14:59,2026
CILANDAK,Pencurian Dengan Pemberatan ( Curat ),12:00-14:59,2026
CILANDAK,Pencurian Dengan Pemberatan ( Curat ),12:00-14:59,2026
CILANDAK,Pencurian Dengan Pemberatan ( Curat ),12:00-14:59,2026
CILANDAK,Pencurian Dengan Pemberatan ( Curat ),12:00-14:59,2026
CILANDAK,Pengancaman,12:00-14:59,2026
CILANDAK,Penganiayaan,12:00-14:59,2026
CILANDAK,Penganiayaan,12:00-14:59,2026
CILANDAK,Pengeroyokan,12:00-14:59,2026
CILANDAK,Penggelapan,12:00-14:59,2026
CILANDAK,Penggelapan,12:00-14:59,2026
CILANDAK,Penggelapan,12:00-14:59,2026
CILANDAK,Penggelapan,12:00-14:59,2026
CILANDAK,Penggelapan,12:00-14:59,2026
CILANDAK,Penggelapan,12:00-14:59,2026
CILANDAK,Penggelapan,12:00-14:59,2026
CILANDAK,Penggelapan,12:00-14:59,2026
CILANDAK,Penggelapan,12:00-14:59,2026
CILANDAK,Penggelapan,12:00-14:59,2026
CILANDAK,Penipuan / Perbuatan Curang,12:00-14:59,2026
CILANDAK,Penipuan / Perbuatan Curang,12:00-14:59,2026
CILANDAK,Penipuan / Perbuatan Curang,12:00-14:59,2026
CILANDAK,Penipuan / Perbuatan Curang,12:00-14:59,2026
CILANDAK,Penipuan / Perbuatan Curang,12:00-14:59,2026
CILANDAK,Penipuan / Perbuatan Curang,12:00-14:59,2026
CILANDAK,Penipuan / Perbuatan Curang,12:00-14:59,2026
CILANDAK,Penipuan / Perbuatan Curang,12:00-14:59,2026
CILANDAK,Penipuan / Perbuatan Curang,12:00-14:59,2026
CILANDAK,Penipuan / Perbuatan Curang,12:00-14:59,2026
CILANDAK,Penipuan / Perbuatan Curang,12:00-14:59,2026
CILANDAK,Penipuan / Perbuatan Curang,12:00-14:59,2026
CILANDAK,Penipuan / Perbuatan Curang,12:00-14:59,2026
CILANDAK,Penipuan / Perbuatan Curang,12:00-14:59,2026
CILANDAK,Penipuan / Perbuatan Curang,12:00-14:59,2026
CILANDAK,Penipuan / Perbuatan Curang,12:00-14:59,2026
CILANDAK,Penipuan / Perbuatan Curang,12:00-14:59,2026
CILANDAK,Penipuan / Perbuatan Curang,12:00-14:59,2026
CILANDAK,Penipuan / Perbuatan Curang,12:00-14:59,2026
CILANDAK,Penipuan / Perbuatan Curang,12:00-14:59,2026
CILANDAK,Terhadap ketertiban umum,12:00-14:59,2026
CILANDAK,Cabul,15:00-17:59,2026
CILANDAK,Kawin halangan/kawin tanpa ijin,15:00-17:59,2026
CILANDAK,Kejahatan Terkait Merek,15:00-17:59,2026
CILANDAK,Kejahatan Terkait Perlindungan Data Pribadi,15:00-17:59,2026
CILANDAK,Kejahatan Terkait Senjata Tajam ( Sajam ) ( Premanisme ),15:00-17:59,2026
CILANDAK,Kekerasan Dalam Rumah Tangga,15:00-17:59,2026
CILANDAK,Manipulasi data autentik secara elektronik (ITE),15:00-17:59,2026
CILANDAK,Manipulasi data autentik secara elektronik (ITE),15:00-17:59,2026
CILANDAK,Manipulasi data autentik secara elektronik (ITE),15:00-17:59,2026
CILANDAK,Manipulasi data autentik secara elektronik (ITE),15:00-17:59,2026
CILANDAK,Manipulasi data autentik secara elektronik (ITE),15:00-17:59,2026
CILANDAK,Manipulasi data autentik secara elektronik (ITE),15:00-17:59,2026
CILANDAK,Manipulasi data autentik secara elektronik (ITE),15:00-17:59,2026
CILANDAK,Manipulasi data autentik secara elektronik (ITE),15:00-17:59,2026
CILANDAK,Manipulasi data autentik secara elektronik (ITE),15:00-17:59,2026
CILANDAK,Manipulasi data autentik secara elektronik (ITE),15:00-17:59,2026
CILANDAK,Memasuki Pekarangan Tanpa Ijin,15:00-17:59,2026
CILANDAK,Narkotika ( Narkoba ),15:00-17:59,2026
CILANDAK,Narkotika ( Narkoba ),15:00-17:59,2026
CILANDAK,Narkotika ( Narkoba ),15:00-17:59,2026
CILANDAK,Pemalsuan Surat Otentik,15:00-17:59,2026
CILANDAK,Pencemaran Nama Baik,15:00-17:59,2026
CILANDAK,Pencemaran Nama Baik,15:00-17:59,2026
CILANDAK,Pencurian Biasa,15:00-17:59,2026
CILANDAK,Pencurian Biasa,15:00-17:59,2026
CILANDAK,Pencurian Biasa,15:00-17:59,2026
CILANDAK,Pencurian Biasa,15:00-17:59,2026
CILANDAK,Penganiayaan,15:00-17:59,2026
CILANDAK,Penganiayaan,15:00-17:59,2026
CILANDAK,Penganiayaan,15:00-17:59,2026
CILANDAK,Penganiayaan,15:00-17:59,2026
CILANDAK,Penggelapan,15:00-17:59,2026
CILANDAK,Penggelapan,15:00-17:59,2026
CILANDAK,Penggelapan,15:00-17:59,2026
CILANDAK,Penggelapan,15:00-17:59,2026
CILANDAK,Penggelapan,15:00-17:59,2026
CILANDAK,Penggelapan,15:00-17:59,2026
CILANDAK,Penggelapan,15:00-17:59,2026
CILANDAK,Penggelapan,15:00-17:59,2026
CILANDAK,Penggelapan,15:00-17:59,2026
CILANDAK,Penggelapan,15:00-17:59,2026
CILANDAK,Penggelapan,15:00-17:59,2026
CILANDAK,Penggelapan,15:00-17:59,2026
CILANDAK,Penggelapan,15:00-17:59,2026
CILANDAK,Penggelapan,15:00-17:59,2026
CILANDAK,Penggelapan,15:00-17:59,2026
CILANDAK,Penggelapan,15:00-17:59,2026
CILANDAK,Penggelapan,15:00-17:59,2026
CILANDAK,Penggelapan,15:00-17:59,2026
CILANDAK,Penipuan / Perbuatan Curang,15:00-17:59,2026
CILANDAK,Penipuan / Perbuatan Curang,15:00-17:59,2026
CILANDAK,Penipuan / Perbuatan Curang,15:00-17:59,2026
CILANDAK,Penipuan / Perbuatan Curang,15:00-17:59,2026
CILANDAK,Penipuan / Perbuatan Curang,15:00-17:59,2026
CILANDAK,Penipuan / Perbuatan Curang,15:00-17:59,2026
CILANDAK,Penipuan / Perbuatan Curang,15:00-17:59,2026
CILANDAK,Penipuan / Perbuatan Curang,15:00-17:59,2026
CILANDAK,Penipuan / Perbuatan Curang,15:00-17:59,2026
CILANDAK,Penipuan / Perbuatan Curang,15:00-17:59,2026
CILANDAK,Penipuan / Perbuatan Curang,15:00-17:59,2026
CILANDAK,Penipuan / Perbuatan Curang,15:00-17:59,2026
CILANDAK,Perzinahan,15:00-17:59,2026
CILANDAK,Tindak Pidana Dalam Perlindungan Anak,15:00-17:59,2026
CILANDAK,Cabul,18:00-21:59,2026
CILANDAK,Kejahatan Tentang Pornografi,18:00-21:59,2026
CILANDAK,Kejahatan Tentang Pornografi,18:00-21:59,2026
CILANDAK,Kejahatan Terkait Merek,18:00-21:59,2026
CILANDAK,Kejahatan Terkait Merek,18:00-21:59,2026
CILANDAK,Kejahatan Terkait Perlindungan Data Pribadi,18:00-21:59,2026
CILANDAK,Kekerasan Dalam Rumah Tangga,18:00-21:59,2026
CILANDAK,Kekerasan Dalam Rumah Tangga,18:00-21:59,2026
CILANDAK,Kekerasan Dalam Rumah Tangga,18:00-21:59,2026
CILANDAK,Kekerasan Seksual (KDRT),18:00-21:59,2026
CILANDAK,Manipulasi data autentik secara elektronik (ITE),18:00-21:59,2026
CILANDAK,Manipulasi data autentik secara elektronik (ITE),18:00-21:59,2026
CILANDAK,Manipulasi data autentik secara elektronik (ITE),18:00-21:59,2026
CILANDAK,Manipulasi data autentik secara elektronik (ITE),18:00-21:59,2026
CILANDAK,Manipulasi data autentik secara elektronik (ITE),18:00-21:59,2026
CILANDAK,Manipulasi data autentik secara elektronik (ITE),18:00-21:59,2026
CILANDAK,Manipulasi data autentik secara elektronik (ITE),18:00-21:59,2026
CILANDAK,Manipulasi data autentik secara elektronik (ITE),18:00-21:59,2026
CILANDAK,Memasuki Pekarangan Tanpa Ijin,18:00-21:59,2026
CILANDAK,Menjual atau mengedarkan obat keras / bebas terbatas tanpa ijin,18:00-21:59,2026
CILANDAK,Narkotika ( Narkoba ),18:00-21:59,2026
CILANDAK,Pencemaran Nama Baik,18:00-21:59,2026
CILANDAK,Pencemaran Nama Baik,18:00-21:59,2026
CILANDAK,Pencemaran Nama Baik,18:00-21:59,2026
CILANDAK,Pencemaran Nama Baik,18:00-21:59,2026
CILANDAK,Pencurian Biasa,18:00-21:59,2026
CILANDAK,Pencurian Biasa,18:00-21:59,2026
CILANDAK,Pencurian Biasa,18:00-21:59,2026
CILANDAK,Pencurian Biasa,18:00-21:59,2026
CILANDAK,Pencurian Biasa,18:00-21:59,2026
CILANDAK,Pencurian Biasa,18:00-21:59,2026
CILANDAK,Pencurian Biasa,18:00-21:59,2026
CILANDAK,Pencurian Biasa,18:00-21:59,2026
CILANDAK,Pencurian Biasa,18:00-21:59,2026
CILANDAK,Pencurian Biasa,18:00-21:59,2026
CILANDAK,Pencurian Biasa,18:00-21:59,2026
CILANDAK,Pencurian Biasa,18:00-21:59,2026
CILANDAK,Pencurian Biasa,18:00-21:59,2026
CILANDAK,Pencurian Biasa,18:00-21:59,2026
CILANDAK,Pencurian Dengan Kekerasan ( Curas ),18:00-21:59,2026
CILANDAK,Pencurian Dengan Pemberatan ( Curat ),18:00-21:59,2026
CILANDAK,Pencurian Dengan Pemberatan ( Curat ),18:00-21:59,2026
CILANDAK,Pencurian Dengan Pemberatan ( Curat ),18:00-21:59,2026
CILANDAK,Pencurian Dengan Pemberatan ( Curat ),18:00-21:59,2026
CILANDAK,Pencurian Ringan,18:00-21:59,2026
CILANDAK,Penganiayaan,18:00-21:59,2026
CILANDAK,Penganiayaan,18:00-21:59,2026
CILANDAK,Penganiayaan,18:00-21:59,2026
CILANDAK,Penganiayaan,18:00-21:59,2026
CILANDAK,Penganiayaan,18:00-21:59,2026
CILANDAK,Pengeroyokan,18:00-21:59,2026
CILANDAK,Pengeroyokan,18:00-21:59,2026
CILANDAK,Penggelapan,18:00-21:59,2026
CILANDAK,Penggelapan,18:00-21:59,2026
CILANDAK,Penggelapan,18:00-21:59,2026
CILANDAK,Penggelapan,18:00-21:59,2026
CILANDAK,Penggelapan,18:00-21:59,2026
CILANDAK,Penggelapan,18:00-21:59,2026
CILANDAK,Penggelapan,18:00-21:59,2026
CILANDAK,Penipuan / Perbuatan Curang,18:00-21:59,2026
CILANDAK,Penipuan / Perbuatan Curang,18:00-21:59,2026
CILANDAK,Penipuan / Perbuatan Curang,18:00-21:59,2026
CILANDAK,Penipuan / Perbuatan Curang,18:00-21:59,2026
CILANDAK,Penipuan / Perbuatan Curang,18:00-21:59,2026
CILANDAK,Penipuan / Perbuatan Curang,18:00-21:59,2026
CILANDAK,Penipuan / Perbuatan Curang,18:00-21:59,2026
CILANDAK,Penipuan / Perbuatan Curang,18:00-21:59,2026
CILANDAK,Penipuan / Perbuatan Curang,18:00-21:59,2026
CILANDAK,Penipuan / Perbuatan Curang,18:00-21:59,2026
CILANDAK,Penipuan / Perbuatan Curang,18:00-21:59,2026
CILANDAK,Penipuan / Perbuatan Curang,18:00-21:59,2026
CILANDAK,Penipuan / Perbuatan Curang,18:00-21:59,2026
CILANDAK,Penipuan / Perbuatan Curang,18:00-21:59,2026
CILANDAK,Penipuan / Perbuatan Curang,18:00-21:59,2026
CILANDAK,Perkosaan,18:00-21:59,2026
CILANDAK,Perkosaan,18:00-21:59,2026
CILANDAK,Perlindungan Konsumen,18:00-21:59,2026
CILANDAK,Perzinahan,18:00-21:59,2026
CILANDAK,Terhadap ketertiban umum,18:00-21:59,2026
CILANDAK,Tindak Pidana Dalam Perlindungan Anak,18:00-21:59,2026
CILANDAK,Kekerasan Dalam Rumah Tangga,22:00-23:59,2026
CILANDAK,Kekerasan Dalam Rumah Tangga,22:00-23:59,2026
CILANDAK,Manipulasi data autentik secara elektronik (ITE),22:00-23:59,2026
CILANDAK,Manipulasi data autentik secara elektronik (ITE),22:00-23:59,2026
CILANDAK,Narkotika ( Narkoba ),22:00-23:59,2026
CILANDAK,Narkotika ( Narkoba ),22:00-23:59,2026
CILANDAK,Pencemaran Nama Baik,22:00-23:59,2026
CILANDAK,Pencurian Biasa,22:00-23:59,2026
CILANDAK,Pencurian Biasa,22:00-23:59,2026
CILANDAK,Pencurian Dengan Pemberatan ( Curat ),22:00-23:59,2026
CILANDAK,Pencurian Dengan Pemberatan ( Curat ),22:00-23:59,2026
CILANDAK,Pencurian Dengan Pemberatan ( Curat ),22:00-23:59,2026
CILANDAK,Pengancaman,22:00-23:59,2026
CILANDAK,Penganiayaan,22:00-23:59,2026
CILANDAK,Penganiayaan,22:00-23:59,2026
CILANDAK,Penganiayaan,22:00-23:59,2026
CILANDAK,Pengeroyokan,22:00-23:59,2026
CILANDAK,Penggelapan,22:00-23:59,2026
CILANDAK,Penipuan / Perbuatan Curang,22:00-23:59,2026
CILANDAK,Penipuan / Perbuatan Curang,22:00-23:59,2026
CILANDAK,Penipuan / Perbuatan Curang,22:00-23:59,2026
CILANDAK,Penipuan / Perbuatan Curang,22:00-23:59,2026
CILANDAK,Cabul,00:00-04:59,2026
CILANDAK,Curanmor R-2,00:00-04:59,2026
CILANDAK,Curanmor R-2,00:00-04:59,2026
CILANDAK,Kejahatan Terkait Perlindungan Data Pribadi,00:00-04:59,2026
CILANDAK,Kekerasan Dalam Rumah Tangga,00:00-04:59,2026
CILANDAK,Manipulasi data autentik secara elektronik (ITE),00:00-04:59,2026
CILANDAK,Manipulasi data autentik secara elektronik (ITE),00:00-04:59,2026
CILANDAK,Narkotika ( Narkoba ),00:00-04:59,2026
CILANDAK,Narkotika ( Narkoba ),00:00-04:59,2026
CILANDAK,Narkotika ( Narkoba ),00:00-04:59,2026
CILANDAK,Narkotika ( Narkoba ),00:00-04:59,2026
CILANDAK,Narkotika ( Narkoba ),00:00-04:59,2026
CILANDAK,Narkotika ( Narkoba ),00:00-04:59,2026
CILANDAK,Pemerasan,00:00-04:59,2026
CILANDAK,Pencurian Biasa,00:00-04:59,2026
CILANDAK,Pencurian Biasa,00:00-04:59,2026
CILANDAK,Pencurian Biasa,00:00-04:59,2026
CILANDAK,Pencurian Biasa,00:00-04:59,2026
CILANDAK,Pencurian Dengan Pemberatan ( Curat ),00:00-04:59,2026
CILANDAK,Pencurian Dengan Pemberatan ( Curat ),00:00-04:59,2026
CILANDAK,Pencurian Dengan Pemberatan ( Curat ),00:00-04:59,2026
CILANDAK,Pencurian Dengan Pemberatan ( Curat ),00:00-04:59,2026
CILANDAK,Pencurian Dengan Pemberatan ( Curat ),00:00-04:59,2026
CILANDAK,Pencurian Dengan Pemberatan ( Curat ),00:00-04:59,2026
CILANDAK,Pencurian Dengan Pemberatan ( Curat ),00:00-04:59,2026
CILANDAK,Penganiayaan,00:00-04:59,2026
CILANDAK,Penganiayaan,00:00-04:59,2026
CILANDAK,Pengeroyokan,00:00-04:59,2026
CILANDAK,Pengeroyokan,00:00-04:59,2026
CILANDAK,Pengeroyokan,00:00-04:59,2026
CILANDAK,Pengeroyokan,00:00-04:59,2026
CILANDAK,Penggelapan,00:00-04:59,2026
CILANDAK,Perzinahan,00:00-04:59,2026
KALI DERES,Narkotika ( Narkoba ),05:00-07:59,2026
KALI DERES,Pencurian Biasa,05:00-07:59,2026
KALI DERES,Pencurian Biasa,05:00-07:59,2026
KALI DERES,Pencurian Biasa,05:00-07:59,2026
KALI DERES,Pencurian Biasa,05:00-07:59,2026
KALI DERES,Pencurian Dengan Kekerasan ( Curas ),05:00-07:59,2026
KALI DERES,Pencurian Dengan Pemberatan ( Curat ),05:00-07:59,2026
KALI DERES,Pencurian Dengan Pemberatan ( Curat ),05:00-07:59,2026
KALI DERES,Pencurian Dengan Pemberatan ( Curat ),05:00-07:59,2026
KALI DERES,Pencurian Dengan Pemberatan ( Curat ),05:00-07:59,2026
KALI DERES,Penganiayaan,05:00-07:59,2026
KALI DERES,Penganiayaan,05:00-07:59,2026
KALI DERES,Penganiayaan,05:00-07:59,2026
KALI DERES,Penganiayaan,05:00-07:59,2026
KALI DERES,Persetubuhan Terhadap Anak / Cabul Terhadap Anak,05:00-07:59,2026
KALI DERES,Cabul,08:00-11:59,2026
KALI DERES,Cabul,08:00-11:59,2026
KALI DERES,Kejahatan Terkait Pangan,08:00-11:59,2026
KALI DERES,Kekerasan Dalam Rumah Tangga,08:00-11:59,2026
KALI DERES,Kekerasan Dalam Rumah Tangga,08:00-11:59,2026
KALI DERES,Manipulasi data autentik secara elektronik (ITE),08:00-11:59,2026
KALI DERES,Memasuki Pekarangan Tanpa Ijin,08:00-11:59,2026
KALI DERES,Narkotika ( Narkoba ),08:00-11:59,2026
KALI DERES,Pencemaran Nama Baik,08:00-11:59,2026
KALI DERES,Pencemaran Nama Baik,08:00-11:59,2026
KALI DERES,Pencurian Biasa,08:00-11:59,2026
KALI DERES,Pencurian Biasa,08:00-11:59,2026
KALI DERES,Pencurian Biasa,08:00-11:59,2026
KALI DERES,Pencurian Biasa,08:00-11:59,2026
KALI DERES,Pencurian Biasa,08:00-11:59,2026
KALI DERES,Pencurian Biasa,08:00-11:59,2026
KALI DERES,Pencurian Biasa,08:00-11:59,2026
KALI DERES,Pencurian Dengan Pemberatan ( Curat ),08:00-11:59,2026
KALI DERES,Pencurian Dengan Pemberatan ( Curat ),08:00-11:59,2026
KALI DERES,Pencurian Dengan Pemberatan ( Curat ),08:00-11:59,2026
KALI DERES,Pencurian Dengan Pemberatan ( Curat ),08:00-11:59,2026
KALI DERES,Penganiayaan,08:00-11:59,2026
KALI DERES,Penganiayaan,08:00-11:59,2026
KALI DERES,Penganiayaan,08:00-11:59,2026
KALI DERES,Penganiayaan,08:00-11:59,2026
KALI DERES,Pengerusakan,08:00-11:59,2026
KALI DERES,Penggelapan,08:00-11:59,2026
KALI DERES,Penggelapan,08:00-11:59,2026
KALI DERES,Penggelapan,08:00-11:59,2026
KALI DERES,Penggelapan,08:00-11:59,2026
KALI DERES,Penggelapan,08:00-11:59,2026
KALI DERES,Penggelapan,08:00-11:59,2026
KALI DERES,Penggelapan,08:00-11:59,2026
KALI DERES,Penipuan / Perbuatan Curang,08:00-11:59,2026
KALI DERES,Penipuan / Perbuatan Curang,08:00-11:59,2026
KALI DERES,Penipuan / Perbuatan Curang,08:00-11:59,2026
KALI DERES,Penipuan / Perbuatan Curang,08:00-11:59,2026
KALI DERES,Penipuan / Perbuatan Curang,08:00-11:59,2026
KALI DERES,Penipuan / Perbuatan Curang,08:00-11:59,2026
KALI DERES,Penipuan / Perbuatan Curang,08:00-11:59,2026
KALI DERES,Penipuan / Perbuatan Curang,08:00-11:59,2026
KALI DERES,Penipuan / Perbuatan Curang,08:00-11:59,2026
KALI DERES,Penipuan / Perbuatan Curang,08:00-11:59,2026
KALI DERES,Penipuan / Perbuatan Curang,08:00-11:59,2026
KALI DERES,Penipuan / Perbuatan Curang,08:00-11:59,2026
KALI DERES,Penipuan / Perbuatan Curang,08:00-11:59,2026
KALI DERES,Tindak Pidana Dalam Perlindungan Anak,08:00-11:59,2026
KALI DERES,Kejahatan Tentang Desain Industri,12:00-14:59,2026
KALI DERES,Kejahatan Tentang Tenaga Kerja,12:00-14:59,2026
KALI DERES,Kekerasan Dalam Rumah Tangga,12:00-14:59,2026
KALI DERES,Kekerasan Dalam Rumah Tangga,12:00-14:59,2026
KALI DERES,Kekerasan Seksual (KDRT),12:00-14:59,2026
KALI DERES,Manipulasi data autentik secara elektronik (ITE),12:00-14:59,2026
KALI DERES,Manipulasi data autentik secara elektronik (ITE),12:00-14:59,2026
KALI DERES,Manipulasi data autentik secara elektronik (ITE),12:00-14:59,2026
KALI DERES,Memasuki Pekarangan Tanpa Ijin,12:00-14:59,2026
KALI DERES,Narkotika ( Narkoba ),12:00-14:59,2026
KALI DERES,Narkotika ( Narkoba ),12:00-14:59,2026
KALI DERES,Narkotika ( Narkoba ),12:00-14:59,2026
KALI DERES,Pencemaran Nama Baik,12:00-14:59,2026
KALI DERES,Pencemaran Nama Baik,12:00-14:59,2026
KALI DERES,Pencemaran Nama Baik,12:00-14:59,2026
KALI DERES,Pencurian Biasa,12:00-14:59,2026
KALI DERES,Pencurian Biasa,12:00-14:59,2026
KALI DERES,Pencurian Biasa,12:00-14:59,2026
KALI DERES,Pencurian Dengan Pemberatan ( Curat ),12:00-14:59,2026
KALI DERES,Pencurian Dengan Pemberatan ( Curat ),12:00-14:59,2026
KALI DERES,Pencurian Dengan Pemberatan ( Curat ),12:00-14:59,2026
KALI DERES,Pencurian Dengan Pemberatan ( Curat ),12:00-14:59,2026
KALI DERES,Pencurian Dengan Pemberatan ( Curat ),12:00-14:59,2026
KALI DERES,Pencurian Dengan Pemberatan ( Curat ),12:00-14:59,2026
KALI DERES,Pencurian Dengan Pemberatan ( Curat ),12:00-14:59,2026
KALI DERES,Pencurian Dengan Pemberatan ( Curat ),12:00-14:59,2026
KALI DERES,Penganiayaan,12:00-14:59,2026
KALI DERES,Penganiayaan,12:00-14:59,2026
KALI DERES,Penganiayaan,12:00-14:59,2026
KALI DERES,Penggelapan,12:00-14:59,2026
KALI DERES,Penggelapan,12:00-14:59,2026
KALI DERES,Penggelapan,12:00-14:59,2026
KALI DERES,Penggelapan,12:00-14:59,2026
KALI DERES,Penggelapan,12:00-14:59,2026
KALI DERES,Penggelapan,12:00-14:59,2026
KALI DERES,Penggelapan,12:00-14:59,2026
KALI DERES,Penipuan / Perbuatan Curang,12:00-14:59,2026
KALI DERES,Penipuan / Perbuatan Curang,12:00-14:59,2026
KALI DERES,Penipuan / Perbuatan Curang,12:00-14:59,2026
KALI DERES,Penipuan / Perbuatan Curang,12:00-14:59,2026
KALI DERES,Penipuan / Perbuatan Curang,12:00-14:59,2026
KALI DERES,Penipuan / Perbuatan Curang,12:00-14:59,2026
KALI DERES,Penipuan / Perbuatan Curang,12:00-14:59,2026
KALI DERES,Penipuan / Perbuatan Curang,12:00-14:59,2026
KALI DERES,Penipuan / Perbuatan Curang,12:00-14:59,2026
KALI DERES,Penipuan / Perbuatan Curang,12:00-14:59,2026
KALI DERES,Penipuan / Perbuatan Curang,12:00-14:59,2026
KALI DERES,Penipuan / Perbuatan Curang,12:00-14:59,2026
KALI DERES,Penyerobotan Tanah,12:00-14:59,2026
KALI DERES,Perkosaan,12:00-14:59,2026
KALI DERES,Sumpah Palsu Dan Keterangan Palsu,12:00-14:59,2026
KALI DERES,Terhadap ketertiban umum,12:00-14:59,2026
KALI DERES,Terhadap ketertiban umum,12:00-14:59,2026
KALI DERES,Tindak Pidana Dalam Perlindungan Anak,12:00-14:59,2026
KALI DERES,Tindak Pidana Dalam Perlindungan Anak,12:00-14:59,2026
KALI DERES,Tindak Pidana Transfer Dana,12:00-14:59,2026
KALI DERES,Cabul,15:00-17:59,2026
KALI DERES,Kejahatan Tentang Pornografi,15:00-17:59,2026
KALI DERES,Kejahatan terkait Tenaga Kesehatan,15:00-17:59,2026
KALI DERES,Kekerasan Dalam Rumah Tangga,15:00-17:59,2026
KALI DERES,Kekerasan Dalam Rumah Tangga,15:00-17:59,2026
KALI DERES,Manipulasi data autentik secara elektronik (ITE),15:00-17:59,2026
KALI DERES,Memasuki Pekarangan Tanpa Ijin,15:00-17:59,2026
KALI DERES,Memasuki Pekarangan Tanpa Ijin,15:00-17:59,2026
KALI DERES,Narkotika ( Narkoba ),15:00-17:59,2026
KALI DERES,Narkotika ( Narkoba ),15:00-17:59,2026
KALI DERES,Pemerasan,15:00-17:59,2026
KALI DERES,Pencemaran Nama Baik,15:00-17:59,2026
KALI DERES,Pencemaran Nama Baik,15:00-17:59,2026
KALI DERES,Pencemaran Nama Baik,15:00-17:59,2026
KALI DERES,Pencemaran Nama Baik,15:00-17:59,2026
KALI DERES,Penculikan,15:00-17:59,2026
KALI DERES,Pencurian Biasa,15:00-17:59,2026
KALI DERES,Pencurian Biasa,15:00-17:59,2026
KALI DERES,Pencurian Biasa,15:00-17:59,2026
KALI DERES,Pencurian Biasa,15:00-17:59,2026
KALI DERES,Pencurian Biasa,15:00-17:59,2026
KALI DERES,Pencurian Dengan Pemberatan ( Curat ),15:00-17:59,2026
KALI DERES,Pencurian Dengan Pemberatan ( Curat ),15:00-17:59,2026
KALI DERES,Pencurian Dengan Pemberatan ( Curat ),15:00-17:59,2026
KALI DERES,Pencurian Dengan Pemberatan ( Curat ),15:00-17:59,2026
KALI DERES,Pencurian Dengan Pemberatan ( Curat ),15:00-17:59,2026
KALI DERES,Pencurian Dengan Pemberatan ( Curat ),15:00-17:59,2026
KALI DERES,Pengancaman,15:00-17:59,2026
KALI DERES,Pengancaman,15:00-17:59,2026
KALI DERES,Pengancaman,15:00-17:59,2026
KALI DERES,Penganiayaan,15:00-17:59,2026
KALI DERES,Penganiayaan,15:00-17:59,2026
KALI DERES,Penganiayaan,15:00-17:59,2026
KALI DERES,Penganiayaan,15:00-17:59,2026
KALI DERES,Penganiayaan,15:00-17:59,2026
KALI DERES,Penganiayaan,15:00-17:59,2026
KALI DERES,Penganiayaan,15:00-17:59,2026
KALI DERES,Penganiayaan,15:00-17:59,2026
KALI DERES,Penganiayaan,15:00-17:59,2026
KALI DERES,Penganiayaan,15:00-17:59,2026
KALI DERES,Penganiayaan,15:00-17:59,2026
KALI DERES,Pengeroyokan,15:00-17:59,2026
KALI DERES,Pengeroyokan,15:00-17:59,2026
KALI DERES,Pengerusakan,15:00-17:59,2026
KALI DERES,Penggelapan,15:00-17:59,2026
KALI DERES,Penggelapan,15:00-17:59,2026
KALI DERES,Penggelapan,15:00-17:59,2026
KALI DERES,Penggelapan,15:00-17:59,2026
KALI DERES,Penggelapan,15:00-17:59,2026
KALI DERES,Penggelapan,15:00-17:59,2026
KALI DERES,Penggelapan,15:00-17:59,2026
KALI DERES,Penggelapan,15:00-17:59,2026
KALI DERES,Penggelapan,15:00-17:59,2026
KALI DERES,Penggelapan,15:00-17:59,2026
KALI DERES,Penggelapan,15:00-17:59,2026
KALI DERES,Penipuan / Perbuatan Curang,15:00-17:59,2026
KALI DERES,Penipuan / Perbuatan Curang,15:00-17:59,2026
KALI DERES,Penipuan / Perbuatan Curang,15:00-17:59,2026
KALI DERES,Penipuan / Perbuatan Curang,15:00-17:59,2026
KALI DERES,Penipuan / Perbuatan Curang,15:00-17:59,2026
KALI DERES,Penipuan / Perbuatan Curang,15:00-17:59,2026
KALI DERES,Penipuan / Perbuatan Curang,15:00-17:59,2026
KALI DERES,Penipuan / Perbuatan Curang,15:00-17:59,2026
KALI DERES,Penipuan / Perbuatan Curang,15:00-17:59,2026
KALI DERES,Penipuan / Perbuatan Curang,15:00-17:59,2026
KALI DERES,Penipuan / Perbuatan Curang,15:00-17:59,2026
KALI DERES,Penipuan / Perbuatan Curang,15:00-17:59,2026
KALI DERES,Penipuan / Perbuatan Curang,15:00-17:59,2026
KALI DERES,Penipuan / Perbuatan Curang,15:00-17:59,2026
KALI DERES,Penipuan / Perbuatan Curang,15:00-17:59,2026
KALI DERES,Perkosaan,15:00-17:59,2026
KALI DERES,Tindak Pidana Dalam Perlindungan Anak,15:00-17:59,2026
KALI DERES,Kejahatan terkait Tenaga Kesehatan,18:00-21:59,2026
KALI DERES,Kejahatan terkait Tenaga Kesehatan,18:00-21:59,2026
KALI DERES,Kekerasan Dalam Rumah Tangga,18:00-21:59,2026
KALI DERES,Manipulasi data autentik secara elektronik (ITE),18:00-21:59,2026
KALI DERES,Manipulasi data autentik secara elektronik (ITE),18:00-21:59,2026
KALI DERES,Manipulasi data autentik secara elektronik (ITE),18:00-21:59,2026
KALI DERES,Manipulasi data autentik secara elektronik (ITE),18:00-21:59,2026
KALI DERES,Manipulasi data autentik secara elektronik (ITE),18:00-21:59,2026
KALI DERES,Narkotika ( Narkoba ),18:00-21:59,2026
KALI DERES,Narkotika ( Narkoba ),18:00-21:59,2026
KALI DERES,Narkotika ( Narkoba ),18:00-21:59,2026
KALI DERES,Narkotika ( Narkoba ),18:00-21:59,2026
KALI DERES,Pemerasan,18:00-21:59,2026
KALI DERES,Pemerasan Dan Pengancaman,18:00-21:59,2026
KALI DERES,Pencemaran Nama Baik,18:00-21:59,2026
KALI DERES,Pencemaran Nama Baik,18:00-21:59,2026
KALI DERES,Pencemaran Nama Baik,18:00-21:59,2026
KALI DERES,Pencurian Biasa,18:00-21:59,2026
KALI DERES,Pencurian Biasa,18:00-21:59,2026
KALI DERES,Pencurian Biasa,18:00-21:59,2026
KALI DERES,Pencurian Biasa,18:00-21:59,2026
KALI DERES,Pencurian Biasa,18:00-21:59,2026
KALI DERES,Pencurian Biasa,18:00-21:59,2026
KALI DERES,Pencurian Biasa,18:00-21:59,2026
KALI DERES,Pencurian Biasa,18:00-21:59,2026
KALI DERES,Pencurian Biasa,18:00-21:59,2026
KALI DERES,Pencurian Dengan Pemberatan ( Curat ),18:00-21:59,2026
KALI DERES,Pencurian Dengan Pemberatan ( Curat ),18:00-21:59,2026
KALI DERES,Pencurian Dengan Pemberatan ( Curat ),18:00-21:59,2026
KALI DERES,Pencurian Dengan Pemberatan ( Curat ),18:00-21:59,2026
KALI DERES,Pencurian Dengan Pemberatan ( Curat ),18:00-21:59,2026
KALI DERES,Pencurian Dengan Pemberatan ( Curat ),18:00-21:59,2026
KALI DERES,Pencurian Dengan Pemberatan ( Curat ),18:00-21:59,2026
KALI DERES,Pencurian Dengan Pemberatan ( Curat ),18:00-21:59,2026
KALI DERES,Pencurian Dengan Pemberatan ( Curat ),18:00-21:59,2026
KALI DERES,Pencurian Dengan Pemberatan ( Curat ),18:00-21:59,2026
KALI DERES,Pencurian Dengan Pemberatan ( Curat ),18:00-21:59,2026
KALI DERES,Pengancaman,18:00-21:59,2026
KALI DERES,Penganiayaan,18:00-21:59,2026
KALI DERES,Penganiayaan,18:00-21:59,2026
KALI DERES,Penganiayaan,18:00-21:59,2026
KALI DERES,Penganiayaan,18:00-21:59,2026
KALI DERES,Penganiayaan,18:00-21:59,2026
KALI DERES,Penganiayaan,18:00-21:59,2026
KALI DERES,Penganiayaan,18:00-21:59,2026
KALI DERES,Penganiayaan,18:00-21:59,2026
KALI DERES,Penganiayaan,18:00-21:59,2026
KALI DERES,Penganiayaan,18:00-21:59,2026
KALI DERES,Pengeroyokan,18:00-21:59,2026
KALI DERES,Pengeroyokan,18:00-21:59,2026
KALI DERES,Pengeroyokan,18:00-21:59,2026
KALI DERES,Penggelapan,18:00-21:59,2026
KALI DERES,Penggelapan,18:00-21:59,2026
KALI DERES,Penggelapan,18:00-21:59,2026
KALI DERES,Penggelapan,18:00-21:59,2026
KALI DERES,Penggelapan,18:00-21:59,2026
KALI DERES,Penipuan / Perbuatan Curang,18:00-21:59,2026
KALI DERES,Penipuan / Perbuatan Curang,18:00-21:59,2026
KALI DERES,Penipuan / Perbuatan Curang,18:00-21:59,2026
KALI DERES,Penipuan / Perbuatan Curang,18:00-21:59,2026
KALI DERES,Penipuan / Perbuatan Curang,18:00-21:59,2026
KALI DERES,Penipuan / Perbuatan Curang,18:00-21:59,2026
KALI DERES,Penipuan / Perbuatan Curang,18:00-21:59,2026
KALI DERES,Penipuan / Perbuatan Curang,18:00-21:59,2026
KALI DERES,Penipuan / Perbuatan Curang,18:00-21:59,2026
KALI DERES,Penipuan / Perbuatan Curang,18:00-21:59,2026
KALI DERES,Penipuan / Perbuatan Curang,18:00-21:59,2026
KALI DERES,Penipuan / Perbuatan Curang,18:00-21:59,2026
KALI DERES,Penipuan / Perbuatan Curang,18:00-21:59,2026
KALI DERES,Perbuatan Yang Tidak Menyenangkan,18:00-21:59,2026
KALI DERES,Perzinahan,18:00-21:59,2026
KALI DERES,Sengaja Menimbulkan Kebakaran/banjir (pembakaran),18:00-21:59,2026
KALI DERES,Kejahatan Tentang Konservasi Sumber Daya Alam Hayati Dan Ekosistem,22:00-23:59,2026
KALI DERES,Kekerasan Dalam Rumah Tangga,22:00-23:59,2026
KALI DERES,Kekerasan Dalam Rumah Tangga,22:00-23:59,2026
KALI DERES,Kekerasan Dalam Rumah Tangga,22:00-23:59,2026
KALI DERES,Kekerasan Dalam Rumah Tangga,22:00-23:59,2026
KALI DERES,Kekerasan Dalam Rumah Tangga,22:00-23:59,2026
KALI DERES,Memasuki Pekarangan Tanpa Ijin,22:00-23:59,2026
KALI DERES,Narkotika ( Narkoba ),22:00-23:59,2026
KALI DERES,Narkotika ( Narkoba ),22:00-23:59,2026
KALI DERES,Narkotika ( Narkoba ),22:00-23:59,2026
KALI DERES,Pencemaran Nama Baik,22:00-23:59,2026
KALI DERES,Pencurian Biasa,22:00-23:59,2026
KALI DERES,Pencurian Biasa,22:00-23:59,2026
KALI DERES,Pencurian Dengan Pemberatan ( Curat ),22:00-23:59,2026
KALI DERES,Pengancaman,22:00-23:59,2026
KALI DERES,Penganiayaan,22:00-23:59,2026
KALI DERES,Pengeroyokan,22:00-23:59,2026
KALI DERES,Pengeroyokan,22:00-23:59,2026
KALI DERES,Pengeroyokan,22:00-23:59,2026
KALI DERES,Pengerusakan,22:00-23:59,2026
KALI DERES,Penggelapan,22:00-23:59,2026
KALI DERES,Penggelapan,22:00-23:59,2026
KALI DERES,Penipuan / Perbuatan Curang,22:00-23:59,2026
KALI DERES,Penipuan / Perbuatan Curang,22:00-23:59,2026
KALI DERES,Penipuan / Perbuatan Curang,22:00-23:59,2026
KALI DERES,Penipuan / Perbuatan Curang,22:00-23:59,2026
KALI DERES,Penipuan / Perbuatan Curang,22:00-23:59,2026
KALI DERES,Perkosaan,22:00-23:59,2026
KALI DERES,Perzinahan,22:00-23:59,2026
KALI DERES,Tindak Pidana Transfer Dana,22:00-23:59,2026
KALI DERES,Judi,00:00-04:59,2026
KALI DERES,Kekerasan Dalam Rumah Tangga,00:00-04:59,2026
KALI DERES,Kekerasan Dalam Rumah Tangga,00:00-04:59,2026
KALI DERES,Narkotika ( Narkoba ),00:00-04:59,2026
KALI DERES,Narkotika ( Narkoba ),00:00-04:59,2026
KALI DERES,Narkotika ( Narkoba ),00:00-04:59,2026
KALI DERES,Narkotika ( Narkoba ),00:00-04:59,2026
KALI DERES,Narkotika ( Narkoba ),00:00-04:59,2026
KALI DERES,Narkotika ( Narkoba ),00:00-04:59,2026
KALI DERES,Narkotika ( Narkoba ),00:00-04:59,2026
KALI DERES,Narkotika ( Narkoba ),00:00-04:59,2026
KALI DERES,Pencurian Biasa,00:00-04:59,2026
KALI DERES,Pencurian Biasa,00:00-04:59,2026
KALI DERES,Pencurian Biasa,00:00-04:59,2026
KALI DERES,Pencurian Biasa,00:00-04:59,2026
KALI DERES,Pencurian Biasa,00:00-04:59,2026
KALI DERES,Pencurian Biasa,00:00-04:59,2026
KALI DERES,Pencurian Biasa,00:00-04:59,2026
KALI DERES,Pencurian Biasa,00:00-04:59,2026
KALI DERES,Pencurian Dengan Kekerasan ( Curas ),00:00-04:59,2026
KALI DERES,Pencurian Dengan Kekerasan ( Curas ),00:00-04:59,2026
KALI DERES,Pencurian Dengan Kekerasan ( Curas ),00:00-04:59,2026
KALI DERES,Pencurian Dengan Pemberatan ( Curat ),00:00-04:59,2026
KALI DERES,Pencurian Dengan Pemberatan ( Curat ),00:00-04:59,2026
KALI DERES,Pencurian Dengan Pemberatan ( Curat ),00:00-04:59,2026
KALI DERES,Pencurian Dengan Pemberatan ( Curat ),00:00-04:59,2026
KALI DERES,Penganiayaan,00:00-04:59,2026
KALI DERES,Penganiayaan,00:00-04:59,2026
KALI DERES,Penganiayaan,00:00-04:59,2026
KALI DERES,Pengeroyokan,00:00-04:59,2026
KALI DERES,Pengeroyokan,00:00-04:59,2026
KALI DERES,Pengeroyokan,00:00-04:59,2026
KALI DERES,Pengeroyokan,00:00-04:59,2026
KALI DERES,Penggelapan,00:00-04:59,2026
KALI DERES,Penipuan / Perbuatan Curang,00:00-04:59,2026
KALI DERES,Penipuan / Perbuatan Curang,00:00-04:59,2026
KALI DERES,Tindak Pidana Dalam Perlindungan Anak,00:00-04:59,2026
JAGAKARSA,Manipulasi data autentik secara elektronik (ITE),05:00-07:59,2026
JAGAKARSA,Pencurian Dengan Kekerasan ( Curas ),05:00-07:59,2026
JAGAKARSA,Pencurian Dengan Pemberatan ( Curat ),05:00-07:59,2026
JAGAKARSA,Pengancaman,05:00-07:59,2026
JAGAKARSA,Terorisme,05:00-07:59,2026
JAGAKARSA,Kejahatan Terhadap Jiwa Orang / Pembunuhan,08:00-11:59,2026
JAGAKARSA,Kekerasan Dalam Rumah Tangga,08:00-11:59,2026
JAGAKARSA,Kekerasan Dalam Rumah Tangga,08:00-11:59,2026
JAGAKARSA,Kekerasan Dalam Rumah Tangga,08:00-11:59,2026
JAGAKARSA,Kekerasan Dalam Rumah Tangga,08:00-11:59,2026
JAGAKARSA,Kekerasan Dalam Rumah Tangga,08:00-11:59,2026
JAGAKARSA,Manipulasi data autentik secara elektronik (ITE),08:00-11:59,2026
JAGAKARSA,Manipulasi data autentik secara elektronik (ITE),08:00-11:59,2026
JAGAKARSA,Manipulasi data autentik secara elektronik (ITE),08:00-11:59,2026
JAGAKARSA,Manipulasi data autentik secara elektronik (ITE),08:00-11:59,2026
JAGAKARSA,Manipulasi data autentik secara elektronik (ITE),08:00-11:59,2026
JAGAKARSA,Manipulasi data autentik secara elektronik (ITE),08:00-11:59,2026
JAGAKARSA,Manipulasi data autentik secara elektronik (ITE),08:00-11:59,2026
JAGAKARSA,Manipulasi data autentik secara elektronik (ITE),08:00-11:59,2026
JAGAKARSA,Manipulasi data autentik secara elektronik (ITE),08:00-11:59,2026
JAGAKARSA,Manipulasi data autentik secara elektronik (ITE),08:00-11:59,2026
JAGAKARSA,Manipulasi data autentik secara elektronik (ITE),08:00-11:59,2026
JAGAKARSA,Manipulasi data autentik secara elektronik (ITE),08:00-11:59,2026
JAGAKARSA,Manipulasi data autentik secara elektronik (ITE),08:00-11:59,2026
JAGAKARSA,Manipulasi data autentik secara elektronik (ITE),08:00-11:59,2026
JAGAKARSA,Manipulasi data autentik secara elektronik (ITE),08:00-11:59,2026
JAGAKARSA,Manipulasi data autentik secara elektronik (ITE),08:00-11:59,2026
JAGAKARSA,Manipulasi data autentik secara elektronik (ITE),08:00-11:59,2026
JAGAKARSA,Memasuki Pekarangan Tanpa Ijin,08:00-11:59,2026
JAGAKARSA,Memasuki Pekarangan Tanpa Ijin,08:00-11:59,2026
JAGAKARSA,Memasuki Pekarangan Tanpa Ijin,08:00-11:59,2026
JAGAKARSA,Mengakibatkan Orang Mati,08:00-11:59,2026
JAGAKARSA,Narkotika ( Narkoba ),08:00-11:59,2026
JAGAKARSA,Pemerasan Dan Pengancaman,08:00-11:59,2026
JAGAKARSA,Pencemaran Nama Baik,08:00-11:59,2026
JAGAKARSA,Pencemaran Nama Baik,08:00-11:59,2026
JAGAKARSA,Pencemaran Nama Baik,08:00-11:59,2026
JAGAKARSA,Pencemaran Nama Baik,08:00-11:59,2026
JAGAKARSA,Pencurian Biasa,08:00-11:59,2026
JAGAKARSA,Pencurian Biasa,08:00-11:59,2026
JAGAKARSA,Pencurian Biasa,08:00-11:59,2026
JAGAKARSA,Pencurian Biasa,08:00-11:59,2026
JAGAKARSA,Pencurian Biasa,08:00-11:59,2026
JAGAKARSA,Pencurian Dengan Pemberatan ( Curat ),08:00-11:59,2026
JAGAKARSA,Pencurian Dengan Pemberatan ( Curat ),08:00-11:59,2026
JAGAKARSA,Pencurian Dengan Pemberatan ( Curat ),08:00-11:59,2026
JAGAKARSA,Pencurian Dengan Pemberatan ( Curat ),08:00-11:59,2026
JAGAKARSA,Pencurian Dengan Pemberatan ( Curat ),08:00-11:59,2026
JAGAKARSA,Pencurian Dengan Pemberatan ( Curat ),08:00-11:59,2026
JAGAKARSA,Pencurian Dengan Pemberatan ( Curat ),08:00-11:59,2026
JAGAKARSA,Pengancaman,08:00-11:59,2026
JAGAKARSA,Penganiayaan,08:00-11:59,2026
JAGAKARSA,Penganiayaan,08:00-11:59,2026
JAGAKARSA,Penganiayaan,08:00-11:59,2026
JAGAKARSA,Pengeroyokan,08:00-11:59,2026
JAGAKARSA,Penggelapan,08:00-11:59,2026
JAGAKARSA,Penggelapan,08:00-11:59,2026
JAGAKARSA,Penggelapan,08:00-11:59,2026
JAGAKARSA,Penipuan / Perbuatan Curang,08:00-11:59,2026
JAGAKARSA,Penipuan / Perbuatan Curang,08:00-11:59,2026
JAGAKARSA,Penipuan / Perbuatan Curang,08:00-11:59,2026
JAGAKARSA,Penipuan / Perbuatan Curang,08:00-11:59,2026
JAGAKARSA,Penipuan / Perbuatan Curang,08:00-11:59,2026
JAGAKARSA,Penipuan / Perbuatan Curang,08:00-11:59,2026
JAGAKARSA,Penipuan / Perbuatan Curang,08:00-11:59,2026
JAGAKARSA,Penyebaran Berita Bohong ( Hoax ),08:00-11:59,2026
JAGAKARSA,Perkosaan,08:00-11:59,2026
JAGAKARSA,Persetubuhan Terhadap Anak / Cabul Terhadap Anak,08:00-11:59,2026
JAGAKARSA,Kekerasan Dalam Rumah Tangga,12:00-14:59,2026
JAGAKARSA,Kekerasan Dalam Rumah Tangga,12:00-14:59,2026
JAGAKARSA,Kekerasan Dalam Rumah Tangga,12:00-14:59,2026
JAGAKARSA,Kekerasan Seksual (KDRT),12:00-14:59,2026
JAGAKARSA,Manipulasi data autentik secara elektronik (ITE),12:00-14:59,2026
JAGAKARSA,Manipulasi data autentik secara elektronik (ITE),12:00-14:59,2026
JAGAKARSA,Manipulasi data autentik secara elektronik (ITE),12:00-14:59,2026
JAGAKARSA,Manipulasi data autentik secara elektronik (ITE),12:00-14:59,2026
JAGAKARSA,Manipulasi data autentik secara elektronik (ITE),12:00-14:59,2026
JAGAKARSA,Manipulasi data autentik secara elektronik (ITE),12:00-14:59,2026
JAGAKARSA,Manipulasi data autentik secara elektronik (ITE),12:00-14:59,2026
JAGAKARSA,Manipulasi data autentik secara elektronik (ITE),12:00-14:59,2026
JAGAKARSA,Manipulasi data autentik secara elektronik (ITE),12:00-14:59,2026
JAGAKARSA,Manipulasi data autentik secara elektronik (ITE),12:00-14:59,2026
JAGAKARSA,Manipulasi data autentik secara elektronik (ITE),12:00-14:59,2026
JAGAKARSA,Manipulasi data autentik secara elektronik (ITE),12:00-14:59,2026
JAGAKARSA,Manipulasi data autentik secara elektronik (ITE),12:00-14:59,2026
JAGAKARSA,Manipulasi data autentik secara elektronik (ITE),12:00-14:59,2026
JAGAKARSA,Manipulasi data autentik secara elektronik (ITE),12:00-14:59,2026
JAGAKARSA,Memasuki Pekarangan Tanpa Ijin,12:00-14:59,2026
JAGAKARSA,Narkotika ( Narkoba ),12:00-14:59,2026
JAGAKARSA,Pemalsuan Surat Otentik,12:00-14:59,2026
JAGAKARSA,Pemalsuan Surat Otentik,12:00-14:59,2026
JAGAKARSA,Pemalsuan Surat Otentik,12:00-14:59,2026
JAGAKARSA,Pemalsuan Surat Otentik,12:00-14:59,2026
JAGAKARSA,Pencemaran Nama Baik,12:00-14:59,2026
JAGAKARSA,Pencemaran Nama Baik,12:00-14:59,2026
JAGAKARSA,Pencurian Biasa,12:00-14:59,2026
JAGAKARSA,Pencurian Biasa,12:00-14:59,2026
JAGAKARSA,Pencurian Biasa,12:00-14:59,2026
JAGAKARSA,Pencurian Biasa,12:00-14:59,2026
JAGAKARSA,Pencurian Biasa,12:00-14:59,2026
JAGAKARSA,Pencurian Biasa,12:00-14:59,2026
JAGAKARSA,Pencurian Biasa,12:00-14:59,2026
JAGAKARSA,Pencurian Biasa,12:00-14:59,2026
JAGAKARSA,Pencurian Dengan Pemberatan ( Curat ),12:00-14:59,2026
JAGAKARSA,Pencurian Dengan Pemberatan ( Curat ),12:00-14:59,2026
JAGAKARSA,Pencurian Dengan Pemberatan ( Curat ),12:00-14:59,2026
JAGAKARSA,Pencurian Dengan Pemberatan ( Curat ),12:00-14:59,2026
JAGAKARSA,Pencurian Dengan Pemberatan ( Curat ),12:00-14:59,2026
JAGAKARSA,Pencurian Dengan Pemberatan ( Curat ),12:00-14:59,2026
JAGAKARSA,Pencurian Dengan Pemberatan ( Curat ),12:00-14:59,2026
JAGAKARSA,Pencurian Ringan,12:00-14:59,2026
JAGAKARSA,Pengancaman,12:00-14:59,2026
JAGAKARSA,Penganiayaan,12:00-14:59,2026
JAGAKARSA,Penggelapan,12:00-14:59,2026
JAGAKARSA,Penggelapan,12:00-14:59,2026
JAGAKARSA,Penggelapan,12:00-14:59,2026
JAGAKARSA,Penggelapan,12:00-14:59,2026
JAGAKARSA,Penggelapan,12:00-14:59,2026
JAGAKARSA,Penggelapan,12:00-14:59,2026
JAGAKARSA,Penggelapan,12:00-14:59,2026
JAGAKARSA,Penghinaan,12:00-14:59,2026
JAGAKARSA,Penghinaan,12:00-14:59,2026
JAGAKARSA,Penipuan / Perbuatan Curang,12:00-14:59,2026
JAGAKARSA,Penipuan / Perbuatan Curang,12:00-14:59,2026
JAGAKARSA,Penipuan / Perbuatan Curang,12:00-14:59,2026
JAGAKARSA,Penipuan / Perbuatan Curang,12:00-14:59,2026
JAGAKARSA,Penipuan / Perbuatan Curang,12:00-14:59,2026
JAGAKARSA,Penipuan / Perbuatan Curang,12:00-14:59,2026
JAGAKARSA,Penipuan / Perbuatan Curang,12:00-14:59,2026
JAGAKARSA,Penipuan / Perbuatan Curang,12:00-14:59,2026
JAGAKARSA,Penipuan / Perbuatan Curang,12:00-14:59,2026
JAGAKARSA,Penipuan / Perbuatan Curang,12:00-14:59,2026
JAGAKARSA,Penyerobotan Tanah,12:00-14:59,2026
JAGAKARSA,Perkosaan,12:00-14:59,2026
JAGAKARSA,Perkosaan,12:00-14:59,2026
JAGAKARSA,Persetubuhan Terhadap Anak / Cabul Terhadap Anak,12:00-14:59,2026
JAGAKARSA,Tindak Pidana Dalam Perlindungan Anak,12:00-14:59,2026
JAGAKARSA,Kejahatan Terkait Perlindungan Data Pribadi,15:00-17:59,2026
JAGAKARSA,Kekerasan Dalam Rumah Tangga,15:00-17:59,2026
JAGAKARSA,Manipulasi data autentik secara elektronik (ITE),15:00-17:59,2026
JAGAKARSA,Manipulasi data autentik secara elektronik (ITE),15:00-17:59,2026
JAGAKARSA,Manipulasi data autentik secara elektronik (ITE),15:00-17:59,2026
JAGAKARSA,Manipulasi data autentik secara elektronik (ITE),15:00-17:59,2026
JAGAKARSA,Manipulasi data autentik secara elektronik (ITE),15:00-17:59,2026
JAGAKARSA,Manipulasi data autentik secara elektronik (ITE),15:00-17:59,2026
JAGAKARSA,Manipulasi data autentik secara elektronik (ITE),15:00-17:59,2026
JAGAKARSA,Manipulasi data autentik secara elektronik (ITE),15:00-17:59,2026
JAGAKARSA,Manipulasi data autentik secara elektronik (ITE),15:00-17:59,2026
JAGAKARSA,Manipulasi data autentik secara elektronik (ITE),15:00-17:59,2026
JAGAKARSA,Manipulasi data autentik secara elektronik (ITE),15:00-17:59,2026
JAGAKARSA,Manipulasi data autentik secara elektronik (ITE),15:00-17:59,2026
JAGAKARSA,Manipulasi data autentik secara elektronik (ITE),15:00-17:59,2026
JAGAKARSA,Manipulasi data autentik secara elektronik (ITE),15:00-17:59,2026
JAGAKARSA,Manipulasi data autentik secara elektronik (ITE),15:00-17:59,2026
JAGAKARSA,Manipulasi data autentik secara elektronik (ITE),15:00-17:59,2026
JAGAKARSA,Manipulasi data autentik secara elektronik (ITE),15:00-17:59,2026
JAGAKARSA,Memasuki Pekarangan Tanpa Ijin,15:00-17:59,2026
JAGAKARSA,Narkotika ( Narkoba ),15:00-17:59,2026
JAGAKARSA,Pemalsuan Surat Otentik,15:00-17:59,2026
JAGAKARSA,Pemerasan Dan Pengancaman,15:00-17:59,2026
JAGAKARSA,Pemerasan Dan Pengancaman,15:00-17:59,2026
JAGAKARSA,Pencurian Biasa,15:00-17:59,2026
JAGAKARSA,Pencurian Biasa,15:00-17:59,2026
JAGAKARSA,Pencurian Biasa,15:00-17:59,2026
JAGAKARSA,Pencurian Biasa,15:00-17:59,2026
JAGAKARSA,Pencurian Biasa,15:00-17:59,2026
JAGAKARSA,Pencurian Biasa,15:00-17:59,2026
JAGAKARSA,Pencurian Dengan Pemberatan ( Curat ),15:00-17:59,2026
JAGAKARSA,Pencurian Dengan Pemberatan ( Curat ),15:00-17:59,2026
JAGAKARSA,Pencurian Dengan Pemberatan ( Curat ),15:00-17:59,2026
JAGAKARSA,Pencurian Dengan Pemberatan ( Curat ),15:00-17:59,2026
JAGAKARSA,Pencurian Dengan Pemberatan ( Curat ),15:00-17:59,2026
JAGAKARSA,Pencurian Dengan Pemberatan ( Curat ),15:00-17:59,2026
JAGAKARSA,Pencurian Dengan Pemberatan ( Curat ),15:00-17:59,2026
JAGAKARSA,Pencurian Dengan Pemberatan ( Curat ),15:00-17:59,2026
JAGAKARSA,Pencurian Dengan Pemberatan ( Curat ),15:00-17:59,2026
JAGAKARSA,Penganiayaan,15:00-17:59,2026
JAGAKARSA,Penganiayaan,15:00-17:59,2026
JAGAKARSA,Penganiayaan,15:00-17:59,2026
JAGAKARSA,Pengeroyokan,15:00-17:59,2026
JAGAKARSA,Pengeroyokan,15:00-17:59,2026
JAGAKARSA,Pengerusakan,15:00-17:59,2026
JAGAKARSA,Penggelapan,15:00-17:59,2026
JAGAKARSA,Penggelapan,15:00-17:59,2026
JAGAKARSA,Penggelapan,15:00-17:59,2026
JAGAKARSA,Penggelapan,15:00-17:59,2026
JAGAKARSA,Penggelapan,15:00-17:59,2026
JAGAKARSA,Penipuan / Perbuatan Curang,15:00-17:59,2026
JAGAKARSA,Penipuan / Perbuatan Curang,15:00-17:59,2026
JAGAKARSA,Penipuan / Perbuatan Curang,15:00-17:59,2026
JAGAKARSA,Penipuan / Perbuatan Curang,15:00-17:59,2026
JAGAKARSA,Penipuan / Perbuatan Curang,15:00-17:59,2026
JAGAKARSA,Penipuan / Perbuatan Curang,15:00-17:59,2026
JAGAKARSA,Penipuan / Perbuatan Curang,15:00-17:59,2026
JAGAKARSA,Penipuan / Perbuatan Curang,15:00-17:59,2026
JAGAKARSA,Penipuan / Perbuatan Curang,15:00-17:59,2026
JAGAKARSA,Penipuan / Perbuatan Curang,15:00-17:59,2026
JAGAKARSA,Penipuan / Perbuatan Curang,15:00-17:59,2026
JAGAKARSA,Penipuan / Perbuatan Curang,15:00-17:59,2026
JAGAKARSA,Penipuan / Perbuatan Curang,15:00-17:59,2026
JAGAKARSA,Penipuan / Perbuatan Curang,15:00-17:59,2026
JAGAKARSA,Perbankan,15:00-17:59,2026
JAGAKARSA,Perbuatan Yang Tidak Menyenangkan,15:00-17:59,2026
JAGAKARSA,Sumpah Palsu Dan Keterangan Palsu,15:00-17:59,2026
JAGAKARSA,Tindak Pidana Transfer Dana,15:00-17:59,2026
JAGAKARSA,Kejahatan terkait Tenaga Kesehatan,18:00-21:59,2026
JAGAKARSA,Kekerasan Dalam Rumah Tangga,18:00-21:59,2026
JAGAKARSA,Manipulasi data autentik secara elektronik (ITE),18:00-21:59,2026
JAGAKARSA,Manipulasi data autentik secara elektronik (ITE),18:00-21:59,2026
JAGAKARSA,Manipulasi data autentik secara elektronik (ITE),18:00-21:59,2026
JAGAKARSA,Manipulasi data autentik secara elektronik (ITE),18:00-21:59,2026
JAGAKARSA,Manipulasi data autentik secara elektronik (ITE),18:00-21:59,2026
JAGAKARSA,Manipulasi data autentik secara elektronik (ITE),18:00-21:59,2026
JAGAKARSA,Manipulasi data autentik secara elektronik (ITE),18:00-21:59,2026
JAGAKARSA,Manipulasi data autentik secara elektronik (ITE),18:00-21:59,2026
JAGAKARSA,Menjual atau mengedarkan obat keras / bebas terbatas tanpa ijin,18:00-21:59,2026
JAGAKARSA,Menjual atau mengedarkan obat keras / bebas terbatas tanpa ijin,18:00-21:59,2026
JAGAKARSA,Narkotika ( Narkoba ),18:00-21:59,2026
JAGAKARSA,Narkotika ( Narkoba ),18:00-21:59,2026
JAGAKARSA,Pemalsuan Surat Otentik,18:00-21:59,2026
JAGAKARSA,Pemalsuan Surat Otentik,18:00-21:59,2026
JAGAKARSA,Pencemaran Nama Baik,18:00-21:59,2026
JAGAKARSA,Pencemaran Nama Baik,18:00-21:59,2026
JAGAKARSA,Pencemaran Nama Baik,18:00-21:59,2026
JAGAKARSA,Pencemaran Nama Baik,18:00-21:59,2026
JAGAKARSA,Pencemaran Nama Baik,18:00-21:59,2026
JAGAKARSA,Pencurian Biasa,18:00-21:59,2026
JAGAKARSA,Pencurian Biasa,18:00-21:59,2026
JAGAKARSA,Pencurian Dengan Pemberatan ( Curat ),18:00-21:59,2026
JAGAKARSA,Pencurian Dengan Pemberatan ( Curat ),18:00-21:59,2026
JAGAKARSA,Pencurian Dengan Pemberatan ( Curat ),18:00-21:59,2026
JAGAKARSA,Pencurian Dengan Pemberatan ( Curat ),18:00-21:59,2026
JAGAKARSA,Pencurian Dengan Pemberatan ( Curat ),18:00-21:59,2026
JAGAKARSA,Pencurian Dengan Pemberatan ( Curat ),18:00-21:59,2026
JAGAKARSA,Penganiayaan,18:00-21:59,2026
JAGAKARSA,Penganiayaan,18:00-21:59,2026
JAGAKARSA,Penganiayaan,18:00-21:59,2026
JAGAKARSA,Penganiayaan Berat ( Anirat ),18:00-21:59,2026
JAGAKARSA,Pengeroyokan,18:00-21:59,2026
JAGAKARSA,Penggelapan,18:00-21:59,2026
JAGAKARSA,Penggelapan,18:00-21:59,2026
JAGAKARSA,Penggelapan,18:00-21:59,2026
JAGAKARSA,Penipuan / Perbuatan Curang,18:00-21:59,2026
JAGAKARSA,Penipuan / Perbuatan Curang,18:00-21:59,2026
JAGAKARSA,Penipuan / Perbuatan Curang,18:00-21:59,2026
JAGAKARSA,Penipuan / Perbuatan Curang,18:00-21:59,2026
JAGAKARSA,Penipuan / Perbuatan Curang,18:00-21:59,2026
JAGAKARSA,Penipuan / Perbuatan Curang,18:00-21:59,2026
JAGAKARSA,Penipuan / Perbuatan Curang,18:00-21:59,2026
JAGAKARSA,Penipuan / Perbuatan Curang,18:00-21:59,2026
JAGAKARSA,Penipuan / Perbuatan Curang,18:00-21:59,2026
JAGAKARSA,Penipuan / Perbuatan Curang,18:00-21:59,2026
JAGAKARSA,Penipuan / Perbuatan Curang,18:00-21:59,2026
JAGAKARSA,Penyerobotan Tanah,18:00-21:59,2026
JAGAKARSA,Penyerobotan Tanah,18:00-21:59,2026
JAGAKARSA,Perzinahan,18:00-21:59,2026
JAGAKARSA,Kejahatan Terkait Senjata Tajam ( Sajam ) ( Premanisme ),22:00-23:59,2026
JAGAKARSA,Kekerasan Dalam Rumah Tangga,22:00-23:59,2026
JAGAKARSA,Kekerasan Dalam Rumah Tangga,22:00-23:59,2026
JAGAKARSA,Kekerasan Dalam Rumah Tangga,22:00-23:59,2026
JAGAKARSA,Kekerasan Dalam Rumah Tangga,22:00-23:59,2026
JAGAKARSA,Manipulasi data autentik secara elektronik (ITE),22:00-23:59,2026
JAGAKARSA,Manipulasi data autentik secara elektronik (ITE),22:00-23:59,2026
JAGAKARSA,Manipulasi data autentik secara elektronik (ITE),22:00-23:59,2026
JAGAKARSA,Narkotika ( Narkoba ),22:00-23:59,2026
JAGAKARSA,Narkotika ( Narkoba ),22:00-23:59,2026
JAGAKARSA,Narkotika ( Narkoba ),22:00-23:59,2026
JAGAKARSA,Narkotika ( Narkoba ),22:00-23:59,2026
JAGAKARSA,Narkotika ( Narkoba ),22:00-23:59,2026
JAGAKARSA,Narkotika ( Narkoba ),22:00-23:59,2026
JAGAKARSA,Pencurian Biasa,22:00-23:59,2026
JAGAKARSA,Pencurian Dengan Pemberatan ( Curat ),22:00-23:59,2026
JAGAKARSA,Pencurian Dengan Pemberatan ( Curat ),22:00-23:59,2026
JAGAKARSA,Pencurian Dengan Pemberatan ( Curat ),22:00-23:59,2026
JAGAKARSA,Pengancaman,22:00-23:59,2026
JAGAKARSA,Pengancaman,22:00-23:59,2026
JAGAKARSA,Penganiayaan,22:00-23:59,2026
JAGAKARSA,Penganiayaan,22:00-23:59,2026
JAGAKARSA,Penganiayaan Berat ( Anirat ),22:00-23:59,2026
JAGAKARSA,Penggelapan,22:00-23:59,2026
JAGAKARSA,Perkelahian Pelajar / Mahasiswa,22:00-23:59,2026
JAGAKARSA,Curanmor R-2,00:00-04:59,2026
JAGAKARSA,Curanmor R-2,00:00-04:59,2026
JAGAKARSA,Curanmor R-2,00:00-04:59,2026
JAGAKARSA,Curanmor R-2,00:00-04:59,2026
JAGAKARSA,Kejahatan Tentang Pornografi,00:00-04:59,2026
JAGAKARSA,Kekerasan Dalam Rumah Tangga,00:00-04:59,2026
JAGAKARSA,Kekerasan Dalam Rumah Tangga,00:00-04:59,2026
JAGAKARSA,Narkotika ( Narkoba ),00:00-04:59,2026
JAGAKARSA,Narkotika ( Narkoba ),00:00-04:59,2026
JAGAKARSA,Narkotika ( Narkoba ),00:00-04:59,2026
JAGAKARSA,Narkotika ( Narkoba ),00:00-04:59,2026
JAGAKARSA,Narkotika ( Narkoba ),00:00-04:59,2026
JAGAKARSA,Narkotika ( Narkoba ),00:00-04:59,2026
JAGAKARSA,Pencemaran Nama Baik,00:00-04:59,2026
JAGAKARSA,Pencurian Biasa,00:00-04:59,2026
JAGAKARSA,Pencurian Biasa,00:00-04:59,2026
JAGAKARSA,Pencurian Biasa,00:00-04:59,2026
JAGAKARSA,Pencurian Dengan Pemberatan ( Curat ),00:00-04:59,2026
JAGAKARSA,Pencurian Dengan Pemberatan ( Curat ),00:00-04:59,2026
JAGAKARSA,Pencurian Dengan Pemberatan ( Curat ),00:00-04:59,2026
JAGAKARSA,Pencurian Dengan Pemberatan ( Curat ),00:00-04:59,2026
JAGAKARSA,Pengeroyokan,00:00-04:59,2026
JAGAKARSA,Pengeroyokan,00:00-04:59,2026
JAGAKARSA,Penggelapan,00:00-04:59,2026
JAGAKARSA,Penipuan / Perbuatan Curang,00:00-04:59,2026
JAGAKARSA,Penipuan / Perbuatan Curang,00:00-04:59,2026
SAWAH BESAR,Narkotika ( Narkoba ),05:00-07:59,2026
SAWAH BESAR,Narkotika ( Narkoba ),05:00-07:59,2026
SAWAH BESAR,Narkotika ( Narkoba ),05:00-07:59,2026
SAWAH BESAR,Narkotika ( Narkoba ),05:00-07:59,2026
SAWAH BESAR,Pencurian Biasa,05:00-07:59,2026
SAWAH BESAR,Pencurian Biasa,05:00-07:59,2026
SAWAH BESAR,Pencurian Biasa,05:00-07:59,2026
SAWAH BESAR,Pencurian Biasa,05:00-07:59,2026
SAWAH BESAR,Pencurian Biasa,05:00-07:59,2026
SAWAH BESAR,Pencurian Biasa,05:00-07:59,2026
SAWAH BESAR,Pencurian Biasa,05:00-07:59,2026
SAWAH BESAR,Pencurian Biasa,05:00-07:59,2026
SAWAH BESAR,Pencurian Biasa,05:00-07:59,2026
SAWAH BESAR,Pencurian Biasa,05:00-07:59,2026
SAWAH BESAR,Pencurian Biasa,05:00-07:59,2026
SAWAH BESAR,Pencurian Biasa,05:00-07:59,2026
SAWAH BESAR,Pencurian Biasa,05:00-07:59,2026
SAWAH BESAR,Pencurian Dengan Pemberatan ( Curat ),05:00-07:59,2026
SAWAH BESAR,Pencurian Dengan Pemberatan ( Curat ),05:00-07:59,2026
SAWAH BESAR,Pencurian Dengan Pemberatan ( Curat ),05:00-07:59,2026
SAWAH BESAR,Pencurian Dengan Pemberatan ( Curat ),05:00-07:59,2026
SAWAH BESAR,Pencurian Dengan Pemberatan ( Curat ),05:00-07:59,2026
SAWAH BESAR,Pencurian Dengan Pemberatan ( Curat ),05:00-07:59,2026
SAWAH BESAR,Penganiayaan,05:00-07:59,2026
SAWAH BESAR,Pengeroyokan,05:00-07:59,2026
SAWAH BESAR,Pengeroyokan,05:00-07:59,2026
SAWAH BESAR,Perampasan ( Premanisme ),05:00-07:59,2026
SAWAH BESAR,Cabul,08:00-11:59,2026
SAWAH BESAR,Kejahatan Terkait Perlindungan Data Pribadi,08:00-11:59,2026
SAWAH BESAR,Kejahatan Terkait Senjata Tajam ( Sajam ) ( Premanisme ),08:00-11:59,2026
SAWAH BESAR,Kekerasan Dalam Rumah Tangga,08:00-11:59,2026
SAWAH BESAR,Kekerasan Dalam Rumah Tangga,08:00-11:59,2026
SAWAH BESAR,Manipulasi data autentik secara elektronik (ITE),08:00-11:59,2026
SAWAH BESAR,Manipulasi data autentik secara elektronik (ITE),08:00-11:59,2026
SAWAH BESAR,Manipulasi data autentik secara elektronik (ITE),08:00-11:59,2026
SAWAH BESAR,Memasuki Pekarangan Tanpa Ijin,08:00-11:59,2026
SAWAH BESAR,Memasuki Pekarangan Tanpa Ijin,08:00-11:59,2026
SAWAH BESAR,Narkotika ( Narkoba ),08:00-11:59,2026
SAWAH BESAR,Narkotika ( Narkoba ),08:00-11:59,2026
SAWAH BESAR,Pencemaran Nama Baik,08:00-11:59,2026
SAWAH BESAR,Pencemaran Nama Baik,08:00-11:59,2026
SAWAH BESAR,Pencurian Biasa,08:00-11:59,2026
SAWAH BESAR,Pencurian Biasa,08:00-11:59,2026
SAWAH BESAR,Pencurian Biasa,08:00-11:59,2026
SAWAH BESAR,Pencurian Biasa,08:00-11:59,2026
SAWAH BESAR,Pencurian Biasa,08:00-11:59,2026
SAWAH BESAR,Pencurian Biasa,08:00-11:59,2026
SAWAH BESAR,Pencurian Biasa,08:00-11:59,2026
SAWAH BESAR,Pencurian Biasa,08:00-11:59,2026
SAWAH BESAR,Pencurian Biasa,08:00-11:59,2026
SAWAH BESAR,Pencurian Biasa,08:00-11:59,2026
SAWAH BESAR,Pencurian Biasa,08:00-11:59,2026
SAWAH BESAR,Pencurian Biasa,08:00-11:59,2026
SAWAH BESAR,Pencurian Biasa,08:00-11:59,2026
SAWAH BESAR,Pencurian Biasa,08:00-11:59,2026
SAWAH BESAR,Pencurian Dengan Pemberatan ( Curat ),08:00-11:59,2026
SAWAH BESAR,Pencurian Dengan Pemberatan ( Curat ),08:00-11:59,2026
SAWAH BESAR,Pencurian Dengan Pemberatan ( Curat ),08:00-11:59,2026
SAWAH BESAR,Pencurian Dengan Pemberatan ( Curat ),08:00-11:59,2026
SAWAH BESAR,Pencurian Dengan Pemberatan ( Curat ),08:00-11:59,2026
SAWAH BESAR,Penganiayaan,08:00-11:59,2026
SAWAH BESAR,Penganiayaan,08:00-11:59,2026
SAWAH BESAR,Penganiayaan,08:00-11:59,2026
SAWAH BESAR,Penggelapan,08:00-11:59,2026
SAWAH BESAR,Penggelapan,08:00-11:59,2026
SAWAH BESAR,Penggelapan,08:00-11:59,2026
SAWAH BESAR,Penggelapan,08:00-11:59,2026
SAWAH BESAR,Penggelapan,08:00-11:59,2026
SAWAH BESAR,Penggelapan,08:00-11:59,2026
SAWAH BESAR,Penggelapan,08:00-11:59,2026
SAWAH BESAR,Penggelapan,08:00-11:59,2026
SAWAH BESAR,Penggelapan,08:00-11:59,2026
SAWAH BESAR,Penggelapan,08:00-11:59,2026
SAWAH BESAR,Penipuan / Perbuatan Curang,08:00-11:59,2026
SAWAH BESAR,Penipuan / Perbuatan Curang,08:00-11:59,2026
SAWAH BESAR,Penipuan / Perbuatan Curang,08:00-11:59,2026
SAWAH BESAR,Penipuan / Perbuatan Curang,08:00-11:59,2026
SAWAH BESAR,Penipuan / Perbuatan Curang,08:00-11:59,2026
SAWAH BESAR,Penipuan / Perbuatan Curang,08:00-11:59,2026
SAWAH BESAR,Penipuan / Perbuatan Curang,08:00-11:59,2026
SAWAH BESAR,Penipuan / Perbuatan Curang,08:00-11:59,2026
SAWAH BESAR,Penipuan / Perbuatan Curang,08:00-11:59,2026
SAWAH BESAR,Penipuan / Perbuatan Curang,08:00-11:59,2026
SAWAH BESAR,Penipuan / Perbuatan Curang,08:00-11:59,2026
SAWAH BESAR,Penipuan / Perbuatan Curang,08:00-11:59,2026
SAWAH BESAR,Penipuan / Perbuatan Curang,08:00-11:59,2026
SAWAH BESAR,Perbuatan Yang Tidak Menyenangkan,08:00-11:59,2026
SAWAH BESAR,Tindak Pidana Dalam Perlindungan Anak,08:00-11:59,2026
SAWAH BESAR,Kekerasan Dalam Rumah Tangga,12:00-14:59,2026
SAWAH BESAR,Kekerasan Dalam Rumah Tangga,12:00-14:59,2026
SAWAH BESAR,Kekerasan Seksual (KDRT),12:00-14:59,2026
SAWAH BESAR,Manipulasi data autentik secara elektronik (ITE),12:00-14:59,2026
SAWAH BESAR,Manipulasi data autentik secara elektronik (ITE),12:00-14:59,2026
SAWAH BESAR,Narkotika ( Narkoba ),12:00-14:59,2026
SAWAH BESAR,Narkotika ( Narkoba ),12:00-14:59,2026
SAWAH BESAR,Narkotika ( Narkoba ),12:00-14:59,2026
SAWAH BESAR,Narkotika ( Narkoba ),12:00-14:59,2026
SAWAH BESAR,Pencemaran Nama Baik,12:00-14:59,2026
SAWAH BESAR,Pencemaran Nama Baik,12:00-14:59,2026
SAWAH BESAR,Pencurian Biasa,12:00-14:59,2026
SAWAH BESAR,Pencurian Biasa,12:00-14:59,2026
SAWAH BESAR,Pencurian Biasa,12:00-14:59,2026
SAWAH BESAR,Pencurian Biasa,12:00-14:59,2026
SAWAH BESAR,Pencurian Biasa,12:00-14:59,2026
SAWAH BESAR,Pencurian Biasa,12:00-14:59,2026
SAWAH BESAR,Pencurian Biasa,12:00-14:59,2026
SAWAH BESAR,Pencurian Biasa,12:00-14:59,2026
SAWAH BESAR,Pencurian Biasa,12:00-14:59,2026
SAWAH BESAR,Pencurian Biasa,12:00-14:59,2026
SAWAH BESAR,Pencurian Biasa,12:00-14:59,2026
SAWAH BESAR,Pencurian Biasa,12:00-14:59,2026
SAWAH BESAR,Pencurian Biasa,12:00-14:59,2026
SAWAH BESAR,Pencurian Biasa,12:00-14:59,2026
SAWAH BESAR,Pencurian Biasa,12:00-14:59,2026
SAWAH BESAR,Pencurian Biasa,12:00-14:59,2026
SAWAH BESAR,Pencurian Biasa,12:00-14:59,2026
SAWAH BESAR,Pencurian Dengan Pemberatan ( Curat ),12:00-14:59,2026
SAWAH BESAR,Pencurian Dengan Pemberatan ( Curat ),12:00-14:59,2026
SAWAH BESAR,Pencurian Dengan Pemberatan ( Curat ),12:00-14:59,2026
SAWAH BESAR,Pencurian Dengan Pemberatan ( Curat ),12:00-14:59,2026
SAWAH BESAR,Pencurian Dengan Pemberatan ( Curat ),12:00-14:59,2026
SAWAH BESAR,Pencurian Dengan Pemberatan ( Curat ),12:00-14:59,2026
SAWAH BESAR,Pencurian Ringan,12:00-14:59,2026
SAWAH BESAR,Pengancaman,12:00-14:59,2026
SAWAH BESAR,Pengancaman,12:00-14:59,2026
SAWAH BESAR,Pengancaman,12:00-14:59,2026
SAWAH BESAR,Penganiayaan,12:00-14:59,2026
SAWAH BESAR,Penggelapan,12:00-14:59,2026
SAWAH BESAR,Penggelapan,12:00-14:59,2026
SAWAH BESAR,Penggelapan,12:00-14:59,2026
SAWAH BESAR,Penggelapan,12:00-14:59,2026
SAWAH BESAR,Penggelapan,12:00-14:59,2026
SAWAH BESAR,Penggelapan,12:00-14:59,2026
SAWAH BESAR,Penggelapan,12:00-14:59,2026
SAWAH BESAR,Penipuan / Perbuatan Curang,12:00-14:59,2026
SAWAH BESAR,Penipuan / Perbuatan Curang,12:00-14:59,2026
SAWAH BESAR,Penipuan / Perbuatan Curang,12:00-14:59,2026
SAWAH BESAR,Penipuan / Perbuatan Curang,12:00-14:59,2026
SAWAH BESAR,Penipuan / Perbuatan Curang,12:00-14:59,2026
SAWAH BESAR,Penipuan / Perbuatan Curang,12:00-14:59,2026
SAWAH BESAR,Penipuan / Perbuatan Curang,12:00-14:59,2026
SAWAH BESAR,Penipuan / Perbuatan Curang,12:00-14:59,2026
SAWAH BESAR,Penipuan / Perbuatan Curang,12:00-14:59,2026
SAWAH BESAR,Penipuan / Perbuatan Curang,12:00-14:59,2026
SAWAH BESAR,Perzinahan,12:00-14:59,2026
SAWAH BESAR,Tindak Pidana Dalam Perlindungan Anak,12:00-14:59,2026
SAWAH BESAR,Tindak Pidana Dalam Perlindungan Anak,12:00-14:59,2026
SAWAH BESAR,Kejahatan Tentang Perindustrian,15:00-17:59,2026
SAWAH BESAR,Kejahatan Terkait Perlindungan Data Pribadi,15:00-17:59,2026
SAWAH BESAR,Kejahatan terkait Tenaga Kesehatan,15:00-17:59,2026
SAWAH BESAR,Kekerasan Dalam Rumah Tangga,15:00-17:59,2026
SAWAH BESAR,Kekerasan Seksual (KDRT),15:00-17:59,2026
SAWAH BESAR,Kekerasan Seksual (KDRT),15:00-17:59,2026
SAWAH BESAR,Manipulasi data autentik secara elektronik (ITE),15:00-17:59,2026
SAWAH BESAR,Manipulasi data autentik secara elektronik (ITE),15:00-17:59,2026
SAWAH BESAR,Narkotika ( Narkoba ),15:00-17:59,2026
SAWAH BESAR,Narkotika ( Narkoba ),15:00-17:59,2026
SAWAH BESAR,Narkotika ( Narkoba ),15:00-17:59,2026
SAWAH BESAR,Narkotika ( Narkoba ),15:00-17:59,2026
SAWAH BESAR,Pencemaran Nama Baik,15:00-17:59,2026
SAWAH BESAR,Pencemaran Nama Baik,15:00-17:59,2026
SAWAH BESAR,Penculikan,15:00-17:59,2026
SAWAH BESAR,Pencurian Biasa,15:00-17:59,2026
SAWAH BESAR,Pencurian Biasa,15:00-17:59,2026
SAWAH BESAR,Pencurian Biasa,15:00-17:59,2026
SAWAH BESAR,Pencurian Biasa,15:00-17:59,2026
SAWAH BESAR,Pencurian Biasa,15:00-17:59,2026
SAWAH BESAR,Pencurian Biasa,15:00-17:59,2026
SAWAH BESAR,Pencurian Biasa,15:00-17:59,2026
SAWAH BESAR,Pencurian Biasa,15:00-17:59,2026
SAWAH BESAR,Pencurian Biasa,15:00-17:59,2026
SAWAH BESAR,Pencurian Biasa,15:00-17:59,2026
SAWAH BESAR,Pencurian Biasa,15:00-17:59,2026
SAWAH BESAR,Pencurian Biasa,15:00-17:59,2026
SAWAH BESAR,Pencurian Dengan Kekerasan ( Curas ),15:00-17:59,2026
SAWAH BESAR,Pencurian Dengan Pemberatan ( Curat ),15:00-17:59,2026
SAWAH BESAR,Pengancaman,15:00-17:59,2026
SAWAH BESAR,Penganiayaan,15:00-17:59,2026
SAWAH BESAR,Penganiayaan,15:00-17:59,2026
SAWAH BESAR,Penganiayaan,15:00-17:59,2026
SAWAH BESAR,Penganiayaan,15:00-17:59,2026
SAWAH BESAR,Penganiayaan,15:00-17:59,2026
SAWAH BESAR,Penganiayaan,15:00-17:59,2026
SAWAH BESAR,Penganiayaan,15:00-17:59,2026
SAWAH BESAR,Penganiayaan Berat ( Anirat ),15:00-17:59,2026
SAWAH BESAR,Penggelapan,15:00-17:59,2026
SAWAH BESAR,Penggelapan,15:00-17:59,2026
SAWAH BESAR,Penggelapan,15:00-17:59,2026
SAWAH BESAR,Penggelapan,15:00-17:59,2026
SAWAH BESAR,Penggelapan,15:00-17:59,2026
SAWAH BESAR,Penggelapan,15:00-17:59,2026
SAWAH BESAR,Penggelapan,15:00-17:59,2026
SAWAH BESAR,Penggelapan,15:00-17:59,2026
SAWAH BESAR,Penggelapan,15:00-17:59,2026
SAWAH BESAR,Penggelapan,15:00-17:59,2026
SAWAH BESAR,Penipuan / Perbuatan Curang,15:00-17:59,2026
SAWAH BESAR,Penipuan / Perbuatan Curang,15:00-17:59,2026
SAWAH BESAR,Penipuan / Perbuatan Curang,15:00-17:59,2026
SAWAH BESAR,Penipuan / Perbuatan Curang,15:00-17:59,2026
SAWAH BESAR,Penipuan / Perbuatan Curang,15:00-17:59,2026
SAWAH BESAR,Penipuan / Perbuatan Curang,15:00-17:59,2026
SAWAH BESAR,Penipuan / Perbuatan Curang,15:00-17:59,2026
SAWAH BESAR,Penipuan / Perbuatan Curang,15:00-17:59,2026
SAWAH BESAR,Penipuan / Perbuatan Curang,15:00-17:59,2026
SAWAH BESAR,Penyerobotan Tanah,15:00-17:59,2026
SAWAH BESAR,Perbuatan Yang Tidak Menyenangkan,15:00-17:59,2026
SAWAH BESAR,Perdagangan Manusia / Trafficking In Person / Tppo (dalam Negeri),15:00-17:59,2026
SAWAH BESAR,Perzinahan,15:00-17:59,2026
SAWAH BESAR,Sumpah Palsu Dan Keterangan Palsu,15:00-17:59,2026
SAWAH BESAR,Judi,18:00-21:59,2026
SAWAH BESAR,Manipulasi data autentik secara elektronik (ITE),18:00-21:59,2026
SAWAH BESAR,Manipulasi data autentik secara elektronik (ITE),18:00-21:59,2026
SAWAH BESAR,Manipulasi data autentik secara elektronik (ITE),18:00-21:59,2026
SAWAH BESAR,Manipulasi data autentik secara elektronik (ITE),18:00-21:59,2026
SAWAH BESAR,Narkotika ( Narkoba ),18:00-21:59,2026
SAWAH BESAR,Narkotika ( Narkoba ),18:00-21:59,2026
SAWAH BESAR,Narkotika ( Narkoba ),18:00-21:59,2026
SAWAH BESAR,Narkotika ( Narkoba ),18:00-21:59,2026
SAWAH BESAR,Narkotika ( Narkoba ),18:00-21:59,2026
SAWAH BESAR,Narkotika ( Narkoba ),18:00-21:59,2026
SAWAH BESAR,Narkotika ( Narkoba ),18:00-21:59,2026
SAWAH BESAR,Narkotika ( Narkoba ),18:00-21:59,2026
SAWAH BESAR,Pemerasan Dan Pengancaman,18:00-21:59,2026
SAWAH BESAR,Pencurian Biasa,18:00-21:59,2026
SAWAH BESAR,Pencurian Biasa,18:00-21:59,2026
SAWAH BESAR,Pencurian Biasa,18:00-21:59,2026
SAWAH BESAR,Pencurian Biasa,18:00-21:59,2026
SAWAH BESAR,Pencurian Biasa,18:00-21:59,2026
SAWAH BESAR,Pencurian Biasa,18:00-21:59,2026
SAWAH BESAR,Pencurian Biasa,18:00-21:59,2026
SAWAH BESAR,Pencurian Biasa,18:00-21:59,2026
SAWAH BESAR,Pencurian Biasa,18:00-21:59,2026
SAWAH BESAR,Pencurian Biasa,18:00-21:59,2026
SAWAH BESAR,Pencurian Biasa,18:00-21:59,2026
SAWAH BESAR,Pencurian Biasa,18:00-21:59,2026
SAWAH BESAR,Pencurian Biasa,18:00-21:59,2026
SAWAH BESAR,Pencurian Biasa,18:00-21:59,2026
SAWAH BESAR,Pencurian Biasa,18:00-21:59,2026
SAWAH BESAR,Pencurian Biasa,18:00-21:59,2026
SAWAH BESAR,Pencurian Biasa,18:00-21:59,2026
SAWAH BESAR,Pencurian Biasa,18:00-21:59,2026
SAWAH BESAR,Pencurian Biasa,18:00-21:59,2026
SAWAH BESAR,Pencurian Biasa,18:00-21:59,2026
SAWAH BESAR,Pencurian Dengan Pemberatan ( Curat ),18:00-21:59,2026
SAWAH BESAR,Pencurian Dengan Pemberatan ( Curat ),18:00-21:59,2026
SAWAH BESAR,Pencurian Dengan Pemberatan ( Curat ),18:00-21:59,2026
SAWAH BESAR,Pencurian Dengan Pemberatan ( Curat ),18:00-21:59,2026
SAWAH BESAR,Pencurian Dengan Pemberatan ( Curat ),18:00-21:59,2026
SAWAH BESAR,Pencurian Dengan Pemberatan ( Curat ),18:00-21:59,2026
SAWAH BESAR,Pencurian Dengan Pemberatan ( Curat ),18:00-21:59,2026
SAWAH BESAR,Penganiayaan,18:00-21:59,2026
SAWAH BESAR,Penganiayaan,18:00-21:59,2026
SAWAH BESAR,Penganiayaan,18:00-21:59,2026
SAWAH BESAR,Penganiayaan,18:00-21:59,2026
SAWAH BESAR,Penganiayaan,18:00-21:59,2026
SAWAH BESAR,Penganiayaan Berat ( Anirat ),18:00-21:59,2026
SAWAH BESAR,Penggelapan,18:00-21:59,2026
SAWAH BESAR,Penggelapan,18:00-21:59,2026
SAWAH BESAR,Penggelapan,18:00-21:59,2026
SAWAH BESAR,Penggelapan,18:00-21:59,2026
SAWAH BESAR,Penggelapan,18:00-21:59,2026
SAWAH BESAR,Penggelapan,18:00-21:59,2026
SAWAH BESAR,Penipuan / Perbuatan Curang,18:00-21:59,2026
SAWAH BESAR,Penipuan / Perbuatan Curang,18:00-21:59,2026
SAWAH BESAR,Penipuan / Perbuatan Curang,18:00-21:59,2026
SAWAH BESAR,Penipuan / Perbuatan Curang,18:00-21:59,2026
SAWAH BESAR,Penipuan / Perbuatan Curang,18:00-21:59,2026
SAWAH BESAR,Penipuan / Perbuatan Curang,18:00-21:59,2026
SAWAH BESAR,Penipuan / Perbuatan Curang,18:00-21:59,2026
SAWAH BESAR,Penipuan / Perbuatan Curang,18:00-21:59,2026
SAWAH BESAR,Perbuatan Yang Tidak Menyenangkan,18:00-21:59,2026
SAWAH BESAR,Perbuatan Yang Tidak Menyenangkan,18:00-21:59,2026
SAWAH BESAR,Perkosaan,18:00-21:59,2026
SAWAH BESAR,Tindak Pidana Dalam Perlindungan Anak,18:00-21:59,2026
SAWAH BESAR,Karena Alpa  Menimbulkan  Kebakaran/ Meletus/banjir,22:00-23:59,2026
SAWAH BESAR,Kekerasan Dalam Rumah Tangga,22:00-23:59,2026
SAWAH BESAR,Manipulasi data autentik secara elektronik (ITE),22:00-23:59,2026
SAWAH BESAR,Manipulasi data autentik secara elektronik (ITE),22:00-23:59,2026
SAWAH BESAR,Narkotika ( Narkoba ),22:00-23:59,2026
SAWAH BESAR,Narkotika ( Narkoba ),22:00-23:59,2026
SAWAH BESAR,Pencurian Biasa,22:00-23:59,2026
SAWAH BESAR,Pencurian Biasa,22:00-23:59,2026
SAWAH BESAR,Pencurian Biasa,22:00-23:59,2026
SAWAH BESAR,Pencurian Biasa,22:00-23:59,2026
SAWAH BESAR,Pencurian Biasa,22:00-23:59,2026
SAWAH BESAR,Pencurian Dengan Pemberatan ( Curat ),22:00-23:59,2026
SAWAH BESAR,Pencurian Dengan Pemberatan ( Curat ),22:00-23:59,2026
SAWAH BESAR,Penganiayaan,22:00-23:59,2026
SAWAH BESAR,Penggelapan,22:00-23:59,2026
SAWAH BESAR,Penggelapan,22:00-23:59,2026
SAWAH BESAR,Penipuan / Perbuatan Curang,22:00-23:59,2026
SAWAH BESAR,Percobaan Pencurian,22:00-23:59,2026
SAWAH BESAR,Kejahatan Terkait Senjata Tajam ( Sajam ) ( Premanisme ),00:00-04:59,2026
SAWAH BESAR,Kekerasan Dalam Rumah Tangga,00:00-04:59,2026
SAWAH BESAR,Narkotika ( Narkoba ),00:00-04:59,2026
SAWAH BESAR,Narkotika ( Narkoba ),00:00-04:59,2026
SAWAH BESAR,Narkotika ( Narkoba ),00:00-04:59,2026
SAWAH BESAR,Narkotika ( Narkoba ),00:00-04:59,2026
SAWAH BESAR,Narkotika ( Narkoba ),00:00-04:59,2026
SAWAH BESAR,Narkotika ( Narkoba ),00:00-04:59,2026
SAWAH BESAR,Narkotika ( Narkoba ),00:00-04:59,2026
SAWAH BESAR,Pencurian Biasa,00:00-04:59,2026
SAWAH BESAR,Pencurian Biasa,00:00-04:59,2026
SAWAH BESAR,Pencurian Biasa,00:00-04:59,2026
SAWAH BESAR,Pencurian Biasa,00:00-04:59,2026
SAWAH BESAR,Pencurian Biasa,00:00-04:59,2026
SAWAH BESAR,Pencurian Biasa,00:00-04:59,2026
SAWAH BESAR,Pencurian Biasa,00:00-04:59,2026
SAWAH BESAR,Pencurian Biasa,00:00-04:59,2026
SAWAH BESAR,Pencurian Biasa,00:00-04:59,2026
SAWAH BESAR,Pencurian Biasa,00:00-04:59,2026
SAWAH BESAR,Pencurian Dengan Kekerasan ( Curas ),00:00-04:59,2026
SAWAH BESAR,Pencurian Dengan Kekerasan ( Curas ),00:00-04:59,2026
SAWAH BESAR,Pencurian Dengan Pemberatan ( Curat ),00:00-04:59,2026
SAWAH BESAR,Pencurian Dengan Pemberatan ( Curat ),00:00-04:59,2026
SAWAH BESAR,Pengancaman,00:00-04:59,2026
SAWAH BESAR,Penganiayaan,00:00-04:59,2026
SAWAH BESAR,Penganiayaan,00:00-04:59,2026
SAWAH BESAR,Penganiayaan,00:00-04:59,2026
SAWAH BESAR,Penganiayaan,00:00-04:59,2026
SAWAH BESAR,Penganiayaan Berat ( Anirat ),00:00-04:59,2026
SAWAH BESAR,Pengeroyokan,00:00-04:59,2026
SAWAH BESAR,Pengeroyokan,00:00-04:59,2026
SAWAH BESAR,Pengeroyokan,00:00-04:59,2026
SAWAH BESAR,Pengeroyokan,00:00-04:59,2026
SAWAH BESAR,Pengeroyokan,00:00-04:59,2026
SAWAH BESAR,Pengeroyokan,00:00-04:59,2026
SAWAH BESAR,Penipuan / Perbuatan Curang,00:00-04:59,2026
SAWAH BESAR,Penipuan / Perbuatan Curang,00:00-04:59,2026
SAWAH BESAR,Perbuatan Yang Tidak Menyenangkan,00:00-04:59,2026
PENJARINGAN,Curanmor R-2,05:00-07:59,2026
PENJARINGAN,Kejahatan Terkait Senjata Tajam ( Sajam ) ( Premanisme ),05:00-07:59,2026
PENJARINGAN,Kejahatan Terkait Senjata Tajam ( Sajam ) ( Premanisme ),05:00-07:59,2026
PENJARINGAN,Pemerasan Dan Pengancaman,05:00-07:59,2026
PENJARINGAN,Penculikan,05:00-07:59,2026
PENJARINGAN,Pencurian Biasa,05:00-07:59,2026
PENJARINGAN,Pencurian Biasa,05:00-07:59,2026
PENJARINGAN,Pencurian Biasa,05:00-07:59,2026
PENJARINGAN,Pencurian Dengan Kekerasan ( Curas ),05:00-07:59,2026
PENJARINGAN,Pencurian Dengan Pemberatan ( Curat ),05:00-07:59,2026
PENJARINGAN,Pencurian Dengan Pemberatan ( Curat ),05:00-07:59,2026
PENJARINGAN,Pencurian Dengan Pemberatan ( Curat ),05:00-07:59,2026
PENJARINGAN,Penganiayaan,05:00-07:59,2026
PENJARINGAN,Penggelapan,05:00-07:59,2026
PENJARINGAN,Penipuan / Perbuatan Curang,05:00-07:59,2026
PENJARINGAN,Penyelundupan Senjata api (senpi),05:00-07:59,2026
PENJARINGAN,Percobaan Pencurian,05:00-07:59,2026
PENJARINGAN,Persetubuhan Terhadap Anak / Cabul Terhadap Anak,05:00-07:59,2026
PENJARINGAN,Tindak Pidana Dalam Perlindungan Anak,05:00-07:59,2026
PENJARINGAN,Cabul,08:00-11:59,2026
PENJARINGAN,Cabul,08:00-11:59,2026
PENJARINGAN,Curanmor R-2,08:00-11:59,2026
PENJARINGAN,Kejahatan terkait Tenaga Kesehatan,08:00-11:59,2026
PENJARINGAN,Kekerasan Dalam Rumah Tangga,08:00-11:59,2026
PENJARINGAN,Kekerasan Dalam Rumah Tangga,08:00-11:59,2026
PENJARINGAN,Kekerasan Dalam Rumah Tangga,08:00-11:59,2026
PENJARINGAN,Kekerasan Dalam Rumah Tangga,08:00-11:59,2026
PENJARINGAN,Kekerasan Dalam Rumah Tangga,08:00-11:59,2026
PENJARINGAN,Kekerasan Dalam Rumah Tangga,08:00-11:59,2026
PENJARINGAN,Kekerasan Dalam Rumah Tangga,08:00-11:59,2026
PENJARINGAN,Manipulasi data autentik secara elektronik (ITE),08:00-11:59,2026
PENJARINGAN,Manipulasi data autentik secara elektronik (ITE),08:00-11:59,2026
PENJARINGAN,Manipulasi data autentik secara elektronik (ITE),08:00-11:59,2026
PENJARINGAN,Manipulasi data autentik secara elektronik (ITE),08:00-11:59,2026
PENJARINGAN,Narkotika ( Narkoba ),08:00-11:59,2026
PENJARINGAN,Narkotika ( Narkoba ),08:00-11:59,2026
PENJARINGAN,Narkotika ( Narkoba ),08:00-11:59,2026
PENJARINGAN,Narkotika ( Narkoba ),08:00-11:59,2026
PENJARINGAN,Pencemaran Nama Baik,08:00-11:59,2026
PENJARINGAN,Pencurian Biasa,08:00-11:59,2026
PENJARINGAN,Pencurian Biasa,08:00-11:59,2026
PENJARINGAN,Pencurian Biasa,08:00-11:59,2026
PENJARINGAN,Pencurian Dengan Pemberatan ( Curat ),08:00-11:59,2026
PENJARINGAN,Pengancaman,08:00-11:59,2026
PENJARINGAN,Penganiayaan,08:00-11:59,2026
PENJARINGAN,Penganiayaan,08:00-11:59,2026
PENJARINGAN,Penganiayaan,08:00-11:59,2026
PENJARINGAN,Penganiayaan,08:00-11:59,2026
PENJARINGAN,Penggelapan,08:00-11:59,2026
PENJARINGAN,Penggelapan,08:00-11:59,2026
PENJARINGAN,Penggelapan,08:00-11:59,2026
PENJARINGAN,Penggelapan,08:00-11:59,2026
PENJARINGAN,Penggelapan,08:00-11:59,2026
PENJARINGAN,Penggelapan,08:00-11:59,2026
PENJARINGAN,Penggelapan,08:00-11:59,2026
PENJARINGAN,Penggelapan,08:00-11:59,2026
PENJARINGAN,Penggelapan,08:00-11:59,2026
PENJARINGAN,Penggelapan,08:00-11:59,2026
PENJARINGAN,Penggelapan,08:00-11:59,2026
PENJARINGAN,Penggelapan,08:00-11:59,2026
PENJARINGAN,Penggelapan,08:00-11:59,2026
PENJARINGAN,Penggelapan,08:00-11:59,2026
PENJARINGAN,Penggelapan,08:00-11:59,2026
PENJARINGAN,Penggelapan,08:00-11:59,2026
PENJARINGAN,Penggelapan,08:00-11:59,2026
PENJARINGAN,Penggelapan,08:00-11:59,2026
PENJARINGAN,Penggelapan,08:00-11:59,2026
PENJARINGAN,Penggelapan,08:00-11:59,2026
PENJARINGAN,Penggelapan,08:00-11:59,2026
PENJARINGAN,Penggelapan,08:00-11:59,2026
PENJARINGAN,Penggelapan,08:00-11:59,2026
PENJARINGAN,Penggelapan,08:00-11:59,2026
PENJARINGAN,Penggelapan,08:00-11:59,2026
PENJARINGAN,Penggelapan,08:00-11:59,2026
PENJARINGAN,Penggelapan,08:00-11:59,2026
PENJARINGAN,Penipuan / Perbuatan Curang,08:00-11:59,2026
PENJARINGAN,Penipuan / Perbuatan Curang,08:00-11:59,2026
PENJARINGAN,Penipuan / Perbuatan Curang,08:00-11:59,2026
PENJARINGAN,Penipuan / Perbuatan Curang,08:00-11:59,2026
PENJARINGAN,Penipuan / Perbuatan Curang,08:00-11:59,2026
PENJARINGAN,Penipuan / Perbuatan Curang,08:00-11:59,2026
PENJARINGAN,Perbuatan Yang Tidak Menyenangkan,08:00-11:59,2026
PENJARINGAN,Percobaan Pencurian,08:00-11:59,2026
PENJARINGAN,Sumpah Palsu Dan Keterangan Palsu,08:00-11:59,2026
PENJARINGAN,Curanmor R-2,12:00-14:59,2026
PENJARINGAN,Kejahatan Tentang Perdagangan,12:00-14:59,2026
PENJARINGAN,Kekerasan Dalam Rumah Tangga,12:00-14:59,2026
PENJARINGAN,Kekerasan Dalam Rumah Tangga,12:00-14:59,2026
PENJARINGAN,Kekerasan Dalam Rumah Tangga,12:00-14:59,2026
PENJARINGAN,Kekerasan Dalam Rumah Tangga,12:00-14:59,2026
PENJARINGAN,Kekerasan Dalam Rumah Tangga,12:00-14:59,2026
PENJARINGAN,Manipulasi data autentik secara elektronik (ITE),12:00-14:59,2026
PENJARINGAN,Manipulasi data autentik secara elektronik (ITE),12:00-14:59,2026
PENJARINGAN,Manipulasi data autentik secara elektronik (ITE),12:00-14:59,2026
PENJARINGAN,Manipulasi data autentik secara elektronik (ITE),12:00-14:59,2026
PENJARINGAN,Manipulasi data autentik secara elektronik (ITE),12:00-14:59,2026
PENJARINGAN,Narkotika ( Narkoba ),12:00-14:59,2026
PENJARINGAN,Narkotika ( Narkoba ),12:00-14:59,2026
PENJARINGAN,Narkotika ( Narkoba ),12:00-14:59,2026
PENJARINGAN,Narkotika ( Narkoba ),12:00-14:59,2026
PENJARINGAN,Narkotika ( Narkoba ),12:00-14:59,2026
PENJARINGAN,Narkotika ( Narkoba ),12:00-14:59,2026
PENJARINGAN,Pencemaran Nama Baik,12:00-14:59,2026
PENJARINGAN,Pencemaran Nama Baik,12:00-14:59,2026
PENJARINGAN,Pencemaran Nama Baik,12:00-14:59,2026
PENJARINGAN,Pencemaran Nama Baik,12:00-14:59,2026
PENJARINGAN,Pencurian Biasa,12:00-14:59,2026
PENJARINGAN,Pencurian Biasa,12:00-14:59,2026
PENJARINGAN,Pencurian Biasa,12:00-14:59,2026
PENJARINGAN,Pencurian Biasa,12:00-14:59,2026
PENJARINGAN,Pencurian Biasa,12:00-14:59,2026
PENJARINGAN,Pengancaman,12:00-14:59,2026
PENJARINGAN,Penganiayaan,12:00-14:59,2026
PENJARINGAN,Penganiayaan,12:00-14:59,2026
PENJARINGAN,Penganiayaan,12:00-14:59,2026
PENJARINGAN,Pengeroyokan,12:00-14:59,2026
PENJARINGAN,Pengerusakan,12:00-14:59,2026
PENJARINGAN,Penggelapan,12:00-14:59,2026
PENJARINGAN,Penggelapan,12:00-14:59,2026
PENJARINGAN,Penggelapan,12:00-14:59,2026
PENJARINGAN,Penggelapan,12:00-14:59,2026
PENJARINGAN,Penggelapan,12:00-14:59,2026
PENJARINGAN,Penggelapan,12:00-14:59,2026
PENJARINGAN,Penggelapan,12:00-14:59,2026
PENJARINGAN,Penggelapan,12:00-14:59,2026
PENJARINGAN,Penggelapan,12:00-14:59,2026
PENJARINGAN,Penggelapan,12:00-14:59,2026
PENJARINGAN,Penggelapan,12:00-14:59,2026
PENJARINGAN,Penggelapan,12:00-14:59,2026
PENJARINGAN,Penggelapan,12:00-14:59,2026
PENJARINGAN,Penggelapan,12:00-14:59,2026
PENJARINGAN,Penipuan / Perbuatan Curang,12:00-14:59,2026
PENJARINGAN,Penipuan / Perbuatan Curang,12:00-14:59,2026
PENJARINGAN,Penipuan / Perbuatan Curang,12:00-14:59,2026
PENJARINGAN,Penipuan / Perbuatan Curang,12:00-14:59,2026
PENJARINGAN,Penipuan / Perbuatan Curang,12:00-14:59,2026
PENJARINGAN,Penipuan / Perbuatan Curang,12:00-14:59,2026
PENJARINGAN,Penipuan / Perbuatan Curang,12:00-14:59,2026
PENJARINGAN,Penipuan / Perbuatan Curang,12:00-14:59,2026
PENJARINGAN,Penipuan / Perbuatan Curang,12:00-14:59,2026
PENJARINGAN,Penipuan / Perbuatan Curang,12:00-14:59,2026
PENJARINGAN,Sumpah Palsu Dan Keterangan Palsu,12:00-14:59,2026
PENJARINGAN,Tindak Pidana Pencucian Uang ( TPPU / Money Laundering),12:00-14:59,2026
PENJARINGAN,Curanmor R-2,15:00-17:59,2026
PENJARINGAN,Kekerasan Dalam Rumah Tangga,15:00-17:59,2026
PENJARINGAN,Kekerasan Dalam Rumah Tangga,15:00-17:59,2026
PENJARINGAN,Kekerasan Dalam Rumah Tangga,15:00-17:59,2026
PENJARINGAN,Kekerasan Dalam Rumah Tangga,15:00-17:59,2026
PENJARINGAN,Manipulasi data autentik secara elektronik (ITE),15:00-17:59,2026
PENJARINGAN,Manipulasi data autentik secara elektronik (ITE),15:00-17:59,2026
PENJARINGAN,Manipulasi data autentik secara elektronik (ITE),15:00-17:59,2026
PENJARINGAN,Manipulasi data autentik secara elektronik (ITE),15:00-17:59,2026
PENJARINGAN,Manipulasi data autentik secara elektronik (ITE),15:00-17:59,2026
PENJARINGAN,Menjual atau mengedarkan obat keras / bebas terbatas tanpa ijin,15:00-17:59,2026
PENJARINGAN,Menjual atau mengedarkan obat keras / bebas terbatas tanpa ijin,15:00-17:59,2026
PENJARINGAN,Narkotika ( Narkoba ),15:00-17:59,2026
PENJARINGAN,Narkotika ( Narkoba ),15:00-17:59,2026
PENJARINGAN,Narkotika ( Narkoba ),15:00-17:59,2026
PENJARINGAN,Narkotika ( Narkoba ),15:00-17:59,2026
PENJARINGAN,Narkotika ( Narkoba ),15:00-17:59,2026
PENJARINGAN,Narkotika ( Narkoba ),15:00-17:59,2026
PENJARINGAN,Narkotika ( Narkoba ),15:00-17:59,2026
PENJARINGAN,Narkotika ( Narkoba ),15:00-17:59,2026
PENJARINGAN,Narkotika ( Narkoba ),15:00-17:59,2026
PENJARINGAN,Pemalsuan Surat Otentik,15:00-17:59,2026
PENJARINGAN,Pencemaran Nama Baik,15:00-17:59,2026
PENJARINGAN,Pencemaran Nama Baik,15:00-17:59,2026
PENJARINGAN,Pencurian Biasa,15:00-17:59,2026
PENJARINGAN,Pencurian Biasa,15:00-17:59,2026
PENJARINGAN,Pencurian Biasa,15:00-17:59,2026
PENJARINGAN,Pencurian Biasa,15:00-17:59,2026
PENJARINGAN,Pencurian Biasa,15:00-17:59,2026
PENJARINGAN,Pencurian Biasa,15:00-17:59,2026
PENJARINGAN,Pengancaman,15:00-17:59,2026
PENJARINGAN,Penganiayaan,15:00-17:59,2026
PENJARINGAN,Penganiayaan,15:00-17:59,2026
PENJARINGAN,Penganiayaan,15:00-17:59,2026
PENJARINGAN,Penganiayaan,15:00-17:59,2026
PENJARINGAN,Penganiayaan Berat ( Anirat ),15:00-17:59,2026
PENJARINGAN,Penggelapan,15:00-17:59,2026
PENJARINGAN,Penggelapan,15:00-17:59,2026
PENJARINGAN,Penggelapan,15:00-17:59,2026
PENJARINGAN,Penggelapan,15:00-17:59,2026
PENJARINGAN,Penggelapan,15:00-17:59,2026
PENJARINGAN,Penggelapan,15:00-17:59,2026
PENJARINGAN,Penggelapan,15:00-17:59,2026
PENJARINGAN,Penggelapan,15:00-17:59,2026
PENJARINGAN,Penggelapan,15:00-17:59,2026
PENJARINGAN,Penggelapan,15:00-17:59,2026
PENJARINGAN,Penggelapan,15:00-17:59,2026
PENJARINGAN,Penggelapan,15:00-17:59,2026
PENJARINGAN,Penggelapan,15:00-17:59,2026
PENJARINGAN,Penggelapan,15:00-17:59,2026
PENJARINGAN,Penggelapan,15:00-17:59,2026
PENJARINGAN,Penggelapan,15:00-17:59,2026
PENJARINGAN,Penipuan / Perbuatan Curang,15:00-17:59,2026
PENJARINGAN,Penipuan / Perbuatan Curang,15:00-17:59,2026
PENJARINGAN,Penipuan / Perbuatan Curang,15:00-17:59,2026
PENJARINGAN,Penipuan / Perbuatan Curang,15:00-17:59,2026
PENJARINGAN,Penipuan / Perbuatan Curang,15:00-17:59,2026
PENJARINGAN,Penipuan / Perbuatan Curang,15:00-17:59,2026
PENJARINGAN,Penipuan / Perbuatan Curang,15:00-17:59,2026
PENJARINGAN,Penipuan / Perbuatan Curang,15:00-17:59,2026
PENJARINGAN,Penipuan / Perbuatan Curang,15:00-17:59,2026
PENJARINGAN,Penipuan / Perbuatan Curang,15:00-17:59,2026
PENJARINGAN,Penipuan / Perbuatan Curang,15:00-17:59,2026
PENJARINGAN,Penipuan / Perbuatan Curang,15:00-17:59,2026
PENJARINGAN,Penipuan / Perbuatan Curang,15:00-17:59,2026
PENJARINGAN,Penyerobotan Tanah,15:00-17:59,2026
PENJARINGAN,Penyerobotan Tanah,15:00-17:59,2026
PENJARINGAN,Perkosaan,15:00-17:59,2026
PENJARINGAN,Tindak Pidana Dalam Perlindungan Anak,15:00-17:59,2026
PENJARINGAN,Tindak Pidana Dalam Perlindungan Anak,15:00-17:59,2026
PENJARINGAN,Tindak Pidana Dalam Perlindungan Anak,15:00-17:59,2026
PENJARINGAN,Cabul,18:00-21:59,2026
PENJARINGAN,Curanmor R-2,18:00-21:59,2026
PENJARINGAN,Curanmor R-2,18:00-21:59,2026
PENJARINGAN,Judi,18:00-21:59,2026
PENJARINGAN,Karantina,18:00-21:59,2026
PENJARINGAN,Karantina,18:00-21:59,2026
PENJARINGAN,Kejahatan Tentang Perdagangan,18:00-21:59,2026
PENJARINGAN,Kejahatan terkait Tenaga Kesehatan,18:00-21:59,2026
PENJARINGAN,Kekerasan Dalam Rumah Tangga,18:00-21:59,2026
PENJARINGAN,Kekerasan Dalam Rumah Tangga,18:00-21:59,2026
PENJARINGAN,Kekerasan Dalam Rumah Tangga,18:00-21:59,2026
PENJARINGAN,Kekerasan Dalam Rumah Tangga,18:00-21:59,2026
PENJARINGAN,Manipulasi data autentik secara elektronik (ITE),18:00-21:59,2026
PENJARINGAN,Manipulasi data autentik secara elektronik (ITE),18:00-21:59,2026
PENJARINGAN,Manipulasi data autentik secara elektronik (ITE),18:00-21:59,2026
PENJARINGAN,Manipulasi data autentik secara elektronik (ITE),18:00-21:59,2026
PENJARINGAN,Manipulasi data autentik secara elektronik (ITE),18:00-21:59,2026
PENJARINGAN,Manipulasi data autentik secara elektronik (ITE),18:00-21:59,2026
PENJARINGAN,Menjual atau mengedarkan obat keras / bebas terbatas tanpa ijin,18:00-21:59,2026
PENJARINGAN,Menjual atau mengedarkan obat keras / bebas terbatas tanpa ijin,18:00-21:59,2026
PENJARINGAN,Narkotika ( Narkoba ),18:00-21:59,2026
PENJARINGAN,Narkotika ( Narkoba ),18:00-21:59,2026
PENJARINGAN,Narkotika ( Narkoba ),18:00-21:59,2026
PENJARINGAN,Narkotika ( Narkoba ),18:00-21:59,2026
PENJARINGAN,Narkotika ( Narkoba ),18:00-21:59,2026
PENJARINGAN,Narkotika ( Narkoba ),18:00-21:59,2026
PENJARINGAN,Narkotika ( Narkoba ),18:00-21:59,2026
PENJARINGAN,Pemalsuan Surat Otentik,18:00-21:59,2026
PENJARINGAN,Pencemaran Nama Baik,18:00-21:59,2026
PENJARINGAN,Pencurian Biasa,18:00-21:59,2026
PENJARINGAN,Pencurian Biasa,18:00-21:59,2026
PENJARINGAN,Pencurian Biasa,18:00-21:59,2026
PENJARINGAN,Pencurian Biasa,18:00-21:59,2026
PENJARINGAN,Pencurian Biasa,18:00-21:59,2026
PENJARINGAN,Pencurian Dengan Kekerasan ( Curas ),18:00-21:59,2026
PENJARINGAN,Pencurian Dengan Pemberatan ( Curat ),18:00-21:59,2026
PENJARINGAN,Pencurian Dengan Pemberatan ( Curat ),18:00-21:59,2026
PENJARINGAN,Pencurian Dengan Pemberatan ( Curat ),18:00-21:59,2026
PENJARINGAN,Pengancaman,18:00-21:59,2026
PENJARINGAN,Penganiayaan,18:00-21:59,2026
PENJARINGAN,Penganiayaan,18:00-21:59,2026
PENJARINGAN,Penganiayaan,18:00-21:59,2026
PENJARINGAN,Pengeroyokan,18:00-21:59,2026
PENJARINGAN,Pengeroyokan,18:00-21:59,2026
PENJARINGAN,Pengeroyokan,18:00-21:59,2026
PENJARINGAN,Penggelapan,18:00-21:59,2026
PENJARINGAN,Penggelapan,18:00-21:59,2026
PENJARINGAN,Penggelapan,18:00-21:59,2026
PENJARINGAN,Penggelapan,18:00-21:59,2026
PENJARINGAN,Penggelapan,18:00-21:59,2026
PENJARINGAN,Penggelapan,18:00-21:59,2026
PENJARINGAN,Penggelapan,18:00-21:59,2026
PENJARINGAN,Penggelapan,18:00-21:59,2026
PENJARINGAN,Penggelapan,18:00-21:59,2026
PENJARINGAN,Penipuan / Perbuatan Curang,18:00-21:59,2026
PENJARINGAN,Penipuan / Perbuatan Curang,18:00-21:59,2026
PENJARINGAN,Penipuan / Perbuatan Curang,18:00-21:59,2026
PENJARINGAN,Penipuan / Perbuatan Curang,18:00-21:59,2026
PENJARINGAN,Penipuan / Perbuatan Curang,18:00-21:59,2026
PENJARINGAN,Penipuan / Perbuatan Curang,18:00-21:59,2026
PENJARINGAN,Penyerobotan Tanah,18:00-21:59,2026
PENJARINGAN,Percobaan Pencurian,18:00-21:59,2026
PENJARINGAN,Perdagangan Manusia / Trafficking In Person / Tppo (dalam Negeri),18:00-21:59,2026
PENJARINGAN,Perlindungan Konsumen,18:00-21:59,2026
PENJARINGAN,Perlindungan Konsumen,18:00-21:59,2026
PENJARINGAN,Tindak Pidana Dalam Perlindungan Anak,18:00-21:59,2026
PENJARINGAN,Tindak Pidana Transfer Dana,18:00-21:59,2026
PENJARINGAN,Cabul,22:00-23:59,2026
PENJARINGAN,Curanmor R-2,22:00-23:59,2026
PENJARINGAN,Kejahatan Tentang Pornografi,22:00-23:59,2026
PENJARINGAN,Kejahatan Tentang Pornografi,22:00-23:59,2026
PENJARINGAN,Kejahatan Terkait Perlindungan Data Pribadi,22:00-23:59,2026
PENJARINGAN,Kekerasan Dalam Rumah Tangga,22:00-23:59,2026
PENJARINGAN,Kekerasan Dalam Rumah Tangga,22:00-23:59,2026
PENJARINGAN,Kekerasan Seksual (KDRT),22:00-23:59,2026
PENJARINGAN,Menjual atau mengedarkan obat keras / bebas terbatas tanpa ijin,22:00-23:59,2026
PENJARINGAN,Menjual atau mengedarkan obat keras / bebas terbatas tanpa ijin,22:00-23:59,2026
PENJARINGAN,Mucikari ( Pelacuran ),22:00-23:59,2026
PENJARINGAN,Narkotika ( Narkoba ),22:00-23:59,2026
PENJARINGAN,Narkotika ( Narkoba ),22:00-23:59,2026
PENJARINGAN,Narkotika ( Narkoba ),22:00-23:59,2026
PENJARINGAN,Narkotika ( Narkoba ),22:00-23:59,2026
PENJARINGAN,Narkotika ( Narkoba ),22:00-23:59,2026
PENJARINGAN,Pencurian Biasa,22:00-23:59,2026
PENJARINGAN,Pencurian Biasa,22:00-23:59,2026
PENJARINGAN,Pencurian Dengan Pemberatan ( Curat ),22:00-23:59,2026
PENJARINGAN,Penganiayaan,22:00-23:59,2026
PENJARINGAN,Penganiayaan,22:00-23:59,2026
PENJARINGAN,Penganiayaan,22:00-23:59,2026
PENJARINGAN,Pengeroyokan,22:00-23:59,2026
PENJARINGAN,Pengeroyokan,22:00-23:59,2026
PENJARINGAN,Penggelapan,22:00-23:59,2026
PENJARINGAN,Penggelapan,22:00-23:59,2026
PENJARINGAN,Penggelapan,22:00-23:59,2026
PENJARINGAN,Penggelapan,22:00-23:59,2026
PENJARINGAN,Perlindungan Konsumen,22:00-23:59,2026
PENJARINGAN,Cabul,00:00-04:59,2026
PENJARINGAN,Cabul,00:00-04:59,2026
PENJARINGAN,Cabul,00:00-04:59,2026
PENJARINGAN,Curanmor R-2,00:00-04:59,2026
PENJARINGAN,Judi,00:00-04:59,2026
PENJARINGAN,Kejahatan Tentang Minyak Dan Gas  ( MIGAS ),00:00-04:59,2026
PENJARINGAN,Kejahatan Tentang Pornografi,00:00-04:59,2026
PENJARINGAN,Kejahatan Terkait Senjata Tajam ( Sajam ) ( Premanisme ),00:00-04:59,2026
PENJARINGAN,Kekerasan Dalam Rumah Tangga,00:00-04:59,2026
PENJARINGAN,Manipulasi data autentik secara elektronik (ITE),00:00-04:59,2026
PENJARINGAN,Narkotika ( Narkoba ),00:00-04:59,2026
PENJARINGAN,Narkotika ( Narkoba ),00:00-04:59,2026
PENJARINGAN,Narkotika ( Narkoba ),00:00-04:59,2026
PENJARINGAN,Narkotika ( Narkoba ),00:00-04:59,2026
PENJARINGAN,Narkotika ( Narkoba ),00:00-04:59,2026
PENJARINGAN,Pencurian Biasa,00:00-04:59,2026
PENJARINGAN,Pencurian Biasa,00:00-04:59,2026
PENJARINGAN,Pencurian Biasa,00:00-04:59,2026
PENJARINGAN,Pencurian Dengan Pemberatan ( Curat ),00:00-04:59,2026
PENJARINGAN,Penganiayaan,00:00-04:59,2026
PENJARINGAN,Penganiayaan,00:00-04:59,2026
PENJARINGAN,Penganiayaan Berat ( Anirat ),00:00-04:59,2026
PENJARINGAN,Pengeroyokan,00:00-04:59,2026
PENJARINGAN,Pengeroyokan,00:00-04:59,2026
PENJARINGAN,Pengeroyokan,00:00-04:59,2026
PENJARINGAN,Pengeroyokan,00:00-04:59,2026
PENJARINGAN,Penggelapan,00:00-04:59,2026
PENJARINGAN,Penggelapan,00:00-04:59,2026
PENJARINGAN,Penggelapan,00:00-04:59,2026
PENJARINGAN,Penipuan / Perbuatan Curang,00:00-04:59,2026
PENJARINGAN,Penipuan / Perbuatan Curang,00:00-04:59,2026
PENJARINGAN,Perbuatan Yang Tidak Menyenangkan,00:00-04:59,2026
PENJARINGAN,Perbuatan Yang Tidak Menyenangkan,00:00-04:59,2026
PENJARINGAN,Percobaan Pencurian,00:00-04:59,2026
PENJARINGAN,Perkosaan,00:00-04:59,2026
PULO GADUNG,Curanmor R-2,05:00-07:59,2026
PULO GADUNG,Pemerasan Dan Pengancaman,05:00-07:59,2026
PULO GADUNG,Pencurian Biasa,05:00-07:59,2026
PULO GADUNG,Pencurian Biasa,05:00-07:59,2026
PULO GADUNG,Pencurian Biasa,05:00-07:59,2026
PULO GADUNG,Pencurian Dengan Kekerasan ( Curas ),05:00-07:59,2026
PULO GADUNG,Pencurian Dengan Pemberatan ( Curat ),05:00-07:59,2026
PULO GADUNG,Pencurian Dengan Pemberatan ( Curat ),05:00-07:59,2026
PULO GADUNG,Pencurian Dengan Pemberatan ( Curat ),05:00-07:59,2026
PULO GADUNG,Penganiayaan,05:00-07:59,2026
PULO GADUNG,Penganiayaan Berat ( Anirat ),05:00-07:59,2026
PULO GADUNG,Penggelapan,05:00-07:59,2026
PULO GADUNG,Penggelapan,05:00-07:59,2026
PULO GADUNG,Percobaan Pencurian,05:00-07:59,2026
PULO GADUNG,Kejahatan Terkait Perlindungan Data Pribadi,08:00-11:59,2026
PULO GADUNG,Kejahatan Terkait Perlindungan Data Pribadi,08:00-11:59,2026
PULO GADUNG,Kekerasan Dalam Rumah Tangga,08:00-11:59,2026
PULO GADUNG,Manipulasi data autentik secara elektronik (ITE),08:00-11:59,2026
PULO GADUNG,Manipulasi data autentik secara elektronik (ITE),08:00-11:59,2026
PULO GADUNG,Manipulasi data autentik secara elektronik (ITE),08:00-11:59,2026
PULO GADUNG,Manipulasi data autentik secara elektronik (ITE),08:00-11:59,2026
PULO GADUNG,Manipulasi data autentik secara elektronik (ITE),08:00-11:59,2026
PULO GADUNG,Manipulasi data autentik secara elektronik (ITE),08:00-11:59,2026
PULO GADUNG,Manipulasi data autentik secara elektronik (ITE),08:00-11:59,2026
PULO GADUNG,Manipulasi data autentik secara elektronik (ITE),08:00-11:59,2026
PULO GADUNG,Manipulasi data autentik secara elektronik (ITE),08:00-11:59,2026
PULO GADUNG,Manipulasi data autentik secara elektronik (ITE),08:00-11:59,2026
PULO GADUNG,Manipulasi data autentik secara elektronik (ITE),08:00-11:59,2026
PULO GADUNG,Manipulasi data autentik secara elektronik (ITE),08:00-11:59,2026
PULO GADUNG,Manipulasi data autentik secara elektronik (ITE),08:00-11:59,2026
PULO GADUNG,Manipulasi data autentik secara elektronik (ITE),08:00-11:59,2026
PULO GADUNG,Manipulasi data autentik secara elektronik (ITE),08:00-11:59,2026
PULO GADUNG,Manipulasi data autentik secara elektronik (ITE),08:00-11:59,2026
PULO GADUNG,Manipulasi data autentik secara elektronik (ITE),08:00-11:59,2026
PULO GADUNG,Manipulasi data autentik secara elektronik (ITE),08:00-11:59,2026
PULO GADUNG,Manipulasi data autentik secara elektronik (ITE),08:00-11:59,2026
PULO GADUNG,Narkotika ( Narkoba ),08:00-11:59,2026
PULO GADUNG,Pencemaran Nama Baik,08:00-11:59,2026
PULO GADUNG,Pencurian Biasa,08:00-11:59,2026
PULO GADUNG,Pencurian Biasa,08:00-11:59,2026
PULO GADUNG,Pencurian Biasa,08:00-11:59,2026
PULO GADUNG,Pencurian Biasa,08:00-11:59,2026
PULO GADUNG,Pencurian Biasa,08:00-11:59,2026
PULO GADUNG,Pencurian Biasa,08:00-11:59,2026
PULO GADUNG,Pencurian Biasa,08:00-11:59,2026
PULO GADUNG,Pencurian Biasa,08:00-11:59,2026
PULO GADUNG,Pencurian Biasa,08:00-11:59,2026
PULO GADUNG,Pencurian Biasa,08:00-11:59,2026
PULO GADUNG,Pencurian Dengan Pemberatan ( Curat ),08:00-11:59,2026
PULO GADUNG,Pencurian Dengan Pemberatan ( Curat ),08:00-11:59,2026
PULO GADUNG,Pencurian Dengan Pemberatan ( Curat ),08:00-11:59,2026
PULO GADUNG,Pencurian Dengan Pemberatan ( Curat ),08:00-11:59,2026
PULO GADUNG,Pengancaman,08:00-11:59,2026
PULO GADUNG,Penganiayaan,08:00-11:59,2026
PULO GADUNG,Penganiayaan,08:00-11:59,2026
PULO GADUNG,Penganiayaan,08:00-11:59,2026
PULO GADUNG,Penganiayaan,08:00-11:59,2026
PULO GADUNG,Penganiayaan,08:00-11:59,2026
PULO GADUNG,Penganiayaan,08:00-11:59,2026
PULO GADUNG,Penganiayaan,08:00-11:59,2026
PULO GADUNG,Penganiayaan,08:00-11:59,2026
PULO GADUNG,Penganiayaan,08:00-11:59,2026
PULO GADUNG,Pengeroyokan,08:00-11:59,2026
PULO GADUNG,Pengeroyokan,08:00-11:59,2026
PULO GADUNG,Pengeroyokan,08:00-11:59,2026
PULO GADUNG,Pengeroyokan,08:00-11:59,2026
PULO GADUNG,Pengeroyokan,08:00-11:59,2026
PULO GADUNG,Pengeroyokan,08:00-11:59,2026
PULO GADUNG,Pengeroyokan,08:00-11:59,2026
PULO GADUNG,Penggelapan,08:00-11:59,2026
PULO GADUNG,Penggelapan,08:00-11:59,2026
PULO GADUNG,Penipuan / Perbuatan Curang,08:00-11:59,2026
PULO GADUNG,Penipuan / Perbuatan Curang,08:00-11:59,2026
PULO GADUNG,Tindak Pidana Dalam Perlindungan Anak,08:00-11:59,2026
PULO GADUNG,Tindak Pidana Dalam Perlindungan Anak,08:00-11:59,2026
PULO GADUNG,Cabul,12:00-14:59,2026
PULO GADUNG,Cabul,12:00-14:59,2026
PULO GADUNG,Cabul,12:00-14:59,2026
PULO GADUNG,Cabul,12:00-14:59,2026
PULO GADUNG,Kejahatan Tentang Jaminan Fidusia,12:00-14:59,2026
PULO GADUNG,Kejahatan Tentang Jaminan Fidusia,12:00-14:59,2026
PULO GADUNG,Kejahatan Tentang Pornografi,12:00-14:59,2026
PULO GADUNG,Kekerasan Dalam Rumah Tangga,12:00-14:59,2026
PULO GADUNG,Kekerasan Dalam Rumah Tangga,12:00-14:59,2026
PULO GADUNG,Kekerasan Dalam Rumah Tangga,12:00-14:59,2026
PULO GADUNG,Manipulasi data autentik secara elektronik (ITE),12:00-14:59,2026
PULO GADUNG,Manipulasi data autentik secara elektronik (ITE),12:00-14:59,2026
PULO GADUNG,Manipulasi data autentik secara elektronik (ITE),12:00-14:59,2026
PULO GADUNG,Manipulasi data autentik secara elektronik (ITE),12:00-14:59,2026
PULO GADUNG,Manipulasi data autentik secara elektronik (ITE),12:00-14:59,2026
PULO GADUNG,Manipulasi data autentik secara elektronik (ITE),12:00-14:59,2026
PULO GADUNG,Manipulasi data autentik secara elektronik (ITE),12:00-14:59,2026
PULO GADUNG,Manipulasi data autentik secara elektronik (ITE),12:00-14:59,2026
PULO GADUNG,Manipulasi data autentik secara elektronik (ITE),12:00-14:59,2026
PULO GADUNG,Manipulasi data autentik secara elektronik (ITE),12:00-14:59,2026
PULO GADUNG,Manipulasi data autentik secara elektronik (ITE),12:00-14:59,2026
PULO GADUNG,Manipulasi data autentik secara elektronik (ITE),12:00-14:59,2026
PULO GADUNG,Manipulasi data autentik secara elektronik (ITE),12:00-14:59,2026
PULO GADUNG,Manipulasi data autentik secara elektronik (ITE),12:00-14:59,2026
PULO GADUNG,Manipulasi data autentik secara elektronik (ITE),12:00-14:59,2026
PULO GADUNG,Manipulasi data autentik secara elektronik (ITE),12:00-14:59,2026
PULO GADUNG,Manipulasi data autentik secara elektronik (ITE),12:00-14:59,2026
PULO GADUNG,Manipulasi data autentik secara elektronik (ITE),12:00-14:59,2026
PULO GADUNG,Manipulasi data autentik secara elektronik (ITE),12:00-14:59,2026
PULO GADUNG,Memasuki Pekarangan Tanpa Ijin,12:00-14:59,2026
PULO GADUNG,Narkotika ( Narkoba ),12:00-14:59,2026
PULO GADUNG,Narkotika ( Narkoba ),12:00-14:59,2026
PULO GADUNG,Pemalsuan Surat Otentik,12:00-14:59,2026
PULO GADUNG,Pencemaran Nama Baik,12:00-14:59,2026
PULO GADUNG,Pencurian Biasa,12:00-14:59,2026
PULO GADUNG,Pencurian Biasa,12:00-14:59,2026
PULO GADUNG,Pencurian Biasa,12:00-14:59,2026
PULO GADUNG,Pencurian Biasa,12:00-14:59,2026
PULO GADUNG,Pencurian Biasa,12:00-14:59,2026
PULO GADUNG,Pencurian Biasa,12:00-14:59,2026
PULO GADUNG,Pencurian Biasa,12:00-14:59,2026
PULO GADUNG,Pencurian Biasa,12:00-14:59,2026
PULO GADUNG,Pencurian Biasa,12:00-14:59,2026
PULO GADUNG,Penganiayaan,12:00-14:59,2026
PULO GADUNG,Penganiayaan,12:00-14:59,2026
PULO GADUNG,Penganiayaan,12:00-14:59,2026
PULO GADUNG,Penganiayaan,12:00-14:59,2026
PULO GADUNG,Penganiayaan,12:00-14:59,2026
PULO GADUNG,Penganiayaan,12:00-14:59,2026
PULO GADUNG,Penggelapan,12:00-14:59,2026
PULO GADUNG,Penggelapan,12:00-14:59,2026
PULO GADUNG,Penggelapan,12:00-14:59,2026
PULO GADUNG,Penggelapan,12:00-14:59,2026
PULO GADUNG,Penggelapan,12:00-14:59,2026
PULO GADUNG,Penggelapan,12:00-14:59,2026
PULO GADUNG,Penipuan / Perbuatan Curang,12:00-14:59,2026
PULO GADUNG,Penipuan / Perbuatan Curang,12:00-14:59,2026
PULO GADUNG,Penipuan / Perbuatan Curang,12:00-14:59,2026
PULO GADUNG,Penipuan / Perbuatan Curang,12:00-14:59,2026
PULO GADUNG,Penipuan / Perbuatan Curang,12:00-14:59,2026
PULO GADUNG,Penipuan / Perbuatan Curang,12:00-14:59,2026
PULO GADUNG,Penistaan Agama,12:00-14:59,2026
PULO GADUNG,Perlindungan Konsumen,12:00-14:59,2026
PULO GADUNG,Tindak Pidana Dalam Perlindungan Anak,12:00-14:59,2026
PULO GADUNG,Kejahatan Terkait Perlindungan Data Pribadi,15:00-17:59,2026
PULO GADUNG,Manipulasi data autentik secara elektronik (ITE),15:00-17:59,2026
PULO GADUNG,Manipulasi data autentik secara elektronik (ITE),15:00-17:59,2026
PULO GADUNG,Manipulasi data autentik secara elektronik (ITE),15:00-17:59,2026
PULO GADUNG,Manipulasi data autentik secara elektronik (ITE),15:00-17:59,2026
PULO GADUNG,Manipulasi data autentik secara elektronik (ITE),15:00-17:59,2026
PULO GADUNG,Manipulasi data autentik secara elektronik (ITE),15:00-17:59,2026
PULO GADUNG,Manipulasi data autentik secara elektronik (ITE),15:00-17:59,2026
PULO GADUNG,Manipulasi data autentik secara elektronik (ITE),15:00-17:59,2026
PULO GADUNG,Manipulasi data autentik secara elektronik (ITE),15:00-17:59,2026
PULO GADUNG,Manipulasi data autentik secara elektronik (ITE),15:00-17:59,2026
PULO GADUNG,Manipulasi data autentik secara elektronik (ITE),15:00-17:59,2026
PULO GADUNG,Manipulasi data autentik secara elektronik (ITE),15:00-17:59,2026
PULO GADUNG,Manipulasi data autentik secara elektronik (ITE),15:00-17:59,2026
PULO GADUNG,Manipulasi data autentik secara elektronik (ITE),15:00-17:59,2026
PULO GADUNG,Manipulasi data autentik secara elektronik (ITE),15:00-17:59,2026
PULO GADUNG,Menjual atau mengedarkan obat keras / bebas terbatas tanpa ijin,15:00-17:59,2026
PULO GADUNG,Narkotika ( Narkoba ),15:00-17:59,2026
PULO GADUNG,Narkotika ( Narkoba ),15:00-17:59,2026
PULO GADUNG,Narkotika ( Narkoba ),15:00-17:59,2026
PULO GADUNG,Pemalsuan Surat Otentik,15:00-17:59,2026
PULO GADUNG,Pemerasan Dan Pengancaman,15:00-17:59,2026
PULO GADUNG,Pencemaran Nama Baik,15:00-17:59,2026
PULO GADUNG,Pencemaran Nama Baik,15:00-17:59,2026
PULO GADUNG,Pencemaran Nama Baik,15:00-17:59,2026
PULO GADUNG,Pencemaran Nama Baik,15:00-17:59,2026
PULO GADUNG,Pencemaran Nama Baik,15:00-17:59,2026
PULO GADUNG,Pencurian Biasa,15:00-17:59,2026
PULO GADUNG,Pencurian Biasa,15:00-17:59,2026
PULO GADUNG,Pencurian Biasa,15:00-17:59,2026
PULO GADUNG,Pencurian Biasa,15:00-17:59,2026
PULO GADUNG,Pencurian Biasa,15:00-17:59,2026
PULO GADUNG,Pencurian Biasa,15:00-17:59,2026
PULO GADUNG,Pencurian Biasa,15:00-17:59,2026
PULO GADUNG,Pencurian Biasa,15:00-17:59,2026
PULO GADUNG,Pencurian Biasa,15:00-17:59,2026
PULO GADUNG,Pencurian Biasa,15:00-17:59,2026
PULO GADUNG,Pencurian Biasa,15:00-17:59,2026
PULO GADUNG,Pencurian Dengan Pemberatan ( Curat ),15:00-17:59,2026
PULO GADUNG,Pengancaman,15:00-17:59,2026
PULO GADUNG,Penganiayaan,15:00-17:59,2026
PULO GADUNG,Penganiayaan,15:00-17:59,2026
PULO GADUNG,Penganiayaan Berat ( Anirat ),15:00-17:59,2026
PULO GADUNG,Pengeroyokan,15:00-17:59,2026
PULO GADUNG,Pengeroyokan,15:00-17:59,2026
PULO GADUNG,Penggelapan,15:00-17:59,2026
PULO GADUNG,Penggelapan,15:00-17:59,2026
PULO GADUNG,Penggelapan,15:00-17:59,2026
PULO GADUNG,Penggelapan,15:00-17:59,2026
PULO GADUNG,Penipuan / Perbuatan Curang,15:00-17:59,2026
PULO GADUNG,Penipuan / Perbuatan Curang,15:00-17:59,2026
PULO GADUNG,Penipuan / Perbuatan Curang,15:00-17:59,2026
PULO GADUNG,Penipuan / Perbuatan Curang,15:00-17:59,2026
PULO GADUNG,Tindak Pidana Dalam Perlindungan Anak,15:00-17:59,2026
PULO GADUNG,Cabul,18:00-21:59,2026
PULO GADUNG,Kekerasan Dalam Rumah Tangga,18:00-21:59,2026
PULO GADUNG,Kekerasan Dalam Rumah Tangga,18:00-21:59,2026
PULO GADUNG,Kekerasan Dalam Rumah Tangga,18:00-21:59,2026
PULO GADUNG,Manipulasi data autentik secara elektronik (ITE),18:00-21:59,2026
PULO GADUNG,Manipulasi data autentik secara elektronik (ITE),18:00-21:59,2026
PULO GADUNG,Manipulasi data autentik secara elektronik (ITE),18:00-21:59,2026
PULO GADUNG,Manipulasi data autentik secara elektronik (ITE),18:00-21:59,2026
PULO GADUNG,Manipulasi data autentik secara elektronik (ITE),18:00-21:59,2026
PULO GADUNG,Manipulasi data autentik secara elektronik (ITE),18:00-21:59,2026
PULO GADUNG,Manipulasi data autentik secara elektronik (ITE),18:00-21:59,2026
PULO GADUNG,Manipulasi data autentik secara elektronik (ITE),18:00-21:59,2026
PULO GADUNG,Manipulasi data autentik secara elektronik (ITE),18:00-21:59,2026
PULO GADUNG,Manipulasi data autentik secara elektronik (ITE),18:00-21:59,2026
PULO GADUNG,Manipulasi data autentik secara elektronik (ITE),18:00-21:59,2026
PULO GADUNG,Manipulasi data autentik secara elektronik (ITE),18:00-21:59,2026
PULO GADUNG,Manipulasi data autentik secara elektronik (ITE),18:00-21:59,2026
PULO GADUNG,Manipulasi data autentik secara elektronik (ITE),18:00-21:59,2026
PULO GADUNG,Manipulasi data autentik secara elektronik (ITE),18:00-21:59,2026
PULO GADUNG,Memasuki Pekarangan Tanpa Ijin,18:00-21:59,2026
PULO GADUNG,Narkotika ( Narkoba ),18:00-21:59,2026
PULO GADUNG,Narkotika ( Narkoba ),18:00-21:59,2026
PULO GADUNG,Narkotika ( Narkoba ),18:00-21:59,2026
PULO GADUNG,Narkotika ( Narkoba ),18:00-21:59,2026
PULO GADUNG,Narkotika ( Narkoba ),18:00-21:59,2026
PULO GADUNG,Narkotika ( Narkoba ),18:00-21:59,2026
PULO GADUNG,Pemerasan Dan Pengancaman,18:00-21:59,2026
PULO GADUNG,Pencemaran Nama Baik,18:00-21:59,2026
PULO GADUNG,Pencemaran Nama Baik,18:00-21:59,2026
PULO GADUNG,Pencurian Biasa,18:00-21:59,2026
PULO GADUNG,Pencurian Biasa,18:00-21:59,2026
PULO GADUNG,Pencurian Biasa,18:00-21:59,2026
PULO GADUNG,Pencurian Biasa,18:00-21:59,2026
PULO GADUNG,Pencurian Biasa,18:00-21:59,2026
PULO GADUNG,Pencurian Biasa,18:00-21:59,2026
PULO GADUNG,Pencurian Biasa,18:00-21:59,2026
PULO GADUNG,Pencurian Biasa,18:00-21:59,2026
PULO GADUNG,Pencurian Dengan Kekerasan ( Curas ),18:00-21:59,2026
PULO GADUNG,Pencurian Dengan Pemberatan ( Curat ),18:00-21:59,2026
PULO GADUNG,Pencurian Dengan Pemberatan ( Curat ),18:00-21:59,2026
PULO GADUNG,Pencurian Dengan Pemberatan ( Curat ),18:00-21:59,2026
PULO GADUNG,Pencurian Dengan Pemberatan ( Curat ),18:00-21:59,2026
PULO GADUNG,Penganiayaan,18:00-21:59,2026
PULO GADUNG,Penganiayaan,18:00-21:59,2026
PULO GADUNG,Penganiayaan,18:00-21:59,2026
PULO GADUNG,Penganiayaan,18:00-21:59,2026
PULO GADUNG,Penganiayaan,18:00-21:59,2026
PULO GADUNG,Penganiayaan,18:00-21:59,2026
PULO GADUNG,Penganiayaan,18:00-21:59,2026
PULO GADUNG,Penganiayaan,18:00-21:59,2026
PULO GADUNG,Pengeroyokan,18:00-21:59,2026
PULO GADUNG,Pengeroyokan,18:00-21:59,2026
PULO GADUNG,Pengeroyokan,18:00-21:59,2026
PULO GADUNG,Penggelapan,18:00-21:59,2026
PULO GADUNG,Penggelapan,18:00-21:59,2026
PULO GADUNG,Penggelapan,18:00-21:59,2026
PULO GADUNG,Penipuan / Perbuatan Curang,18:00-21:59,2026
PULO GADUNG,Penipuan / Perbuatan Curang,18:00-21:59,2026
PULO GADUNG,Penipuan / Perbuatan Curang,18:00-21:59,2026
PULO GADUNG,Penipuan / Perbuatan Curang,18:00-21:59,2026
PULO GADUNG,Penipuan / Perbuatan Curang,18:00-21:59,2026
PULO GADUNG,Sumpah Palsu Dan Keterangan Palsu,18:00-21:59,2026
PULO GADUNG,Karena Alpa  Menimbulkan  Kebakaran/ Meletus/banjir,22:00-23:59,2026
PULO GADUNG,Kejahatan terkait Tenaga Kesehatan,22:00-23:59,2026
PULO GADUNG,Kekerasan Seksual (KDRT),22:00-23:59,2026
PULO GADUNG,Manipulasi data autentik secara elektronik (ITE),22:00-23:59,2026
PULO GADUNG,Manipulasi data autentik secara elektronik (ITE),22:00-23:59,2026
PULO GADUNG,Manipulasi data autentik secara elektronik (ITE),22:00-23:59,2026
PULO GADUNG,Manipulasi data autentik secara elektronik (ITE),22:00-23:59,2026
PULO GADUNG,Manipulasi data autentik secara elektronik (ITE),22:00-23:59,2026
PULO GADUNG,Manipulasi data autentik secara elektronik (ITE),22:00-23:59,2026
PULO GADUNG,Narkotika ( Narkoba ),22:00-23:59,2026
PULO GADUNG,Narkotika ( Narkoba ),22:00-23:59,2026
PULO GADUNG,Narkotika ( Narkoba ),22:00-23:59,2026
PULO GADUNG,Narkotika ( Narkoba ),22:00-23:59,2026
PULO GADUNG,Narkotika ( Narkoba ),22:00-23:59,2026
PULO GADUNG,Narkotika ( Narkoba ),22:00-23:59,2026
PULO GADUNG,Pencurian Biasa,22:00-23:59,2026
PULO GADUNG,Penganiayaan,22:00-23:59,2026
PULO GADUNG,Penganiayaan,22:00-23:59,2026
PULO GADUNG,Penganiayaan,22:00-23:59,2026
PULO GADUNG,Penganiayaan,22:00-23:59,2026
PULO GADUNG,Penganiayaan,22:00-23:59,2026
PULO GADUNG,Pengeroyokan,22:00-23:59,2026
PULO GADUNG,Pengeroyokan,22:00-23:59,2026
PULO GADUNG,Penggelapan,22:00-23:59,2026
PULO GADUNG,Penipuan / Perbuatan Curang,22:00-23:59,2026
PULO GADUNG,Penipuan / Perbuatan Curang,22:00-23:59,2026
PULO GADUNG,Penipuan / Perbuatan Curang,22:00-23:59,2026
PULO GADUNG,Penipuan / Perbuatan Curang,22:00-23:59,2026
PULO GADUNG,Tindak Pidana Dalam Perlindungan Anak,22:00-23:59,2026
PULO GADUNG,Curanmor R-2,00:00-04:59,2026
PULO GADUNG,Kekerasan Dalam Rumah Tangga,00:00-04:59,2026
PULO GADUNG,Pemerasan,00:00-04:59,2026
PULO GADUNG,Pemerasan Dan Pengancaman,00:00-04:59,2026
PULO GADUNG,Pencemaran Nama Baik,00:00-04:59,2026
PULO GADUNG,Pencurian Biasa,00:00-04:59,2026
PULO GADUNG,Pencurian Biasa,00:00-04:59,2026
PULO GADUNG,Pencurian Biasa,00:00-04:59,2026
PULO GADUNG,Pencurian Biasa,00:00-04:59,2026
PULO GADUNG,Pencurian Dengan Pemberatan ( Curat ),00:00-04:59,2026
PULO GADUNG,Pencurian Dengan Pemberatan ( Curat ),00:00-04:59,2026
PULO GADUNG,Pencurian Dengan Pemberatan ( Curat ),00:00-04:59,2026
PULO GADUNG,Pencurian Dengan Pemberatan ( Curat ),00:00-04:59,2026
PULO GADUNG,Pencurian Dengan Pemberatan ( Curat ),00:00-04:59,2026
PULO GADUNG,Pencurian Dengan Pemberatan ( Curat ),00:00-04:59,2026
PULO GADUNG,Pencurian Dengan Pemberatan ( Curat ),00:00-04:59,2026
PULO GADUNG,Pencurian Dengan Pemberatan ( Curat ),00:00-04:59,2026
PULO GADUNG,Pengancaman,00:00-04:59,2026
PULO GADUNG,Penganiayaan,00:00-04:59,2026
PULO GADUNG,Penganiayaan,00:00-04:59,2026
PULO GADUNG,Penganiayaan,00:00-04:59,2026
PULO GADUNG,Penganiayaan Berat ( Anirat ),00:00-04:59,2026
PULO GADUNG,Penganiayaan Berat ( Anirat ),00:00-04:59,2026
PULO GADUNG,Penganiayaan Berat ( Anirat ),00:00-04:59,2026
PULO GADUNG,Pengeroyokan,00:00-04:59,2026
PULO GADUNG,Pengeroyokan,00:00-04:59,2026
PULO GADUNG,Pengeroyokan,00:00-04:59,2026
PULO GADUNG,Penggelapan,00:00-04:59,2026
PULO GADUNG,Terhadap ketertiban umum,00:00-04:59,2026
TEBET,Manipulasi data autentik secara elektronik (ITE),05:00-07:59,2026
TEBET,Pencurian Biasa,05:00-07:59,2026
TEBET,Pencurian Biasa,05:00-07:59,2026
TEBET,Tindak Pidana Dalam Perlindungan Anak,05:00-07:59,2026
TEBET,Kejahatan Terkait Perlindungan Data Pribadi,08:00-11:59,2026
TEBET,Kejahatan Terkait Perlindungan Data Pribadi,08:00-11:59,2026
TEBET,Kekerasan Dalam Rumah Tangga,08:00-11:59,2026
TEBET,Kekerasan Dalam Rumah Tangga,08:00-11:59,2026
TEBET,Kekerasan Seksual (KDRT),08:00-11:59,2026
TEBET,Manipulasi data autentik secara elektronik (ITE),08:00-11:59,2026
TEBET,Manipulasi data autentik secara elektronik (ITE),08:00-11:59,2026
TEBET,Manipulasi data autentik secara elektronik (ITE),08:00-11:59,2026
TEBET,Manipulasi data autentik secara elektronik (ITE),08:00-11:59,2026
TEBET,Manipulasi data autentik secara elektronik (ITE),08:00-11:59,2026
TEBET,Manipulasi data autentik secara elektronik (ITE),08:00-11:59,2026
TEBET,Manipulasi data autentik secara elektronik (ITE),08:00-11:59,2026
TEBET,Manipulasi data autentik secara elektronik (ITE),08:00-11:59,2026
TEBET,Manipulasi data autentik secara elektronik (ITE),08:00-11:59,2026
TEBET,Manipulasi data autentik secara elektronik (ITE),08:00-11:59,2026
TEBET,Narkotika ( Narkoba ),08:00-11:59,2026
TEBET,Pemalsuan Surat Otentik,08:00-11:59,2026
TEBET,Pencurian Biasa,08:00-11:59,2026
TEBET,Pencurian Biasa,08:00-11:59,2026
TEBET,Pencurian Dengan Pemberatan ( Curat ),08:00-11:59,2026
TEBET,Pencurian Dengan Pemberatan ( Curat ),08:00-11:59,2026
TEBET,Penganiayaan,08:00-11:59,2026
TEBET,Penganiayaan,08:00-11:59,2026
TEBET,Penganiayaan,08:00-11:59,2026
TEBET,Pengeroyokan,08:00-11:59,2026
TEBET,Pengerusakan,08:00-11:59,2026
TEBET,Penggelapan,08:00-11:59,2026
TEBET,Penggelapan,08:00-11:59,2026
TEBET,Penggelapan,08:00-11:59,2026
TEBET,Penggelapan,08:00-11:59,2026
TEBET,Penghinaan,08:00-11:59,2026
TEBET,Penipuan / Perbuatan Curang,08:00-11:59,2026
TEBET,Penipuan / Perbuatan Curang,08:00-11:59,2026
TEBET,Penipuan / Perbuatan Curang,08:00-11:59,2026
TEBET,Penipuan / Perbuatan Curang,08:00-11:59,2026
TEBET,Penipuan / Perbuatan Curang,08:00-11:59,2026
TEBET,Penipuan / Perbuatan Curang,08:00-11:59,2026
TEBET,Penipuan / Perbuatan Curang,08:00-11:59,2026
TEBET,Penipuan / Perbuatan Curang,08:00-11:59,2026
TEBET,Penipuan / Perbuatan Curang,08:00-11:59,2026
TEBET,Kejahatan Tentang Jaminan Fidusia,12:00-14:59,2026
TEBET,Kejahatan Tentang Tenaga Kerja,12:00-14:59,2026
TEBET,Kejahatan Terkait Senjata Tajam ( Sajam ) ( Premanisme ),12:00-14:59,2026
TEBET,Kekerasan Dalam Rumah Tangga,12:00-14:59,2026
TEBET,Kekerasan Dalam Rumah Tangga,12:00-14:59,2026
TEBET,Kekerasan Dalam Rumah Tangga,12:00-14:59,2026
TEBET,Kekerasan Dalam Rumah Tangga,12:00-14:59,2026
TEBET,Manipulasi data autentik secara elektronik (ITE),12:00-14:59,2026
TEBET,Manipulasi data autentik secara elektronik (ITE),12:00-14:59,2026
TEBET,Manipulasi data autentik secara elektronik (ITE),12:00-14:59,2026
TEBET,Manipulasi data autentik secara elektronik (ITE),12:00-14:59,2026
TEBET,Manipulasi data autentik secara elektronik (ITE),12:00-14:59,2026
TEBET,Manipulasi data autentik secara elektronik (ITE),12:00-14:59,2026
TEBET,Manipulasi data autentik secara elektronik (ITE),12:00-14:59,2026
TEBET,Manipulasi data autentik secara elektronik (ITE),12:00-14:59,2026
TEBET,Manipulasi data autentik secara elektronik (ITE),12:00-14:59,2026
TEBET,Manipulasi data autentik secara elektronik (ITE),12:00-14:59,2026
TEBET,Manipulasi data autentik secara elektronik (ITE),12:00-14:59,2026
TEBET,Manipulasi data autentik secara elektronik (ITE),12:00-14:59,2026
TEBET,Manipulasi data autentik secara elektronik (ITE),12:00-14:59,2026
TEBET,Manipulasi data autentik secara elektronik (ITE),12:00-14:59,2026
TEBET,Manipulasi data autentik secara elektronik (ITE),12:00-14:59,2026
TEBET,Manipulasi data autentik secara elektronik (ITE),12:00-14:59,2026
TEBET,Manipulasi data autentik secara elektronik (ITE),12:00-14:59,2026
TEBET,Narkotika ( Narkoba ),12:00-14:59,2026
TEBET,Pemerasan,12:00-14:59,2026
TEBET,Pemerasan Dan Pengancaman,12:00-14:59,2026
TEBET,Pencemaran Nama Baik,12:00-14:59,2026
TEBET,Pencemaran Nama Baik,12:00-14:59,2026
TEBET,Pencemaran Nama Baik,12:00-14:59,2026
TEBET,Pencemaran Nama Baik,12:00-14:59,2026
TEBET,Pencurian Biasa,12:00-14:59,2026
TEBET,Pencurian Biasa,12:00-14:59,2026
TEBET,Pencurian Biasa,12:00-14:59,2026
TEBET,Pencurian dalam lingkungan keluarga,12:00-14:59,2026
TEBET,Pencurian Dengan Pemberatan ( Curat ),12:00-14:59,2026
TEBET,Pencurian Dengan Pemberatan ( Curat ),12:00-14:59,2026
TEBET,Pencurian Dengan Pemberatan ( Curat ),12:00-14:59,2026
TEBET,Pengancaman,12:00-14:59,2026
TEBET,Pengancaman,12:00-14:59,2026
TEBET,Penganiayaan,12:00-14:59,2026
TEBET,Penganiayaan,12:00-14:59,2026
TEBET,Pengeroyokan,12:00-14:59,2026
TEBET,Pengeroyokan,12:00-14:59,2026
TEBET,Pengeroyokan,12:00-14:59,2026
TEBET,Penggelapan,12:00-14:59,2026
TEBET,Penggelapan,12:00-14:59,2026
TEBET,Penggelapan,12:00-14:59,2026
TEBET,Penggelapan,12:00-14:59,2026
TEBET,Penggelapan,12:00-14:59,2026
TEBET,Penggelapan,12:00-14:59,2026
TEBET,Penggelapan,12:00-14:59,2026
TEBET,Penggelapan,12:00-14:59,2026
TEBET,Penggelapan,12:00-14:59,2026
TEBET,Penggelapan,12:00-14:59,2026
TEBET,Penipuan / Perbuatan Curang,12:00-14:59,2026
TEBET,Penipuan / Perbuatan Curang,12:00-14:59,2026
TEBET,Penipuan / Perbuatan Curang,12:00-14:59,2026
TEBET,Penipuan / Perbuatan Curang,12:00-14:59,2026
TEBET,Penipuan / Perbuatan Curang,12:00-14:59,2026
TEBET,Penipuan / Perbuatan Curang,12:00-14:59,2026
TEBET,Penipuan / Perbuatan Curang,12:00-14:59,2026
TEBET,Penipuan / Perbuatan Curang,12:00-14:59,2026
TEBET,Penipuan / Perbuatan Curang,12:00-14:59,2026
TEBET,Penipuan / Perbuatan Curang,12:00-14:59,2026
TEBET,Perkosaan,12:00-14:59,2026
TEBET,Perkosaan,12:00-14:59,2026
TEBET,Perzinahan,12:00-14:59,2026
TEBET,Tindak Pidana Dalam Perlindungan Anak,12:00-14:59,2026
TEBET,Tindak Pidana Pencucian Uang ( TPPU / Money Laundering),12:00-14:59,2026
TEBET,Aborsi,15:00-17:59,2026
TEBET,Kejahatan Tentang Jaminan Fidusia,15:00-17:59,2026
TEBET,Kejahatan Terkait Perlindungan Data Pribadi,15:00-17:59,2026
TEBET,Kekerasan Dalam Rumah Tangga,15:00-17:59,2026
TEBET,Kekerasan Dalam Rumah Tangga,15:00-17:59,2026
TEBET,Kekerasan Seksual (KDRT),15:00-17:59,2026
TEBET,Manipulasi data autentik secara elektronik (ITE),15:00-17:59,2026
TEBET,Manipulasi data autentik secara elektronik (ITE),15:00-17:59,2026
TEBET,Manipulasi data autentik secara elektronik (ITE),15:00-17:59,2026
TEBET,Manipulasi data autentik secara elektronik (ITE),15:00-17:59,2026
TEBET,Manipulasi data autentik secara elektronik (ITE),15:00-17:59,2026
TEBET,Manipulasi data autentik secara elektronik (ITE),15:00-17:59,2026
TEBET,Memasuki Pekarangan Tanpa Ijin,15:00-17:59,2026
TEBET,Narkotika ( Narkoba ),15:00-17:59,2026
TEBET,Narkotika ( Narkoba ),15:00-17:59,2026
TEBET,Narkotika ( Narkoba ),15:00-17:59,2026
TEBET,Narkotika ( Narkoba ),15:00-17:59,2026
TEBET,Narkotika ( Narkoba ),15:00-17:59,2026
TEBET,Narkotika ( Narkoba ),15:00-17:59,2026
TEBET,Narkotika ( Narkoba ),15:00-17:59,2026
TEBET,Pemalsuan Surat Otentik,15:00-17:59,2026
TEBET,Pencemaran Nama Baik,15:00-17:59,2026
TEBET,Pencemaran Nama Baik,15:00-17:59,2026
TEBET,Pencemaran Nama Baik,15:00-17:59,2026
TEBET,Pencurian Biasa,15:00-17:59,2026
TEBET,Pencurian Biasa,15:00-17:59,2026
TEBET,Pencurian Biasa,15:00-17:59,2026
TEBET,Pencurian Biasa,15:00-17:59,2026
TEBET,Pencurian Biasa,15:00-17:59,2026
TEBET,Pencurian Dengan Pemberatan ( Curat ),15:00-17:59,2026
TEBET,Pencurian Dengan Pemberatan ( Curat ),15:00-17:59,2026
TEBET,Penganiayaan,15:00-17:59,2026
TEBET,Penganiayaan,15:00-17:59,2026
TEBET,Penganiayaan,15:00-17:59,2026
TEBET,Penganiayaan,15:00-17:59,2026
TEBET,Penganiayaan,15:00-17:59,2026
TEBET,Penganiayaan,15:00-17:59,2026
TEBET,Penganiayaan,15:00-17:59,2026
TEBET,Pengeroyokan,15:00-17:59,2026
TEBET,Pengerusakan,15:00-17:59,2026
TEBET,Penggelapan,15:00-17:59,2026
TEBET,Penggelapan,15:00-17:59,2026
TEBET,Penggelapan,15:00-17:59,2026
TEBET,Penggelapan,15:00-17:59,2026
TEBET,Penggelapan,15:00-17:59,2026
TEBET,Penggelapan,15:00-17:59,2026
TEBET,Penggelapan,15:00-17:59,2026
TEBET,Penggelapan,15:00-17:59,2026
TEBET,Penggelapan,15:00-17:59,2026
TEBET,Penggelapan,15:00-17:59,2026
TEBET,Penggelapan,15:00-17:59,2026
TEBET,Penghinaan,15:00-17:59,2026
TEBET,Penipuan / Perbuatan Curang,15:00-17:59,2026
TEBET,Penipuan / Perbuatan Curang,15:00-17:59,2026
TEBET,Penipuan / Perbuatan Curang,15:00-17:59,2026
TEBET,Penipuan / Perbuatan Curang,15:00-17:59,2026
TEBET,Penipuan / Perbuatan Curang,15:00-17:59,2026
TEBET,Penipuan / Perbuatan Curang,15:00-17:59,2026
TEBET,Penipuan / Perbuatan Curang,15:00-17:59,2026
TEBET,Penipuan / Perbuatan Curang,15:00-17:59,2026
TEBET,Penipuan / Perbuatan Curang,15:00-17:59,2026
TEBET,Penipuan / Perbuatan Curang,15:00-17:59,2026
TEBET,Penipuan / Perbuatan Curang,15:00-17:59,2026
TEBET,Penipuan / Perbuatan Curang,15:00-17:59,2026
TEBET,Penipuan / Perbuatan Curang,15:00-17:59,2026
TEBET,Penipuan / Perbuatan Curang,15:00-17:59,2026
TEBET,Penipuan / Perbuatan Curang,15:00-17:59,2026
TEBET,Percobaan Pencurian,15:00-17:59,2026
TEBET,Percobaan Pencurian,15:00-17:59,2026
TEBET,Perzinahan,15:00-17:59,2026
TEBET,Tindak Pidana Dalam Perlindungan Anak,15:00-17:59,2026
TEBET,Tindak Pidana Transfer Dana,15:00-17:59,2026
TEBET,Curanmor R-2,18:00-21:59,2026
TEBET,Manipulasi data autentik secara elektronik (ITE),18:00-21:59,2026
TEBET,Manipulasi data autentik secara elektronik (ITE),18:00-21:59,2026
TEBET,Manipulasi data autentik secara elektronik (ITE),18:00-21:59,2026
TEBET,Manipulasi data autentik secara elektronik (ITE),18:00-21:59,2026
TEBET,Manipulasi data autentik secara elektronik (ITE),18:00-21:59,2026
TEBET,Manipulasi data autentik secara elektronik (ITE),18:00-21:59,2026
TEBET,Manipulasi data autentik secara elektronik (ITE),18:00-21:59,2026
TEBET,Manipulasi data autentik secara elektronik (ITE),18:00-21:59,2026
TEBET,Manipulasi data autentik secara elektronik (ITE),18:00-21:59,2026
TEBET,Narkotika ( Narkoba ),18:00-21:59,2026
TEBET,Narkotika ( Narkoba ),18:00-21:59,2026
TEBET,Narkotika ( Narkoba ),18:00-21:59,2026
TEBET,Penadahan,18:00-21:59,2026
TEBET,Pencemaran Nama Baik,18:00-21:59,2026
TEBET,Pencemaran Nama Baik,18:00-21:59,2026
TEBET,Pencemaran Nama Baik,18:00-21:59,2026
TEBET,Pencemaran Nama Baik,18:00-21:59,2026
TEBET,Pencurian Biasa,18:00-21:59,2026
TEBET,Pencurian Biasa,18:00-21:59,2026
TEBET,Pencurian Biasa,18:00-21:59,2026
TEBET,Pencurian Biasa,18:00-21:59,2026
TEBET,Pencurian Biasa,18:00-21:59,2026
TEBET,Pencurian Biasa,18:00-21:59,2026
TEBET,Pencurian Biasa,18:00-21:59,2026
TEBET,Pencurian Dengan Kekerasan ( Curas ),18:00-21:59,2026
TEBET,Pencurian Dengan Pemberatan ( Curat ),18:00-21:59,2026
TEBET,Pencurian Dengan Pemberatan ( Curat ),18:00-21:59,2026
TEBET,Pencurian Dengan Pemberatan ( Curat ),18:00-21:59,2026
TEBET,Penganiayaan,18:00-21:59,2026
TEBET,Penganiayaan,18:00-21:59,2026
TEBET,Penganiayaan,18:00-21:59,2026
TEBET,Pengeroyokan,18:00-21:59,2026
TEBET,Penggelapan,18:00-21:59,2026
TEBET,Penggelapan,18:00-21:59,2026
TEBET,Penggelapan,18:00-21:59,2026
TEBET,Penggelapan,18:00-21:59,2026
TEBET,Penggelapan,18:00-21:59,2026
TEBET,Penggelapan,18:00-21:59,2026
TEBET,Penggelapan,18:00-21:59,2026
TEBET,Penggelapan,18:00-21:59,2026
TEBET,Penggelapan,18:00-21:59,2026
TEBET,Penggelapan,18:00-21:59,2026
TEBET,Penghinaan,18:00-21:59,2026
TEBET,Penipuan / Perbuatan Curang,18:00-21:59,2026
TEBET,Penipuan / Perbuatan Curang,18:00-21:59,2026
TEBET,Penipuan / Perbuatan Curang,18:00-21:59,2026
TEBET,Penipuan / Perbuatan Curang,18:00-21:59,2026
TEBET,Penipuan / Perbuatan Curang,18:00-21:59,2026
TEBET,Penipuan / Perbuatan Curang,18:00-21:59,2026
TEBET,Penipuan / Perbuatan Curang,18:00-21:59,2026
TEBET,Penipuan / Perbuatan Curang,18:00-21:59,2026
TEBET,Penipuan / Perbuatan Curang,18:00-21:59,2026
TEBET,Perzinahan,18:00-21:59,2026
TEBET,Perzinahan,18:00-21:59,2026
TEBET,Tindak Pidana Dalam Perlindungan Anak,18:00-21:59,2026
TEBET,Kekerasan Seksual (KDRT),22:00-23:59,2026
TEBET,Manipulasi data autentik secara elektronik (ITE),22:00-23:59,2026
TEBET,Manipulasi data autentik secara elektronik (ITE),22:00-23:59,2026
TEBET,Manipulasi data autentik secara elektronik (ITE),22:00-23:59,2026
TEBET,Manipulasi data autentik secara elektronik (ITE),22:00-23:59,2026
TEBET,Manipulasi data autentik secara elektronik (ITE),22:00-23:59,2026
TEBET,Narkotika ( Narkoba ),22:00-23:59,2026
TEBET,Narkotika ( Narkoba ),22:00-23:59,2026
TEBET,Narkotika ( Narkoba ),22:00-23:59,2026
TEBET,Narkotika ( Narkoba ),22:00-23:59,2026
TEBET,Pencurian Biasa,22:00-23:59,2026
TEBET,Pengeroyokan,22:00-23:59,2026
TEBET,Penggelapan,22:00-23:59,2026
TEBET,Penggelapan,22:00-23:59,2026
TEBET,Penggelapan,22:00-23:59,2026
TEBET,Penipuan / Perbuatan Curang,22:00-23:59,2026
TEBET,Penipuan / Perbuatan Curang,22:00-23:59,2026
TEBET,Kekerasan Dalam Rumah Tangga,00:00-04:59,2026
TEBET,Kekerasan Dalam Rumah Tangga,00:00-04:59,2026
TEBET,Narkotika ( Narkoba ),00:00-04:59,2026
TEBET,Narkotika ( Narkoba ),00:00-04:59,2026
TEBET,Narkotika ( Narkoba ),00:00-04:59,2026
TEBET,Narkotika ( Narkoba ),00:00-04:59,2026
TEBET,Narkotika ( Narkoba ),00:00-04:59,2026
TEBET,Penadahan,00:00-04:59,2026
TEBET,Pencurian Biasa,00:00-04:59,2026
TEBET,Pencurian Biasa,00:00-04:59,2026
TEBET,Pencurian Biasa,00:00-04:59,2026
TEBET,Pencurian Dengan Pemberatan ( Curat ),00:00-04:59,2026
TEBET,Pencurian Dengan Pemberatan ( Curat ),00:00-04:59,2026
TEBET,Pencurian Dengan Pemberatan ( Curat ),00:00-04:59,2026
TEBET,Pencurian Dengan Pemberatan ( Curat ),00:00-04:59,2026
TEBET,Penganiayaan,00:00-04:59,2026
TEBET,Penganiayaan,00:00-04:59,2026
TEBET,Penganiayaan,00:00-04:59,2026
TEBET,Penganiayaan,00:00-04:59,2026
TEBET,Penggelapan,00:00-04:59,2026
TEBET,Penggelapan,00:00-04:59,2026
TEBET,Penggelapan,00:00-04:59,2026
TEBET,Penggelapan,00:00-04:59,2026
TEBET,Penipuan / Perbuatan Curang,00:00-04:59,2026
KEMBANGAN,Kekerasan Dalam Rumah Tangga,05:00-07:59,2026
KEMBANGAN,Kekerasan Dalam Rumah Tangga,05:00-07:59,2026
KEMBANGAN,Kekerasan Dalam Rumah Tangga,05:00-07:59,2026
KEMBANGAN,Pemerasan,05:00-07:59,2026
KEMBANGAN,Pencemaran Nama Baik,05:00-07:59,2026
KEMBANGAN,Pencurian Biasa,05:00-07:59,2026
KEMBANGAN,Pencurian Dengan Pemberatan ( Curat ),05:00-07:59,2026
KEMBANGAN,Pencurian Dengan Pemberatan ( Curat ),05:00-07:59,2026
KEMBANGAN,Pencurian Dengan Pemberatan ( Curat ),05:00-07:59,2026
KEMBANGAN,Curanmor R-2,08:00-11:59,2026
KEMBANGAN,Kejahatan Tentang Minyak Dan Gas  ( MIGAS ),08:00-11:59,2026
KEMBANGAN,Kejahatan terkait Tenaga Kesehatan,08:00-11:59,2026
KEMBANGAN,Kekerasan Dalam Rumah Tangga,08:00-11:59,2026
KEMBANGAN,Manipulasi data autentik secara elektronik (ITE),08:00-11:59,2026
KEMBANGAN,Manipulasi data autentik secara elektronik (ITE),08:00-11:59,2026
KEMBANGAN,Manipulasi data autentik secara elektronik (ITE),08:00-11:59,2026
KEMBANGAN,Memasuki Pekarangan Tanpa Ijin,08:00-11:59,2026
KEMBANGAN,Narkotika ( Narkoba ),08:00-11:59,2026
KEMBANGAN,Pemerasan,08:00-11:59,2026
KEMBANGAN,Pencemaran Nama Baik,08:00-11:59,2026
KEMBANGAN,Pencemaran Nama Baik,08:00-11:59,2026
KEMBANGAN,Pencemaran Nama Baik,08:00-11:59,2026
KEMBANGAN,Pencurian Biasa,08:00-11:59,2026
KEMBANGAN,Pencurian Biasa,08:00-11:59,2026
KEMBANGAN,Pencurian Biasa,08:00-11:59,2026
KEMBANGAN,Pencurian Biasa,08:00-11:59,2026
KEMBANGAN,Pencurian Biasa,08:00-11:59,2026
KEMBANGAN,Pencurian Biasa,08:00-11:59,2026
KEMBANGAN,Pencurian Biasa,08:00-11:59,2026
KEMBANGAN,Pencurian Biasa,08:00-11:59,2026
KEMBANGAN,Pencurian Dengan Kekerasan ( Curas ),08:00-11:59,2026
KEMBANGAN,Pencurian Dengan Pemberatan ( Curat ),08:00-11:59,2026
KEMBANGAN,Pencurian Dengan Pemberatan ( Curat ),08:00-11:59,2026
KEMBANGAN,Pencurian Dengan Pemberatan ( Curat ),08:00-11:59,2026
KEMBANGAN,Pengancaman,08:00-11:59,2026
KEMBANGAN,Pengancaman,08:00-11:59,2026
KEMBANGAN,Pengancaman,08:00-11:59,2026
KEMBANGAN,Penganiayaan,08:00-11:59,2026
KEMBANGAN,Penganiayaan Berat ( Anirat ),08:00-11:59,2026
KEMBANGAN,Pengeroyokan,08:00-11:59,2026
KEMBANGAN,Penggelapan,08:00-11:59,2026
KEMBANGAN,Penggelapan,08:00-11:59,2026
KEMBANGAN,Penggelapan,08:00-11:59,2026
KEMBANGAN,Penggelapan,08:00-11:59,2026
KEMBANGAN,Penggelapan,08:00-11:59,2026
KEMBANGAN,Penipuan / Perbuatan Curang,08:00-11:59,2026
KEMBANGAN,Penipuan / Perbuatan Curang,08:00-11:59,2026
KEMBANGAN,Penipuan / Perbuatan Curang,08:00-11:59,2026
KEMBANGAN,Penipuan / Perbuatan Curang,08:00-11:59,2026
KEMBANGAN,Penipuan / Perbuatan Curang,08:00-11:59,2026
KEMBANGAN,Penipuan / Perbuatan Curang,08:00-11:59,2026
KEMBANGAN,Penipuan / Perbuatan Curang,08:00-11:59,2026
KEMBANGAN,Penipuan / Perbuatan Curang,08:00-11:59,2026
KEMBANGAN,Penipuan / Perbuatan Curang,08:00-11:59,2026
KEMBANGAN,Penipuan / Perbuatan Curang,08:00-11:59,2026
KEMBANGAN,Perzinahan,08:00-11:59,2026
KEMBANGAN,Kejahatan Terkait Perlindungan Data Pribadi,12:00-14:59,2026
KEMBANGAN,Manipulasi data autentik secara elektronik (ITE),12:00-14:59,2026
KEMBANGAN,Manipulasi data autentik secara elektronik (ITE),12:00-14:59,2026
KEMBANGAN,Manipulasi data autentik secara elektronik (ITE),12:00-14:59,2026
KEMBANGAN,Manipulasi data autentik secara elektronik (ITE),12:00-14:59,2026
KEMBANGAN,Manipulasi data autentik secara elektronik (ITE),12:00-14:59,2026
KEMBANGAN,Manipulasi data autentik secara elektronik (ITE),12:00-14:59,2026
KEMBANGAN,Memasuki Pekarangan Tanpa Ijin,12:00-14:59,2026
KEMBANGAN,Narkotika ( Narkoba ),12:00-14:59,2026
KEMBANGAN,Pemalsuan Surat Otentik,12:00-14:59,2026
KEMBANGAN,Pemerasan,12:00-14:59,2026
KEMBANGAN,Penadahan,12:00-14:59,2026
KEMBANGAN,Pencemaran Nama Baik,12:00-14:59,2026
KEMBANGAN,Pencurian Biasa,12:00-14:59,2026
KEMBANGAN,Pencurian Biasa,12:00-14:59,2026
KEMBANGAN,Pencurian Biasa,12:00-14:59,2026
KEMBANGAN,Pencurian Biasa,12:00-14:59,2026
KEMBANGAN,Pencurian Biasa,12:00-14:59,2026
KEMBANGAN,Pencurian Biasa,12:00-14:59,2026
KEMBANGAN,Pencurian Dengan Pemberatan ( Curat ),12:00-14:59,2026
KEMBANGAN,Penganiayaan,12:00-14:59,2026
KEMBANGAN,Penganiayaan,12:00-14:59,2026
KEMBANGAN,Penganiayaan,12:00-14:59,2026
KEMBANGAN,Pengeroyokan,12:00-14:59,2026
KEMBANGAN,Penggelapan,12:00-14:59,2026
KEMBANGAN,Penggelapan,12:00-14:59,2026
KEMBANGAN,Penggelapan,12:00-14:59,2026
KEMBANGAN,Penggelapan,12:00-14:59,2026
KEMBANGAN,Penggelapan,12:00-14:59,2026
KEMBANGAN,Penggelapan,12:00-14:59,2026
KEMBANGAN,Penghinaan,12:00-14:59,2026
KEMBANGAN,Penipuan / Perbuatan Curang,12:00-14:59,2026
KEMBANGAN,Penipuan / Perbuatan Curang,12:00-14:59,2026
KEMBANGAN,Penipuan / Perbuatan Curang,12:00-14:59,2026
KEMBANGAN,Penipuan / Perbuatan Curang,12:00-14:59,2026
KEMBANGAN,Penipuan / Perbuatan Curang,12:00-14:59,2026
KEMBANGAN,Penipuan / Perbuatan Curang,12:00-14:59,2026
KEMBANGAN,Penipuan / Perbuatan Curang,12:00-14:59,2026
KEMBANGAN,Penipuan / Perbuatan Curang,12:00-14:59,2026
KEMBANGAN,Penipuan / Perbuatan Curang,12:00-14:59,2026
KEMBANGAN,Penipuan / Perbuatan Curang,12:00-14:59,2026
KEMBANGAN,Penipuan / Perbuatan Curang,12:00-14:59,2026
KEMBANGAN,Penipuan / Perbuatan Curang,12:00-14:59,2026
KEMBANGAN,Penipuan / Perbuatan Curang,12:00-14:59,2026
KEMBANGAN,Penipuan / Perbuatan Curang,12:00-14:59,2026
KEMBANGAN,Penipuan / Perbuatan Curang,12:00-14:59,2026
KEMBANGAN,Perbankan,12:00-14:59,2026
KEMBANGAN,Perbankan,12:00-14:59,2026
KEMBANGAN,Perzinahan,12:00-14:59,2026
KEMBANGAN,Sumpah Palsu Dan Keterangan Palsu,12:00-14:59,2026
KEMBANGAN,Curanmor R-2,15:00-17:59,2026
KEMBANGAN,Kekerasan Dalam Rumah Tangga,15:00-17:59,2026
KEMBANGAN,Kekerasan Dalam Rumah Tangga,15:00-17:59,2026
KEMBANGAN,Kekerasan Dalam Rumah Tangga,15:00-17:59,2026
KEMBANGAN,Kekerasan Dalam Rumah Tangga,15:00-17:59,2026
KEMBANGAN,Kekerasan Dalam Rumah Tangga,15:00-17:59,2026
KEMBANGAN,Kekerasan Seksual (KDRT),15:00-17:59,2026
KEMBANGAN,Manipulasi data autentik secara elektronik (ITE),15:00-17:59,2026
KEMBANGAN,Manipulasi data autentik secara elektronik (ITE),15:00-17:59,2026
KEMBANGAN,Manipulasi data autentik secara elektronik (ITE),15:00-17:59,2026
KEMBANGAN,Manipulasi data autentik secara elektronik (ITE),15:00-17:59,2026
KEMBANGAN,Manipulasi data autentik secara elektronik (ITE),15:00-17:59,2026
KEMBANGAN,Manipulasi data autentik secara elektronik (ITE),15:00-17:59,2026
KEMBANGAN,Manipulasi data autentik secara elektronik (ITE),15:00-17:59,2026
KEMBANGAN,Narkotika ( Narkoba ),15:00-17:59,2026
KEMBANGAN,Pemalsuan Surat Otentik,15:00-17:59,2026
KEMBANGAN,Pencemaran Nama Baik,15:00-17:59,2026
KEMBANGAN,Pencemaran Nama Baik,15:00-17:59,2026
KEMBANGAN,Pencemaran Nama Baik,15:00-17:59,2026
KEMBANGAN,Pencurian Biasa,15:00-17:59,2026
KEMBANGAN,Pencurian Biasa,15:00-17:59,2026
KEMBANGAN,Pencurian Biasa,15:00-17:59,2026
KEMBANGAN,Pencurian Biasa,15:00-17:59,2026
KEMBANGAN,Pencurian Biasa,15:00-17:59,2026
KEMBANGAN,Pencurian Dengan Pemberatan ( Curat ),15:00-17:59,2026
KEMBANGAN,Pencurian Dengan Pemberatan ( Curat ),15:00-17:59,2026
KEMBANGAN,Pencurian Dengan Pemberatan ( Curat ),15:00-17:59,2026
KEMBANGAN,Pengancaman,15:00-17:59,2026
KEMBANGAN,Penganiayaan,15:00-17:59,2026
KEMBANGAN,Penganiayaan,15:00-17:59,2026
KEMBANGAN,Penganiayaan,15:00-17:59,2026
KEMBANGAN,Penganiayaan Berat ( Anirat ),15:00-17:59,2026
KEMBANGAN,Pengeroyokan,15:00-17:59,2026
KEMBANGAN,Penggelapan,15:00-17:59,2026
KEMBANGAN,Penggelapan,15:00-17:59,2026
KEMBANGAN,Penggelapan,15:00-17:59,2026
KEMBANGAN,Penggelapan,15:00-17:59,2026
KEMBANGAN,Penghinaan,15:00-17:59,2026
KEMBANGAN,Penghinaan,15:00-17:59,2026
KEMBANGAN,Penipuan / Perbuatan Curang,15:00-17:59,2026
KEMBANGAN,Penipuan / Perbuatan Curang,15:00-17:59,2026
KEMBANGAN,Penipuan / Perbuatan Curang,15:00-17:59,2026
KEMBANGAN,Penipuan / Perbuatan Curang,15:00-17:59,2026
KEMBANGAN,Penipuan / Perbuatan Curang,15:00-17:59,2026
KEMBANGAN,Penipuan / Perbuatan Curang,15:00-17:59,2026
KEMBANGAN,Penipuan / Perbuatan Curang,15:00-17:59,2026
KEMBANGAN,Penipuan / Perbuatan Curang,15:00-17:59,2026
KEMBANGAN,Penipuan / Perbuatan Curang,15:00-17:59,2026
KEMBANGAN,Penipuan / Perbuatan Curang,15:00-17:59,2026
KEMBANGAN,Penipuan / Perbuatan Curang,15:00-17:59,2026
KEMBANGAN,Penipuan / Perbuatan Curang,15:00-17:59,2026
KEMBANGAN,Penipuan / Perbuatan Curang,15:00-17:59,2026
KEMBANGAN,Penipuan / Perbuatan Curang,15:00-17:59,2026
KEMBANGAN,Penipuan / Perbuatan Curang,15:00-17:59,2026
KEMBANGAN,Perkosaan,15:00-17:59,2026
KEMBANGAN,Tindak Pidana Dalam Perlindungan Anak,15:00-17:59,2026
KEMBANGAN,Kekerasan Dalam Rumah Tangga,18:00-21:59,2026
KEMBANGAN,Manipulasi data autentik secara elektronik (ITE),18:00-21:59,2026
KEMBANGAN,Manipulasi data autentik secara elektronik (ITE),18:00-21:59,2026
KEMBANGAN,Manipulasi data autentik secara elektronik (ITE),18:00-21:59,2026
KEMBANGAN,Menjual atau mengedarkan obat keras / bebas terbatas tanpa ijin,18:00-21:59,2026
KEMBANGAN,Narkotika ( Narkoba ),18:00-21:59,2026
KEMBANGAN,Narkotika ( Narkoba ),18:00-21:59,2026
KEMBANGAN,Narkotika ( Narkoba ),18:00-21:59,2026
KEMBANGAN,Pencemaran Nama Baik,18:00-21:59,2026
KEMBANGAN,Pencemaran Nama Baik,18:00-21:59,2026
KEMBANGAN,Pencemaran Nama Baik,18:00-21:59,2026
KEMBANGAN,Pencurian Biasa,18:00-21:59,2026
KEMBANGAN,Pencurian Biasa,18:00-21:59,2026
KEMBANGAN,Pencurian Biasa,18:00-21:59,2026
KEMBANGAN,Pencurian Biasa,18:00-21:59,2026
KEMBANGAN,Pencurian Biasa,18:00-21:59,2026
KEMBANGAN,Pencurian Biasa,18:00-21:59,2026
KEMBANGAN,Pencurian Dengan Pemberatan ( Curat ),18:00-21:59,2026
KEMBANGAN,Pencurian Dengan Pemberatan ( Curat ),18:00-21:59,2026
KEMBANGAN,Pencurian Dengan Pemberatan ( Curat ),18:00-21:59,2026
KEMBANGAN,Pengancaman,18:00-21:59,2026
KEMBANGAN,Pengancaman,18:00-21:59,2026
KEMBANGAN,Pengancaman,18:00-21:59,2026
KEMBANGAN,Pengancaman,18:00-21:59,2026
KEMBANGAN,Penganiayaan,18:00-21:59,2026
KEMBANGAN,Penganiayaan,18:00-21:59,2026
KEMBANGAN,Penganiayaan Berat ( Anirat ),18:00-21:59,2026
KEMBANGAN,Pengeroyokan,18:00-21:59,2026
KEMBANGAN,Penggelapan,18:00-21:59,2026
KEMBANGAN,Penggelapan,18:00-21:59,2026
KEMBANGAN,Penggelapan,18:00-21:59,2026
KEMBANGAN,Penggelapan,18:00-21:59,2026
KEMBANGAN,Penggelapan,18:00-21:59,2026
KEMBANGAN,Penggelapan,18:00-21:59,2026
KEMBANGAN,Penggelapan,18:00-21:59,2026
KEMBANGAN,Penggelapan,18:00-21:59,2026
KEMBANGAN,Penggelapan,18:00-21:59,2026
KEMBANGAN,Penggelapan,18:00-21:59,2026
KEMBANGAN,Penggelapan,18:00-21:59,2026
KEMBANGAN,Penipuan / Perbuatan Curang,18:00-21:59,2026
KEMBANGAN,Penipuan / Perbuatan Curang,18:00-21:59,2026
KEMBANGAN,Penipuan / Perbuatan Curang,18:00-21:59,2026
KEMBANGAN,Penipuan / Perbuatan Curang,18:00-21:59,2026
KEMBANGAN,Penipuan / Perbuatan Curang,18:00-21:59,2026
KEMBANGAN,Penipuan / Perbuatan Curang,18:00-21:59,2026
KEMBANGAN,Penipuan / Perbuatan Curang,18:00-21:59,2026
KEMBANGAN,Penipuan / Perbuatan Curang,18:00-21:59,2026
KEMBANGAN,Penipuan / Perbuatan Curang,18:00-21:59,2026
KEMBANGAN,Penipuan / Perbuatan Curang,18:00-21:59,2026
KEMBANGAN,Penipuan / Perbuatan Curang,18:00-21:59,2026
KEMBANGAN,Penipuan / Perbuatan Curang,18:00-21:59,2026
KEMBANGAN,Penipuan / Perbuatan Curang,18:00-21:59,2026
KEMBANGAN,Penipuan / Perbuatan Curang,18:00-21:59,2026
KEMBANGAN,Penipuan / Perbuatan Curang,18:00-21:59,2026
KEMBANGAN,Penipuan / Perbuatan Curang,18:00-21:59,2026
KEMBANGAN,Perzinahan,18:00-21:59,2026
KEMBANGAN,Terhadap ketertiban umum,18:00-21:59,2026
KEMBANGAN,Kekerasan Dalam Rumah Tangga,22:00-23:59,2026
KEMBANGAN,Kekerasan Dalam Rumah Tangga,22:00-23:59,2026
KEMBANGAN,Manipulasi data autentik secara elektronik (ITE),22:00-23:59,2026
KEMBANGAN,Narkotika ( Narkoba ),22:00-23:59,2026
KEMBANGAN,Narkotika ( Narkoba ),22:00-23:59,2026
KEMBANGAN,Pemerasan,22:00-23:59,2026
KEMBANGAN,Pencurian Biasa,22:00-23:59,2026
KEMBANGAN,Pencurian Biasa,22:00-23:59,2026
KEMBANGAN,Pencurian Biasa,22:00-23:59,2026
KEMBANGAN,Pencurian Dengan Pemberatan ( Curat ),22:00-23:59,2026
KEMBANGAN,Penganiayaan,22:00-23:59,2026
KEMBANGAN,Penganiayaan,22:00-23:59,2026
KEMBANGAN,Penganiayaan,22:00-23:59,2026
KEMBANGAN,Penganiayaan,22:00-23:59,2026
KEMBANGAN,Pengeroyokan,22:00-23:59,2026
KEMBANGAN,Pengeroyokan,22:00-23:59,2026
KEMBANGAN,Pengeroyokan,22:00-23:59,2026
KEMBANGAN,Penggelapan,22:00-23:59,2026
KEMBANGAN,Penggelapan,22:00-23:59,2026
KEMBANGAN,Penggelapan,22:00-23:59,2026
KEMBANGAN,Penipuan / Perbuatan Curang,22:00-23:59,2026
KEMBANGAN,Penipuan / Perbuatan Curang,22:00-23:59,2026
KEMBANGAN,Penipuan / Perbuatan Curang,22:00-23:59,2026
KEMBANGAN,Penyerobotan Tanah,22:00-23:59,2026
KEMBANGAN,Perzinahan,22:00-23:59,2026
KEMBANGAN,Terhadap ketertiban umum,22:00-23:59,2026
KEMBANGAN,Cabul,00:00-04:59,2026
KEMBANGAN,Kekerasan Dalam Rumah Tangga,00:00-04:59,2026
KEMBANGAN,Menjual atau mengedarkan obat keras / bebas terbatas tanpa ijin,00:00-04:59,2026
KEMBANGAN,Narkotika ( Narkoba ),00:00-04:59,2026
KEMBANGAN,Narkotika ( Narkoba ),00:00-04:59,2026
KEMBANGAN,Narkotika ( Narkoba ),00:00-04:59,2026
KEMBANGAN,Pemerasan,00:00-04:59,2026
KEMBANGAN,Pencemaran Nama Baik,00:00-04:59,2026
KEMBANGAN,Pencurian Biasa,00:00-04:59,2026
KEMBANGAN,Pencurian Biasa,00:00-04:59,2026
KEMBANGAN,Pencurian Dengan Pemberatan ( Curat ),00:00-04:59,2026
KEMBANGAN,Pencurian Dengan Pemberatan ( Curat ),00:00-04:59,2026
KEMBANGAN,Pencurian Dengan Pemberatan ( Curat ),00:00-04:59,2026
KEMBANGAN,Pencurian Dengan Pemberatan ( Curat ),00:00-04:59,2026
KEMBANGAN,Penganiayaan,00:00-04:59,2026
KEMBANGAN,Penganiayaan Berat ( Anirat ),00:00-04:59,2026
KEMBANGAN,Penganiayaan Berat ( Anirat ),00:00-04:59,2026
KEMBANGAN,Pengeroyokan,00:00-04:59,2026
KEMBANGAN,Pengeroyokan,00:00-04:59,2026
KEMBANGAN,Penipuan / Perbuatan Curang,00:00-04:59,2026
KEMBANGAN,Penipuan / Perbuatan Curang,00:00-04:59,2026
KEMBANGAN,Perbuatan Yang Tidak Menyenangkan,00:00-04:59,2026
KEMBANGAN,Persetubuhan Terhadap Anak / Cabul Terhadap Anak,00:00-04:59,2026
PASAR MINGGU,Kekerasan Seksual (KDRT),05:00-07:59,2026
PASAR MINGGU,Kekerasan Seksual (KDRT),05:00-07:59,2026
PASAR MINGGU,Pencurian Biasa,05:00-07:59,2026
PASAR MINGGU,Pencurian Biasa,05:00-07:59,2026
PASAR MINGGU,Pencurian Dengan Pemberatan ( Curat ),05:00-07:59,2026
PASAR MINGGU,Pencurian Dengan Pemberatan ( Curat ),05:00-07:59,2026
PASAR MINGGU,Pengeroyokan,05:00-07:59,2026
PASAR MINGGU,Penipuan / Perbuatan Curang,05:00-07:59,2026
PASAR MINGGU,Cabul,08:00-11:59,2026
PASAR MINGGU,Curanmor R-2,08:00-11:59,2026
PASAR MINGGU,Kejahatan Tentang Pornografi,08:00-11:59,2026
PASAR MINGGU,Kejahatan Terkait Perlindungan Data Pribadi,08:00-11:59,2026
PASAR MINGGU,Kejahatan Terkait Perlindungan Data Pribadi,08:00-11:59,2026
PASAR MINGGU,Kejahatan Terkait Perlindungan Data Pribadi,08:00-11:59,2026
PASAR MINGGU,Kejahatan Terkait Perlindungan Data Pribadi,08:00-11:59,2026
PASAR MINGGU,Kekerasan Dalam Rumah Tangga,08:00-11:59,2026
PASAR MINGGU,Kekerasan Dalam Rumah Tangga,08:00-11:59,2026
PASAR MINGGU,Manipulasi data autentik secara elektronik (ITE),08:00-11:59,2026
PASAR MINGGU,Manipulasi data autentik secara elektronik (ITE),08:00-11:59,2026
PASAR MINGGU,Manipulasi data autentik secara elektronik (ITE),08:00-11:59,2026
PASAR MINGGU,Manipulasi data autentik secara elektronik (ITE),08:00-11:59,2026
PASAR MINGGU,Manipulasi data autentik secara elektronik (ITE),08:00-11:59,2026
PASAR MINGGU,Manipulasi data autentik secara elektronik (ITE),08:00-11:59,2026
PASAR MINGGU,Manipulasi data autentik secara elektronik (ITE),08:00-11:59,2026
PASAR MINGGU,Manipulasi data autentik secara elektronik (ITE),08:00-11:59,2026
PASAR MINGGU,Manipulasi data autentik secara elektronik (ITE),08:00-11:59,2026
PASAR MINGGU,Manipulasi data autentik secara elektronik (ITE),08:00-11:59,2026
PASAR MINGGU,Manipulasi data autentik secara elektronik (ITE),08:00-11:59,2026
PASAR MINGGU,Pemalsuan Surat Otentik,08:00-11:59,2026
PASAR MINGGU,Pemerasan,08:00-11:59,2026
PASAR MINGGU,Pemerasan Dan Pengancaman,08:00-11:59,2026
PASAR MINGGU,Pencemaran Nama Baik,08:00-11:59,2026
PASAR MINGGU,Pencemaran Nama Baik,08:00-11:59,2026
PASAR MINGGU,Pencemaran Nama Baik,08:00-11:59,2026
PASAR MINGGU,Pencurian Biasa,08:00-11:59,2026
PASAR MINGGU,Pencurian Biasa,08:00-11:59,2026
PASAR MINGGU,Pencurian Biasa,08:00-11:59,2026
PASAR MINGGU,Pencurian Biasa,08:00-11:59,2026
PASAR MINGGU,Pencurian Dengan Kekerasan ( Curas ),08:00-11:59,2026
PASAR MINGGU,Pencurian Dengan Pemberatan ( Curat ),08:00-11:59,2026
PASAR MINGGU,Pencurian Dengan Pemberatan ( Curat ),08:00-11:59,2026
PASAR MINGGU,Pencurian Dengan Pemberatan ( Curat ),08:00-11:59,2026
PASAR MINGGU,Pencurian Ringan,08:00-11:59,2026
PASAR MINGGU,Penganiayaan,08:00-11:59,2026
PASAR MINGGU,Pengerusakan,08:00-11:59,2026
PASAR MINGGU,Penggelapan,08:00-11:59,2026
PASAR MINGGU,Penggelapan,08:00-11:59,2026
PASAR MINGGU,Penggelapan,08:00-11:59,2026
PASAR MINGGU,Penggelapan,08:00-11:59,2026
PASAR MINGGU,Penipuan / Perbuatan Curang,08:00-11:59,2026
PASAR MINGGU,Penipuan / Perbuatan Curang,08:00-11:59,2026
PASAR MINGGU,Penipuan / Perbuatan Curang,08:00-11:59,2026
PASAR MINGGU,Penipuan / Perbuatan Curang,08:00-11:59,2026
PASAR MINGGU,Penipuan / Perbuatan Curang,08:00-11:59,2026
PASAR MINGGU,Penipuan / Perbuatan Curang,08:00-11:59,2026
PASAR MINGGU,Penipuan / Perbuatan Curang,08:00-11:59,2026
PASAR MINGGU,Penipuan / Perbuatan Curang,08:00-11:59,2026
PASAR MINGGU,Penipuan / Perbuatan Curang,08:00-11:59,2026
PASAR MINGGU,Penipuan / Perbuatan Curang,08:00-11:59,2026
PASAR MINGGU,Penipuan / Perbuatan Curang,08:00-11:59,2026
PASAR MINGGU,Penipuan / Perbuatan Curang,08:00-11:59,2026
PASAR MINGGU,Penipuan / Perbuatan Curang,08:00-11:59,2026
PASAR MINGGU,Penipuan / Perbuatan Curang,08:00-11:59,2026
PASAR MINGGU,Penipuan / Perbuatan Curang,08:00-11:59,2026
PASAR MINGGU,Perkosaan,08:00-11:59,2026
PASAR MINGGU,Kejahatan Terkait Perlindungan Data Pribadi,12:00-14:59,2026
PASAR MINGGU,Kejahatan Terkait Perlindungan Data Pribadi,12:00-14:59,2026
PASAR MINGGU,Kekerasan Dalam Rumah Tangga,12:00-14:59,2026
PASAR MINGGU,Kekerasan Dalam Rumah Tangga,12:00-14:59,2026
PASAR MINGGU,Kekerasan Dalam Rumah Tangga,12:00-14:59,2026
PASAR MINGGU,Manipulasi data autentik secara elektronik (ITE),12:00-14:59,2026
PASAR MINGGU,Manipulasi data autentik secara elektronik (ITE),12:00-14:59,2026
PASAR MINGGU,Manipulasi data autentik secara elektronik (ITE),12:00-14:59,2026
PASAR MINGGU,Manipulasi data autentik secara elektronik (ITE),12:00-14:59,2026
PASAR MINGGU,Manipulasi data autentik secara elektronik (ITE),12:00-14:59,2026
PASAR MINGGU,Manipulasi data autentik secara elektronik (ITE),12:00-14:59,2026
PASAR MINGGU,Manipulasi data autentik secara elektronik (ITE),12:00-14:59,2026
PASAR MINGGU,Manipulasi data autentik secara elektronik (ITE),12:00-14:59,2026
PASAR MINGGU,Manipulasi data autentik secara elektronik (ITE),12:00-14:59,2026
PASAR MINGGU,Manipulasi data autentik secara elektronik (ITE),12:00-14:59,2026
PASAR MINGGU,Manipulasi data autentik secara elektronik (ITE),12:00-14:59,2026
PASAR MINGGU,Memasuki Pekarangan Tanpa Ijin,12:00-14:59,2026
PASAR MINGGU,Narkotika ( Narkoba ),12:00-14:59,2026
PASAR MINGGU,Narkotika ( Narkoba ),12:00-14:59,2026
PASAR MINGGU,Narkotika ( Narkoba ),12:00-14:59,2026
PASAR MINGGU,Narkotika ( Narkoba ),12:00-14:59,2026
PASAR MINGGU,Pemerasan,12:00-14:59,2026
PASAR MINGGU,Pencemaran Nama Baik,12:00-14:59,2026
PASAR MINGGU,Pencemaran Nama Baik,12:00-14:59,2026
PASAR MINGGU,Pencemaran Nama Baik,12:00-14:59,2026
PASAR MINGGU,Pencemaran Nama Baik,12:00-14:59,2026
PASAR MINGGU,Pencurian Biasa,12:00-14:59,2026
PASAR MINGGU,Pencurian Biasa,12:00-14:59,2026
PASAR MINGGU,Pencurian Biasa,12:00-14:59,2026
PASAR MINGGU,Pencurian Biasa,12:00-14:59,2026
PASAR MINGGU,Pencurian Biasa,12:00-14:59,2026
PASAR MINGGU,Pencurian Ringan,12:00-14:59,2026
PASAR MINGGU,Penganiayaan,12:00-14:59,2026
PASAR MINGGU,Penganiayaan,12:00-14:59,2026
PASAR MINGGU,Pengeroyokan,12:00-14:59,2026
PASAR MINGGU,Pengeroyokan,12:00-14:59,2026
PASAR MINGGU,Pengerusakan,12:00-14:59,2026
PASAR MINGGU,Penggelapan,12:00-14:59,2026
PASAR MINGGU,Penggelapan,12:00-14:59,2026
PASAR MINGGU,Penggelapan,12:00-14:59,2026
PASAR MINGGU,Penggelapan,12:00-14:59,2026
PASAR MINGGU,Penggelapan,12:00-14:59,2026
PASAR MINGGU,Penggelapan,12:00-14:59,2026
PASAR MINGGU,Penggelapan,12:00-14:59,2026
PASAR MINGGU,Penggelapan,12:00-14:59,2026
PASAR MINGGU,Penggelapan,12:00-14:59,2026
PASAR MINGGU,Penggelapan,12:00-14:59,2026
PASAR MINGGU,Penggelapan,12:00-14:59,2026
PASAR MINGGU,Penggelapan,12:00-14:59,2026
PASAR MINGGU,Penipuan / Perbuatan Curang,12:00-14:59,2026
PASAR MINGGU,Penipuan / Perbuatan Curang,12:00-14:59,2026
PASAR MINGGU,Penipuan / Perbuatan Curang,12:00-14:59,2026
PASAR MINGGU,Penipuan / Perbuatan Curang,12:00-14:59,2026
PASAR MINGGU,Penipuan / Perbuatan Curang,12:00-14:59,2026
PASAR MINGGU,Penipuan / Perbuatan Curang,12:00-14:59,2026
PASAR MINGGU,Penipuan / Perbuatan Curang,12:00-14:59,2026
PASAR MINGGU,Penipuan / Perbuatan Curang,12:00-14:59,2026
PASAR MINGGU,Penipuan / Perbuatan Curang,12:00-14:59,2026
PASAR MINGGU,Penipuan / Perbuatan Curang,12:00-14:59,2026
PASAR MINGGU,Penipuan / Perbuatan Curang,12:00-14:59,2026
PASAR MINGGU,Penipuan / Perbuatan Curang,12:00-14:59,2026
PASAR MINGGU,Penipuan / Perbuatan Curang,12:00-14:59,2026
PASAR MINGGU,Penipuan / Perbuatan Curang,12:00-14:59,2026
PASAR MINGGU,Penipuan / Perbuatan Curang,12:00-14:59,2026
PASAR MINGGU,Penipuan / Perbuatan Curang,12:00-14:59,2026
PASAR MINGGU,Penipuan / Perbuatan Curang,12:00-14:59,2026
PASAR MINGGU,Penistaan Agama,12:00-14:59,2026
PASAR MINGGU,Persetubuhan Terhadap Anak / Cabul Terhadap Anak,12:00-14:59,2026
PASAR MINGGU,Perzinahan,12:00-14:59,2026
PASAR MINGGU,Sumpah Palsu Dan Keterangan Palsu,12:00-14:59,2026
PASAR MINGGU,Tindak Pidana Dalam Perlindungan Anak,12:00-14:59,2026
PASAR MINGGU,Kejahatan Tentang Pornografi,15:00-17:59,2026
PASAR MINGGU,Kejahatan Terkait Perlindungan Data Pribadi,15:00-17:59,2026
PASAR MINGGU,Kekerasan Dalam Rumah Tangga,15:00-17:59,2026
PASAR MINGGU,Kekerasan Dalam Rumah Tangga,15:00-17:59,2026
PASAR MINGGU,Kekerasan Dalam Rumah Tangga,15:00-17:59,2026
PASAR MINGGU,Kekerasan Dalam Rumah Tangga,15:00-17:59,2026
PASAR MINGGU,Kekerasan Seksual (KDRT),15:00-17:59,2026
PASAR MINGGU,Manipulasi data autentik secara elektronik (ITE),15:00-17:59,2026
PASAR MINGGU,Manipulasi data autentik secara elektronik (ITE),15:00-17:59,2026
PASAR MINGGU,Manipulasi data autentik secara elektronik (ITE),15:00-17:59,2026
PASAR MINGGU,Manipulasi data autentik secara elektronik (ITE),15:00-17:59,2026
PASAR MINGGU,Manipulasi data autentik secara elektronik (ITE),15:00-17:59,2026
PASAR MINGGU,Manipulasi data autentik secara elektronik (ITE),15:00-17:59,2026
PASAR MINGGU,Manipulasi data autentik secara elektronik (ITE),15:00-17:59,2026
PASAR MINGGU,Manipulasi data autentik secara elektronik (ITE),15:00-17:59,2026
PASAR MINGGU,Manipulasi data autentik secara elektronik (ITE),15:00-17:59,2026
PASAR MINGGU,Narkotika ( Narkoba ),15:00-17:59,2026
PASAR MINGGU,Narkotika ( Narkoba ),15:00-17:59,2026
PASAR MINGGU,Narkotika ( Narkoba ),15:00-17:59,2026
PASAR MINGGU,Pemalsuan Surat Otentik,15:00-17:59,2026
PASAR MINGGU,Pemalsuan Surat Otentik,15:00-17:59,2026
PASAR MINGGU,Penadahan,15:00-17:59,2026
PASAR MINGGU,Pencemaran Nama Baik,15:00-17:59,2026
PASAR MINGGU,Pencemaran Nama Baik,15:00-17:59,2026
PASAR MINGGU,Pencemaran Nama Baik,15:00-17:59,2026
PASAR MINGGU,Pencemaran Nama Baik,15:00-17:59,2026
PASAR MINGGU,Pencemaran Nama Baik,15:00-17:59,2026
PASAR MINGGU,Pencurian Biasa,15:00-17:59,2026
PASAR MINGGU,Pencurian Biasa,15:00-17:59,2026
PASAR MINGGU,Pencurian Biasa,15:00-17:59,2026
PASAR MINGGU,Pencurian Dengan Pemberatan ( Curat ),15:00-17:59,2026
PASAR MINGGU,Pengancaman,15:00-17:59,2026
PASAR MINGGU,Penganiayaan,15:00-17:59,2026
PASAR MINGGU,Penganiayaan,15:00-17:59,2026
PASAR MINGGU,Penganiayaan,15:00-17:59,2026
PASAR MINGGU,Penganiayaan,15:00-17:59,2026
PASAR MINGGU,Penggelapan,15:00-17:59,2026
PASAR MINGGU,Penggelapan,15:00-17:59,2026
PASAR MINGGU,Penggelapan,15:00-17:59,2026
PASAR MINGGU,Penghinaan,15:00-17:59,2026
PASAR MINGGU,Penipuan / Perbuatan Curang,15:00-17:59,2026
PASAR MINGGU,Penipuan / Perbuatan Curang,15:00-17:59,2026
PASAR MINGGU,Penipuan / Perbuatan Curang,15:00-17:59,2026
PASAR MINGGU,Penipuan / Perbuatan Curang,15:00-17:59,2026
PASAR MINGGU,Penipuan / Perbuatan Curang,15:00-17:59,2026
PASAR MINGGU,Penipuan / Perbuatan Curang,15:00-17:59,2026
PASAR MINGGU,Penipuan / Perbuatan Curang,15:00-17:59,2026
PASAR MINGGU,Penipuan / Perbuatan Curang,15:00-17:59,2026
PASAR MINGGU,Penipuan / Perbuatan Curang,15:00-17:59,2026
PASAR MINGGU,Penipuan / Perbuatan Curang,15:00-17:59,2026
PASAR MINGGU,Penipuan / Perbuatan Curang,15:00-17:59,2026
PASAR MINGGU,Penipuan / Perbuatan Curang,15:00-17:59,2026
PASAR MINGGU,Penipuan / Perbuatan Curang,15:00-17:59,2026
PASAR MINGGU,Percobaan Pencurian,15:00-17:59,2026
PASAR MINGGU,Persetubuhan Terhadap Anak / Cabul Terhadap Anak,15:00-17:59,2026
PASAR MINGGU,Perzinahan,15:00-17:59,2026
PASAR MINGGU,Perzinahan,15:00-17:59,2026
PASAR MINGGU,Sengaja Menimbulkan Kebakaran/banjir (pembakaran),15:00-17:59,2026
PASAR MINGGU,Kejahatan Tentang Pornografi,18:00-21:59,2026
PASAR MINGGU,Kejahatan Terkait Perlindungan Data Pribadi,18:00-21:59,2026
PASAR MINGGU,Kejahatan terkait Tenaga Kesehatan,18:00-21:59,2026
PASAR MINGGU,Kejahatan terkait Tenaga Kesehatan,18:00-21:59,2026
PASAR MINGGU,Kekerasan Dalam Rumah Tangga,18:00-21:59,2026
PASAR MINGGU,Kekerasan Dalam Rumah Tangga,18:00-21:59,2026
PASAR MINGGU,Kekerasan Seksual (KDRT),18:00-21:59,2026
PASAR MINGGU,Manipulasi data autentik secara elektronik (ITE),18:00-21:59,2026
PASAR MINGGU,Manipulasi data autentik secara elektronik (ITE),18:00-21:59,2026
PASAR MINGGU,Manipulasi data autentik secara elektronik (ITE),18:00-21:59,2026
PASAR MINGGU,Manipulasi data autentik secara elektronik (ITE),18:00-21:59,2026
PASAR MINGGU,Manipulasi data autentik secara elektronik (ITE),18:00-21:59,2026
PASAR MINGGU,Manipulasi data autentik secara elektronik (ITE),18:00-21:59,2026
PASAR MINGGU,Manipulasi data autentik secara elektronik (ITE),18:00-21:59,2026
PASAR MINGGU,Manipulasi data autentik secara elektronik (ITE),18:00-21:59,2026
PASAR MINGGU,Manipulasi data autentik secara elektronik (ITE),18:00-21:59,2026
PASAR MINGGU,Manipulasi data autentik secara elektronik (ITE),18:00-21:59,2026
PASAR MINGGU,Manipulasi data autentik secara elektronik (ITE),18:00-21:59,2026
PASAR MINGGU,Melawan Putusan Pengadilan,18:00-21:59,2026
PASAR MINGGU,Narkotika ( Narkoba ),18:00-21:59,2026
PASAR MINGGU,Narkotika ( Narkoba ),18:00-21:59,2026
PASAR MINGGU,Narkotika ( Narkoba ),18:00-21:59,2026
PASAR MINGGU,Narkotika ( Narkoba ),18:00-21:59,2026
PASAR MINGGU,Narkotika ( Narkoba ),18:00-21:59,2026
PASAR MINGGU,Narkotika ( Narkoba ),18:00-21:59,2026
PASAR MINGGU,Pemalsuan Surat Otentik,18:00-21:59,2026
PASAR MINGGU,Pemerasan Dan Pengancaman,18:00-21:59,2026
PASAR MINGGU,Pencurian Biasa,18:00-21:59,2026
PASAR MINGGU,Pencurian Biasa,18:00-21:59,2026
PASAR MINGGU,Pencurian Biasa,18:00-21:59,2026
PASAR MINGGU,Pencurian Dengan Pemberatan ( Curat ),18:00-21:59,2026
PASAR MINGGU,Pencurian Dengan Pemberatan ( Curat ),18:00-21:59,2026
PASAR MINGGU,Pencurian Ringan,18:00-21:59,2026
PASAR MINGGU,Pengancaman,18:00-21:59,2026
PASAR MINGGU,Pengancaman,18:00-21:59,2026
PASAR MINGGU,Penganiayaan,18:00-21:59,2026
PASAR MINGGU,Penggelapan,18:00-21:59,2026
PASAR MINGGU,Penggelapan,18:00-21:59,2026
PASAR MINGGU,Penggelapan,18:00-21:59,2026
PASAR MINGGU,Penggelapan,18:00-21:59,2026
PASAR MINGGU,Penggelapan,18:00-21:59,2026
PASAR MINGGU,Penipuan / Perbuatan Curang,18:00-21:59,2026
PASAR MINGGU,Penipuan / Perbuatan Curang,18:00-21:59,2026
PASAR MINGGU,Penipuan / Perbuatan Curang,18:00-21:59,2026
PASAR MINGGU,Penipuan / Perbuatan Curang,18:00-21:59,2026
PASAR MINGGU,Penipuan / Perbuatan Curang,18:00-21:59,2026
PASAR MINGGU,Penipuan / Perbuatan Curang,18:00-21:59,2026
PASAR MINGGU,Perbuatan Yang Tidak Menyenangkan,18:00-21:59,2026
PASAR MINGGU,Terhadap ketertiban umum,18:00-21:59,2026
PASAR MINGGU,Tindak Pidana Dalam Perlindungan Anak,18:00-21:59,2026
PASAR MINGGU,Kekerasan Dalam Rumah Tangga,22:00-23:59,2026
PASAR MINGGU,Manipulasi data autentik secara elektronik (ITE),22:00-23:59,2026
PASAR MINGGU,Narkotika ( Narkoba ),22:00-23:59,2026
PASAR MINGGU,Narkotika ( Narkoba ),22:00-23:59,2026
PASAR MINGGU,Narkotika ( Narkoba ),22:00-23:59,2026
PASAR MINGGU,Narkotika ( Narkoba ),22:00-23:59,2026
PASAR MINGGU,Narkotika ( Narkoba ),22:00-23:59,2026
PASAR MINGGU,Pemalsuan Surat Otentik,22:00-23:59,2026
PASAR MINGGU,Pemerasan,22:00-23:59,2026
PASAR MINGGU,Pencemaran Nama Baik,22:00-23:59,2026
PASAR MINGGU,Pencurian Biasa,22:00-23:59,2026
PASAR MINGGU,Pencurian Biasa,22:00-23:59,2026
PASAR MINGGU,Penganiayaan,22:00-23:59,2026
PASAR MINGGU,Penganiayaan,22:00-23:59,2026
PASAR MINGGU,Pengeroyokan,22:00-23:59,2026
PASAR MINGGU,Penggelapan,22:00-23:59,2026
PASAR MINGGU,Penggelapan,22:00-23:59,2026
PASAR MINGGU,Kejahatan terkait Tenaga Kesehatan,00:00-04:59,2026
PASAR MINGGU,Kekerasan Dalam Rumah Tangga,00:00-04:59,2026
PASAR MINGGU,Manipulasi data autentik secara elektronik (ITE),00:00-04:59,2026
PASAR MINGGU,Manipulasi data autentik secara elektronik (ITE),00:00-04:59,2026
PASAR MINGGU,Manipulasi data autentik secara elektronik (ITE),00:00-04:59,2026
PASAR MINGGU,Narkotika ( Narkoba ),00:00-04:59,2026
PASAR MINGGU,Narkotika ( Narkoba ),00:00-04:59,2026
PASAR MINGGU,Narkotika ( Narkoba ),00:00-04:59,2026
PASAR MINGGU,Narkotika ( Narkoba ),00:00-04:59,2026
PASAR MINGGU,Narkotika ( Narkoba ),00:00-04:59,2026
PASAR MINGGU,Narkotika ( Narkoba ),00:00-04:59,2026
PASAR MINGGU,Narkotika ( Narkoba ),00:00-04:59,2026
PASAR MINGGU,Pencemaran Nama Baik,00:00-04:59,2026
PASAR MINGGU,Pencurian Biasa,00:00-04:59,2026
PASAR MINGGU,Pencurian Biasa,00:00-04:59,2026
PASAR MINGGU,Pencurian Biasa,00:00-04:59,2026
PASAR MINGGU,Pencurian Biasa,00:00-04:59,2026
PASAR MINGGU,Pencurian Dengan Pemberatan ( Curat ),00:00-04:59,2026
PASAR MINGGU,Pencurian Dengan Pemberatan ( Curat ),00:00-04:59,2026
PASAR MINGGU,Pencurian Dengan Pemberatan ( Curat ),00:00-04:59,2026
PASAR MINGGU,Pencurian Dengan Pemberatan ( Curat ),00:00-04:59,2026
PASAR MINGGU,Penganiayaan,00:00-04:59,2026
PASAR MINGGU,Penganiayaan,00:00-04:59,2026
PASAR MINGGU,Penganiayaan,00:00-04:59,2026
PASAR MINGGU,Penganiayaan Berat ( Anirat ),00:00-04:59,2026
PASAR MINGGU,Pengeroyokan,00:00-04:59,2026
PASAR MINGGU,Pengeroyokan,00:00-04:59,2026
PASAR MINGGU,Pengeroyokan,00:00-04:59,2026
PASAR MINGGU,Pengeroyokan,00:00-04:59,2026
PASAR MINGGU,Penipuan / Perbuatan Curang,00:00-04:59,2026
PASAR MINGGU,Penipuan / Perbuatan Curang,00:00-04:59,2026
PASAR MINGGU,Perkosaan,00:00-04:59,2026
PASAR MINGGU,Terhadap ketertiban umum,00:00-04:59,2026
GAMBIR,Kekerasan Dalam Rumah Tangga,05:00-07:59,2026
GAMBIR,Kekerasan Dalam Rumah Tangga,05:00-07:59,2026
GAMBIR,Kekerasan Dalam Rumah Tangga,05:00-07:59,2026
GAMBIR,Kekerasan Dalam Rumah Tangga,05:00-07:59,2026
GAMBIR,Pencurian Biasa,05:00-07:59,2026
GAMBIR,Pencurian Biasa,05:00-07:59,2026
GAMBIR,Pencurian Biasa,05:00-07:59,2026
GAMBIR,Pencurian Biasa,05:00-07:59,2026
GAMBIR,Pencurian Biasa,05:00-07:59,2026
GAMBIR,Pencurian Dengan Pemberatan ( Curat ),05:00-07:59,2026
GAMBIR,Pencurian Dengan Pemberatan ( Curat ),05:00-07:59,2026
GAMBIR,Penipuan / Perbuatan Curang,05:00-07:59,2026
GAMBIR,Penipuan / Perbuatan Curang,05:00-07:59,2026
GAMBIR,Perbuatan Yang Tidak Menyenangkan,05:00-07:59,2026
GAMBIR,Kejahatan Terkait Perlindungan Data Pribadi,08:00-11:59,2026
GAMBIR,Kekerasan Dalam Rumah Tangga,08:00-11:59,2026
GAMBIR,Manipulasi data autentik secara elektronik (ITE),08:00-11:59,2026
GAMBIR,Manipulasi data autentik secara elektronik (ITE),08:00-11:59,2026
GAMBIR,Manipulasi data autentik secara elektronik (ITE),08:00-11:59,2026
GAMBIR,Manipulasi data autentik secara elektronik (ITE),08:00-11:59,2026
GAMBIR,Manipulasi data autentik secara elektronik (ITE),08:00-11:59,2026
GAMBIR,Manipulasi data autentik secara elektronik (ITE),08:00-11:59,2026
GAMBIR,Manipulasi data autentik secara elektronik (ITE),08:00-11:59,2026
GAMBIR,Manipulasi data autentik secara elektronik (ITE),08:00-11:59,2026
GAMBIR,Memasuki Pekarangan Tanpa Ijin,08:00-11:59,2026
GAMBIR,Pemerasan,08:00-11:59,2026
GAMBIR,Pencemaran Nama Baik,08:00-11:59,2026
GAMBIR,Pencemaran Nama Baik,08:00-11:59,2026
GAMBIR,Pencemaran Nama Baik,08:00-11:59,2026
GAMBIR,Pencemaran Nama Baik,08:00-11:59,2026
GAMBIR,Pencemaran Nama Baik,08:00-11:59,2026
GAMBIR,Pencemaran Nama Baik,08:00-11:59,2026
GAMBIR,Pencurian Biasa,08:00-11:59,2026
GAMBIR,Pencurian Biasa,08:00-11:59,2026
GAMBIR,Pencurian Biasa,08:00-11:59,2026
GAMBIR,Pencurian Biasa,08:00-11:59,2026
GAMBIR,Pencurian Biasa,08:00-11:59,2026
GAMBIR,Pencurian Biasa,08:00-11:59,2026
GAMBIR,Pencurian Biasa,08:00-11:59,2026
GAMBIR,Pencurian Biasa,08:00-11:59,2026
GAMBIR,Pencurian Biasa,08:00-11:59,2026
GAMBIR,Pencurian Dengan Pemberatan ( Curat ),08:00-11:59,2026
GAMBIR,Pencurian Ringan,08:00-11:59,2026
GAMBIR,Pengancaman,08:00-11:59,2026
GAMBIR,Pengancaman,08:00-11:59,2026
GAMBIR,Penganiayaan,08:00-11:59,2026
GAMBIR,Penganiayaan,08:00-11:59,2026
GAMBIR,Penganiayaan Berat ( Anirat ),08:00-11:59,2026
GAMBIR,Pengerusakan,08:00-11:59,2026
GAMBIR,Penggelapan,08:00-11:59,2026
GAMBIR,Penggelapan,08:00-11:59,2026
GAMBIR,Penggelapan,08:00-11:59,2026
GAMBIR,Penggelapan,08:00-11:59,2026
GAMBIR,Penggelapan,08:00-11:59,2026
GAMBIR,Penggelapan,08:00-11:59,2026
GAMBIR,Penggelapan,08:00-11:59,2026
GAMBIR,Penggelapan,08:00-11:59,2026
GAMBIR,Penggelapan,08:00-11:59,2026
GAMBIR,Penggelapan,08:00-11:59,2026
GAMBIR,Penipuan / Perbuatan Curang,08:00-11:59,2026
GAMBIR,Penipuan / Perbuatan Curang,08:00-11:59,2026
GAMBIR,Penipuan / Perbuatan Curang,08:00-11:59,2026
GAMBIR,Penipuan / Perbuatan Curang,08:00-11:59,2026
GAMBIR,Penipuan / Perbuatan Curang,08:00-11:59,2026
GAMBIR,Penipuan / Perbuatan Curang,08:00-11:59,2026
GAMBIR,Penipuan / Perbuatan Curang,08:00-11:59,2026
GAMBIR,Penipuan / Perbuatan Curang,08:00-11:59,2026
GAMBIR,Penipuan / Perbuatan Curang,08:00-11:59,2026
GAMBIR,Penipuan / Perbuatan Curang,08:00-11:59,2026
GAMBIR,Penipuan / Perbuatan Curang,08:00-11:59,2026
GAMBIR,Penipuan / Perbuatan Curang,08:00-11:59,2026
GAMBIR,Penipuan / Perbuatan Curang,08:00-11:59,2026
GAMBIR,Penipuan / Perbuatan Curang,08:00-11:59,2026
GAMBIR,Penipuan / Perbuatan Curang,08:00-11:59,2026
GAMBIR,Penipuan / Perbuatan Curang,08:00-11:59,2026
GAMBIR,Penipuan / Perbuatan Curang,08:00-11:59,2026
GAMBIR,Penipuan / Perbuatan Curang,08:00-11:59,2026
GAMBIR,Penyerobotan Tanah,08:00-11:59,2026
GAMBIR,Perbuatan Yang Tidak Menyenangkan,08:00-11:59,2026
GAMBIR,Perzinahan,08:00-11:59,2026
GAMBIR,Tindak Pidana Dalam Perlindungan Anak,08:00-11:59,2026
GAMBIR,Tindak Pidana Transfer Dana,08:00-11:59,2026
GAMBIR,Tindak Pidana Transfer Dana,08:00-11:59,2026
GAMBIR,Kejahatan Tentang Jaminan Fidusia,12:00-14:59,2026
GAMBIR,Kejahatan Tentang Jaminan Fidusia,12:00-14:59,2026
GAMBIR,Kejahatan Tentang Jaminan Fidusia,12:00-14:59,2026
GAMBIR,Kejahatan Tentang Pornografi,12:00-14:59,2026
GAMBIR,Kejahatan Tentang Tenaga Kerja,12:00-14:59,2026
GAMBIR,Kekerasan Dalam Rumah Tangga,12:00-14:59,2026
GAMBIR,Kekerasan Dalam Rumah Tangga,12:00-14:59,2026
GAMBIR,Kekerasan Seksual (KDRT),12:00-14:59,2026
GAMBIR,Manipulasi data autentik secara elektronik (ITE),12:00-14:59,2026
GAMBIR,Manipulasi data autentik secara elektronik (ITE),12:00-14:59,2026
GAMBIR,Manipulasi data autentik secara elektronik (ITE),12:00-14:59,2026
GAMBIR,Mengakibatkan Orang Mati,12:00-14:59,2026
GAMBIR,Narkotika ( Narkoba ),12:00-14:59,2026
GAMBIR,Pemalsuan Surat Otentik,12:00-14:59,2026
GAMBIR,Pencemaran Nama Baik,12:00-14:59,2026
GAMBIR,Pencemaran Nama Baik,12:00-14:59,2026
GAMBIR,Pencemaran Nama Baik,12:00-14:59,2026
GAMBIR,Pencurian Biasa,12:00-14:59,2026
GAMBIR,Pencurian Biasa,12:00-14:59,2026
GAMBIR,Pencurian Biasa,12:00-14:59,2026
GAMBIR,Pencurian Biasa,12:00-14:59,2026
GAMBIR,Pencurian Biasa,12:00-14:59,2026
GAMBIR,Pencurian Biasa,12:00-14:59,2026
GAMBIR,Pencurian Biasa,12:00-14:59,2026
GAMBIR,Pencurian Biasa,12:00-14:59,2026
GAMBIR,Pencurian Biasa,12:00-14:59,2026
GAMBIR,Pencurian Biasa,12:00-14:59,2026
GAMBIR,Pencurian Biasa,12:00-14:59,2026
GAMBIR,Pencurian Dengan Pemberatan ( Curat ),12:00-14:59,2026
GAMBIR,Pencurian Dengan Pemberatan ( Curat ),12:00-14:59,2026
GAMBIR,Pencurian Dengan Pemberatan ( Curat ),12:00-14:59,2026
GAMBIR,Pencurian Dengan Pemberatan ( Curat ),12:00-14:59,2026
GAMBIR,Pengancaman,12:00-14:59,2026
GAMBIR,Penganiayaan,12:00-14:59,2026
GAMBIR,Penganiayaan,12:00-14:59,2026
GAMBIR,Penggelapan,12:00-14:59,2026
GAMBIR,Penggelapan,12:00-14:59,2026
GAMBIR,Penggelapan,12:00-14:59,2026
GAMBIR,Penggelapan,12:00-14:59,2026
GAMBIR,Penggelapan,12:00-14:59,2026
GAMBIR,Penggelapan,12:00-14:59,2026
GAMBIR,Penggelapan,12:00-14:59,2026
GAMBIR,Penggelapan,12:00-14:59,2026
GAMBIR,Penggelapan,12:00-14:59,2026
GAMBIR,Penggelapan,12:00-14:59,2026
GAMBIR,Penggelapan,12:00-14:59,2026
GAMBIR,Penggelapan,12:00-14:59,2026
GAMBIR,Penghinaan,12:00-14:59,2026
GAMBIR,Penipuan / Perbuatan Curang,12:00-14:59,2026
GAMBIR,Penipuan / Perbuatan Curang,12:00-14:59,2026
GAMBIR,Penipuan / Perbuatan Curang,12:00-14:59,2026
GAMBIR,Penipuan / Perbuatan Curang,12:00-14:59,2026
GAMBIR,Penipuan / Perbuatan Curang,12:00-14:59,2026
GAMBIR,Penipuan / Perbuatan Curang,12:00-14:59,2026
GAMBIR,Penipuan / Perbuatan Curang,12:00-14:59,2026
GAMBIR,Penipuan / Perbuatan Curang,12:00-14:59,2026
GAMBIR,Penipuan / Perbuatan Curang,12:00-14:59,2026
GAMBIR,Penipuan / Perbuatan Curang,12:00-14:59,2026
GAMBIR,Penyerobotan Tanah,12:00-14:59,2026
GAMBIR,Perbankan,12:00-14:59,2026
GAMBIR,Perzinahan,12:00-14:59,2026
GAMBIR,Sumpah Palsu Dan Keterangan Palsu,12:00-14:59,2026
GAMBIR,Terhadap ketertiban umum,12:00-14:59,2026
GAMBIR,Terhadap ketertiban umum,12:00-14:59,2026
GAMBIR,Terhadap ketertiban umum,12:00-14:59,2026
GAMBIR,Cabul,15:00-17:59,2026
GAMBIR,Kejahatan Terkait Perlindungan Data Pribadi,15:00-17:59,2026
GAMBIR,Kekerasan Dalam Rumah Tangga,15:00-17:59,2026
GAMBIR,Kekerasan Dalam Rumah Tangga,15:00-17:59,2026
GAMBIR,Kekerasan Seksual (KDRT),15:00-17:59,2026
GAMBIR,"Konflik Suku, Agama, Ras, dan Antar Golongan (SARA)",15:00-17:59,2026
GAMBIR,Manipulasi data autentik secara elektronik (ITE),15:00-17:59,2026
GAMBIR,Manipulasi data autentik secara elektronik (ITE),15:00-17:59,2026
GAMBIR,Manipulasi data autentik secara elektronik (ITE),15:00-17:59,2026
GAMBIR,Manipulasi data autentik secara elektronik (ITE),15:00-17:59,2026
GAMBIR,Manipulasi data autentik secara elektronik (ITE),15:00-17:59,2026
GAMBIR,Narkotika ( Narkoba ),15:00-17:59,2026
GAMBIR,Narkotika ( Narkoba ),15:00-17:59,2026
GAMBIR,Narkotika ( Narkoba ),15:00-17:59,2026
GAMBIR,Pemalsuan Surat Otentik,15:00-17:59,2026
GAMBIR,Pemalsuan Surat Otentik,15:00-17:59,2026
GAMBIR,Pencemaran Nama Baik,15:00-17:59,2026
GAMBIR,Pencemaran Nama Baik,15:00-17:59,2026
GAMBIR,Pencemaran Nama Baik,15:00-17:59,2026
GAMBIR,Pencurian Biasa,15:00-17:59,2026
GAMBIR,Pencurian Biasa,15:00-17:59,2026
GAMBIR,Pencurian Biasa,15:00-17:59,2026
GAMBIR,Pencurian Biasa,15:00-17:59,2026
GAMBIR,Pencurian Biasa,15:00-17:59,2026
GAMBIR,Pencurian Biasa,15:00-17:59,2026
GAMBIR,Pencurian Dengan Pemberatan ( Curat ),15:00-17:59,2026
GAMBIR,Pencurian Dengan Pemberatan ( Curat ),15:00-17:59,2026
GAMBIR,Penganiayaan,15:00-17:59,2026
GAMBIR,Penganiayaan,15:00-17:59,2026
GAMBIR,Pengeroyokan,15:00-17:59,2026
GAMBIR,Pengeroyokan,15:00-17:59,2026
GAMBIR,Penggelapan,15:00-17:59,2026
GAMBIR,Penggelapan,15:00-17:59,2026
GAMBIR,Penggelapan,15:00-17:59,2026
GAMBIR,Penggelapan,15:00-17:59,2026
GAMBIR,Penggelapan,15:00-17:59,2026
GAMBIR,Penipuan / Perbuatan Curang,15:00-17:59,2026
GAMBIR,Penipuan / Perbuatan Curang,15:00-17:59,2026
GAMBIR,Penipuan / Perbuatan Curang,15:00-17:59,2026
GAMBIR,Penipuan / Perbuatan Curang,15:00-17:59,2026
GAMBIR,Penipuan / Perbuatan Curang,15:00-17:59,2026
GAMBIR,Penipuan / Perbuatan Curang,15:00-17:59,2026
GAMBIR,Penipuan / Perbuatan Curang,15:00-17:59,2026
GAMBIR,Penipuan / Perbuatan Curang,15:00-17:59,2026
GAMBIR,Penyerobotan Tanah,15:00-17:59,2026
GAMBIR,Perbuatan Yang Tidak Menyenangkan,15:00-17:59,2026
GAMBIR,Sumpah Palsu Dan Keterangan Palsu,15:00-17:59,2026
GAMBIR,Terhadap ketertiban umum,15:00-17:59,2026
GAMBIR,Cabul,18:00-21:59,2026
GAMBIR,Kekerasan Dalam Rumah Tangga,18:00-21:59,2026
GAMBIR,Kekerasan Dalam Rumah Tangga,18:00-21:59,2026
GAMBIR,Kekerasan Dalam Rumah Tangga,18:00-21:59,2026
GAMBIR,Kekerasan Seksual (KDRT),18:00-21:59,2026
GAMBIR,Manipulasi data autentik secara elektronik (ITE),18:00-21:59,2026
GAMBIR,Manipulasi data autentik secara elektronik (ITE),18:00-21:59,2026
GAMBIR,Manipulasi data autentik secara elektronik (ITE),18:00-21:59,2026
GAMBIR,Manipulasi data autentik secara elektronik (ITE),18:00-21:59,2026
GAMBIR,Manipulasi data autentik secara elektronik (ITE),18:00-21:59,2026
GAMBIR,Manipulasi data autentik secara elektronik (ITE),18:00-21:59,2026
GAMBIR,Manipulasi data autentik secara elektronik (ITE),18:00-21:59,2026
GAMBIR,Narkotika ( Narkoba ),18:00-21:59,2026
GAMBIR,Narkotika ( Narkoba ),18:00-21:59,2026
GAMBIR,Narkotika ( Narkoba ),18:00-21:59,2026
GAMBIR,Pemalsuan Surat Otentik,18:00-21:59,2026
GAMBIR,Pemerasan Dan Pengancaman,18:00-21:59,2026
GAMBIR,Pencemaran Nama Baik,18:00-21:59,2026
GAMBIR,Pencurian Biasa,18:00-21:59,2026
GAMBIR,Pencurian Biasa,18:00-21:59,2026
GAMBIR,Pencurian Biasa,18:00-21:59,2026
GAMBIR,Pencurian Biasa,18:00-21:59,2026
GAMBIR,Pencurian Biasa,18:00-21:59,2026
GAMBIR,Pencurian Biasa,18:00-21:59,2026
GAMBIR,Pencurian Biasa,18:00-21:59,2026
GAMBIR,Pencurian Biasa,18:00-21:59,2026
GAMBIR,Pencurian Biasa,18:00-21:59,2026
GAMBIR,Pencurian Biasa,18:00-21:59,2026
GAMBIR,Pencurian Biasa,18:00-21:59,2026
GAMBIR,Pencurian Dengan Kekerasan ( Curas ),18:00-21:59,2026
GAMBIR,Pencurian Dengan Pemberatan ( Curat ),18:00-21:59,2026
GAMBIR,Pencurian Dengan Pemberatan ( Curat ),18:00-21:59,2026
GAMBIR,Pencurian Dengan Pemberatan ( Curat ),18:00-21:59,2026
GAMBIR,Pencurian Dengan Pemberatan ( Curat ),18:00-21:59,2026
GAMBIR,Pencurian Dengan Pemberatan ( Curat ),18:00-21:59,2026
GAMBIR,Pencurian Dengan Pemberatan ( Curat ),18:00-21:59,2026
GAMBIR,Pengancaman,18:00-21:59,2026
GAMBIR,Penganiayaan,18:00-21:59,2026
GAMBIR,Penganiayaan,18:00-21:59,2026
GAMBIR,Penganiayaan,18:00-21:59,2026
GAMBIR,Pengeroyokan,18:00-21:59,2026
GAMBIR,Pengeroyokan,18:00-21:59,2026
GAMBIR,Penggelapan,18:00-21:59,2026
GAMBIR,Penggelapan,18:00-21:59,2026
GAMBIR,Penggelapan,18:00-21:59,2026
GAMBIR,Penipuan / Perbuatan Curang,18:00-21:59,2026
GAMBIR,Penipuan / Perbuatan Curang,18:00-21:59,2026
GAMBIR,Penipuan / Perbuatan Curang,18:00-21:59,2026
GAMBIR,Penipuan / Perbuatan Curang,18:00-21:59,2026
GAMBIR,Penipuan / Perbuatan Curang,18:00-21:59,2026
GAMBIR,Perkosaan,18:00-21:59,2026
GAMBIR,Terhadap ketertiban umum,18:00-21:59,2026
GAMBIR,Kekerasan Dalam Rumah Tangga,22:00-23:59,2026
GAMBIR,Narkotika ( Narkoba ),22:00-23:59,2026
GAMBIR,Narkotika ( Narkoba ),22:00-23:59,2026
GAMBIR,Narkotika ( Narkoba ),22:00-23:59,2026
GAMBIR,Narkotika ( Narkoba ),22:00-23:59,2026
GAMBIR,Pemerasan Dan Pengancaman,22:00-23:59,2026
GAMBIR,Pencurian Biasa,22:00-23:59,2026
GAMBIR,Pencurian Dengan Pemberatan ( Curat ),22:00-23:59,2026
GAMBIR,Pencurian Dengan Pemberatan ( Curat ),22:00-23:59,2026
GAMBIR,Pencurian Dengan Pemberatan ( Curat ),22:00-23:59,2026
GAMBIR,Pencurian Dengan Pemberatan ( Curat ),22:00-23:59,2026
GAMBIR,Pencurian Dengan Pemberatan ( Curat ),22:00-23:59,2026
GAMBIR,Pencurian Dengan Pemberatan ( Curat ),22:00-23:59,2026
GAMBIR,Pengaduan Palsu,22:00-23:59,2026
GAMBIR,Penganiayaan,22:00-23:59,2026
GAMBIR,Penggelapan,22:00-23:59,2026
GAMBIR,Penipuan / Perbuatan Curang,22:00-23:59,2026
GAMBIR,Penipuan / Perbuatan Curang,22:00-23:59,2026
GAMBIR,Penipuan / Perbuatan Curang,22:00-23:59,2026
GAMBIR,Terhadap ketertiban umum,22:00-23:59,2026
GAMBIR,Tindak Pidana Dalam Perlindungan Anak,22:00-23:59,2026
GAMBIR,Narkotika ( Narkoba ),00:00-04:59,2026
GAMBIR,Pencurian Biasa,00:00-04:59,2026
GAMBIR,Pencurian Biasa,00:00-04:59,2026
GAMBIR,Pencurian Biasa,00:00-04:59,2026
GAMBIR,Pencurian Dengan Kekerasan ( Curas ),00:00-04:59,2026
GAMBIR,Pencurian Dengan Pemberatan ( Curat ),00:00-04:59,2026
GAMBIR,Pengancaman,00:00-04:59,2026
GAMBIR,Penganiayaan,00:00-04:59,2026
GAMBIR,Penganiayaan,00:00-04:59,2026
GAMBIR,Penganiayaan,00:00-04:59,2026
GAMBIR,Penggelapan,00:00-04:59,2026
GAMBIR,Tindak Pidana Dalam Perlindungan Anak,00:00-04:59,2026
KRAMAT JATI,Manipulasi data autentik secara elektronik (ITE),05:00-07:59,2026
KRAMAT JATI,Manipulasi data autentik secara elektronik (ITE),05:00-07:59,2026
KRAMAT JATI,Manipulasi data autentik secara elektronik (ITE),05:00-07:59,2026
KRAMAT JATI,Narkotika ( Narkoba ),05:00-07:59,2026
KRAMAT JATI,Pencurian Biasa,05:00-07:59,2026
KRAMAT JATI,Pencurian Biasa,05:00-07:59,2026
KRAMAT JATI,Pencurian Biasa,05:00-07:59,2026
KRAMAT JATI,Pencurian Biasa,05:00-07:59,2026
KRAMAT JATI,Pencurian Biasa,05:00-07:59,2026
KRAMAT JATI,Pencurian Biasa,05:00-07:59,2026
KRAMAT JATI,Pencurian Dengan Pemberatan ( Curat ),05:00-07:59,2026
KRAMAT JATI,Pencurian Dengan Pemberatan ( Curat ),05:00-07:59,2026
KRAMAT JATI,Penganiayaan,05:00-07:59,2026
KRAMAT JATI,Penganiayaan,05:00-07:59,2026
KRAMAT JATI,Penganiayaan,05:00-07:59,2026
KRAMAT JATI,Penganiayaan,05:00-07:59,2026
KRAMAT JATI,Penganiayaan,05:00-07:59,2026
KRAMAT JATI,Penganiayaan,05:00-07:59,2026
KRAMAT JATI,Kejahatan terkait Tenaga Kesehatan,08:00-11:59,2026
KRAMAT JATI,Manipulasi data autentik secara elektronik (ITE),08:00-11:59,2026
KRAMAT JATI,Manipulasi data autentik secara elektronik (ITE),08:00-11:59,2026
KRAMAT JATI,Manipulasi data autentik secara elektronik (ITE),08:00-11:59,2026
KRAMAT JATI,Manipulasi data autentik secara elektronik (ITE),08:00-11:59,2026
KRAMAT JATI,Manipulasi data autentik secara elektronik (ITE),08:00-11:59,2026
KRAMAT JATI,Manipulasi data autentik secara elektronik (ITE),08:00-11:59,2026
KRAMAT JATI,Manipulasi data autentik secara elektronik (ITE),08:00-11:59,2026
KRAMAT JATI,Manipulasi data autentik secara elektronik (ITE),08:00-11:59,2026
KRAMAT JATI,Menjual atau mengedarkan obat keras / bebas terbatas tanpa ijin,08:00-11:59,2026
KRAMAT JATI,Menjual atau mengedarkan obat keras / bebas terbatas tanpa ijin,08:00-11:59,2026
KRAMAT JATI,Narkotika ( Narkoba ),08:00-11:59,2026
KRAMAT JATI,Pencurian Biasa,08:00-11:59,2026
KRAMAT JATI,Pencurian Biasa,08:00-11:59,2026
KRAMAT JATI,Pencurian Biasa,08:00-11:59,2026
KRAMAT JATI,Pencurian Biasa,08:00-11:59,2026
KRAMAT JATI,Pencurian Biasa,08:00-11:59,2026
KRAMAT JATI,Pencurian Biasa,08:00-11:59,2026
KRAMAT JATI,Pencurian Dengan Pemberatan ( Curat ),08:00-11:59,2026
KRAMAT JATI,Pencurian Dengan Pemberatan ( Curat ),08:00-11:59,2026
KRAMAT JATI,Pencurian Dengan Pemberatan ( Curat ),08:00-11:59,2026
KRAMAT JATI,Penganiayaan,08:00-11:59,2026
KRAMAT JATI,Penganiayaan,08:00-11:59,2026
KRAMAT JATI,Penganiayaan,08:00-11:59,2026
KRAMAT JATI,Pengeroyokan,08:00-11:59,2026
KRAMAT JATI,Penggelapan,08:00-11:59,2026
KRAMAT JATI,Penggelapan,08:00-11:59,2026
KRAMAT JATI,Penggelapan,08:00-11:59,2026
KRAMAT JATI,Penggelapan,08:00-11:59,2026
KRAMAT JATI,Penggelapan,08:00-11:59,2026
KRAMAT JATI,Penggelapan,08:00-11:59,2026
KRAMAT JATI,Penipuan / Perbuatan Curang,08:00-11:59,2026
KRAMAT JATI,Penipuan / Perbuatan Curang,08:00-11:59,2026
KRAMAT JATI,Penipuan / Perbuatan Curang,08:00-11:59,2026
KRAMAT JATI,Perkosaan,08:00-11:59,2026
KRAMAT JATI,Tindak Pidana Dalam Perlindungan Anak,08:00-11:59,2026
KRAMAT JATI,Cabul,12:00-14:59,2026
KRAMAT JATI,Curanmor R-2,12:00-14:59,2026
KRAMAT JATI,Kejahatan Terkait Perlindungan Data Pribadi,12:00-14:59,2026
KRAMAT JATI,Kejahatan terkait Tenaga Kesehatan,12:00-14:59,2026
KRAMAT JATI,Kekerasan Dalam Rumah Tangga,12:00-14:59,2026
KRAMAT JATI,Kekerasan Dalam Rumah Tangga,12:00-14:59,2026
KRAMAT JATI,Manipulasi data autentik secara elektronik (ITE),12:00-14:59,2026
KRAMAT JATI,Manipulasi data autentik secara elektronik (ITE),12:00-14:59,2026
KRAMAT JATI,Manipulasi data autentik secara elektronik (ITE),12:00-14:59,2026
KRAMAT JATI,Manipulasi data autentik secara elektronik (ITE),12:00-14:59,2026
KRAMAT JATI,Manipulasi data autentik secara elektronik (ITE),12:00-14:59,2026
KRAMAT JATI,Manipulasi data autentik secara elektronik (ITE),12:00-14:59,2026
KRAMAT JATI,Manipulasi data autentik secara elektronik (ITE),12:00-14:59,2026
KRAMAT JATI,Manipulasi data autentik secara elektronik (ITE),12:00-14:59,2026
KRAMAT JATI,Manipulasi data autentik secara elektronik (ITE),12:00-14:59,2026
KRAMAT JATI,Manipulasi data autentik secara elektronik (ITE),12:00-14:59,2026
KRAMAT JATI,Manipulasi data autentik secara elektronik (ITE),12:00-14:59,2026
KRAMAT JATI,Manipulasi data autentik secara elektronik (ITE),12:00-14:59,2026
KRAMAT JATI,Manipulasi data autentik secara elektronik (ITE),12:00-14:59,2026
KRAMAT JATI,Narkotika ( Narkoba ),12:00-14:59,2026
KRAMAT JATI,Narkotika ( Narkoba ),12:00-14:59,2026
KRAMAT JATI,Narkotika ( Narkoba ),12:00-14:59,2026
KRAMAT JATI,Pencemaran Nama Baik,12:00-14:59,2026
KRAMAT JATI,Pencemaran Nama Baik,12:00-14:59,2026
KRAMAT JATI,Pencemaran Nama Baik,12:00-14:59,2026
KRAMAT JATI,Pencemaran Nama Baik,12:00-14:59,2026
KRAMAT JATI,Pencurian Biasa,12:00-14:59,2026
KRAMAT JATI,Pencurian Biasa,12:00-14:59,2026
KRAMAT JATI,Pencurian Biasa,12:00-14:59,2026
KRAMAT JATI,Pencurian Biasa,12:00-14:59,2026
KRAMAT JATI,Pencurian Biasa,12:00-14:59,2026
KRAMAT JATI,Pencurian Biasa,12:00-14:59,2026
KRAMAT JATI,Pencurian Biasa,12:00-14:59,2026
KRAMAT JATI,Pencurian Dengan Pemberatan ( Curat ),12:00-14:59,2026
KRAMAT JATI,Pengancaman,12:00-14:59,2026
KRAMAT JATI,Penganiayaan,12:00-14:59,2026
KRAMAT JATI,Penganiayaan,12:00-14:59,2026
KRAMAT JATI,Penganiayaan,12:00-14:59,2026
KRAMAT JATI,Penganiayaan,12:00-14:59,2026
KRAMAT JATI,Penganiayaan,12:00-14:59,2026
KRAMAT JATI,Penganiayaan,12:00-14:59,2026
KRAMAT JATI,Penganiayaan,12:00-14:59,2026
KRAMAT JATI,Penganiayaan,12:00-14:59,2026
KRAMAT JATI,Penganiayaan,12:00-14:59,2026
KRAMAT JATI,Penganiayaan,12:00-14:59,2026
KRAMAT JATI,Pengeroyokan,12:00-14:59,2026
KRAMAT JATI,Penipuan / Perbuatan Curang,12:00-14:59,2026
KRAMAT JATI,Penipuan / Perbuatan Curang,12:00-14:59,2026
KRAMAT JATI,Penipuan / Perbuatan Curang,12:00-14:59,2026
KRAMAT JATI,Penipuan / Perbuatan Curang,12:00-14:59,2026
KRAMAT JATI,Penipuan / Perbuatan Curang,12:00-14:59,2026
KRAMAT JATI,Penipuan / Perbuatan Curang,12:00-14:59,2026
KRAMAT JATI,Penipuan / Perbuatan Curang,12:00-14:59,2026
KRAMAT JATI,Perbuatan Yang Tidak Menyenangkan,12:00-14:59,2026
KRAMAT JATI,Kejahatan Terkait Perlindungan Data Pribadi,15:00-17:59,2026
KRAMAT JATI,Kejahatan Terkait Senjata Tajam ( Sajam ) ( Premanisme ),15:00-17:59,2026
KRAMAT JATI,Kejahatan terkait Tenaga Kesehatan,15:00-17:59,2026
KRAMAT JATI,Kekerasan Dalam Rumah Tangga,15:00-17:59,2026
KRAMAT JATI,Kekerasan Dalam Rumah Tangga,15:00-17:59,2026
KRAMAT JATI,Kekerasan Dalam Rumah Tangga,15:00-17:59,2026
KRAMAT JATI,Manipulasi data autentik secara elektronik (ITE),15:00-17:59,2026
KRAMAT JATI,Manipulasi data autentik secara elektronik (ITE),15:00-17:59,2026
KRAMAT JATI,Manipulasi data autentik secara elektronik (ITE),15:00-17:59,2026
KRAMAT JATI,Manipulasi data autentik secara elektronik (ITE),15:00-17:59,2026
KRAMAT JATI,Manipulasi data autentik secara elektronik (ITE),15:00-17:59,2026
KRAMAT JATI,Manipulasi data autentik secara elektronik (ITE),15:00-17:59,2026
KRAMAT JATI,Manipulasi data autentik secara elektronik (ITE),15:00-17:59,2026
KRAMAT JATI,Manipulasi data autentik secara elektronik (ITE),15:00-17:59,2026
KRAMAT JATI,Manipulasi data autentik secara elektronik (ITE),15:00-17:59,2026
KRAMAT JATI,Manipulasi data autentik secara elektronik (ITE),15:00-17:59,2026
KRAMAT JATI,Manipulasi data autentik secara elektronik (ITE),15:00-17:59,2026
KRAMAT JATI,Manipulasi data autentik secara elektronik (ITE),15:00-17:59,2026
KRAMAT JATI,Manipulasi data autentik secara elektronik (ITE),15:00-17:59,2026
KRAMAT JATI,Manipulasi data autentik secara elektronik (ITE),15:00-17:59,2026
KRAMAT JATI,Manipulasi data autentik secara elektronik (ITE),15:00-17:59,2026
KRAMAT JATI,Manipulasi data autentik secara elektronik (ITE),15:00-17:59,2026
KRAMAT JATI,Manipulasi data autentik secara elektronik (ITE),15:00-17:59,2026
KRAMAT JATI,Manipulasi data autentik secara elektronik (ITE),15:00-17:59,2026
KRAMAT JATI,Manipulasi data autentik secara elektronik (ITE),15:00-17:59,2026
KRAMAT JATI,Manipulasi data autentik secara elektronik (ITE),15:00-17:59,2026
KRAMAT JATI,Memasuki Pekarangan Tanpa Ijin,15:00-17:59,2026
KRAMAT JATI,Memasuki Pekarangan Tanpa Ijin,15:00-17:59,2026
KRAMAT JATI,Narkotika ( Narkoba ),15:00-17:59,2026
KRAMAT JATI,Narkotika ( Narkoba ),15:00-17:59,2026
KRAMAT JATI,Narkotika ( Narkoba ),15:00-17:59,2026
KRAMAT JATI,Pencemaran Nama Baik,15:00-17:59,2026
KRAMAT JATI,Pencurian Biasa,15:00-17:59,2026
KRAMAT JATI,Pencurian Biasa,15:00-17:59,2026
KRAMAT JATI,Pencurian Biasa,15:00-17:59,2026
KRAMAT JATI,Pencurian Biasa,15:00-17:59,2026
KRAMAT JATI,Pencurian Biasa,15:00-17:59,2026
KRAMAT JATI,Pencurian Dengan Pemberatan ( Curat ),15:00-17:59,2026
KRAMAT JATI,Penganiayaan,15:00-17:59,2026
KRAMAT JATI,Penganiayaan,15:00-17:59,2026
KRAMAT JATI,Penganiayaan,15:00-17:59,2026
KRAMAT JATI,Penganiayaan,15:00-17:59,2026
KRAMAT JATI,Penganiayaan,15:00-17:59,2026
KRAMAT JATI,Penganiayaan,15:00-17:59,2026
KRAMAT JATI,Penganiayaan,15:00-17:59,2026
KRAMAT JATI,Pengeroyokan,15:00-17:59,2026
KRAMAT JATI,Penggelapan,15:00-17:59,2026
KRAMAT JATI,Penggelapan,15:00-17:59,2026
KRAMAT JATI,Penggelapan,15:00-17:59,2026
KRAMAT JATI,Penggelapan,15:00-17:59,2026
KRAMAT JATI,Penggelapan,15:00-17:59,2026
KRAMAT JATI,Penggelapan,15:00-17:59,2026
KRAMAT JATI,Penggelapan,15:00-17:59,2026
KRAMAT JATI,Penipuan / Perbuatan Curang,15:00-17:59,2026
KRAMAT JATI,Penipuan / Perbuatan Curang,15:00-17:59,2026
KRAMAT JATI,Penipuan / Perbuatan Curang,15:00-17:59,2026
KRAMAT JATI,Penipuan / Perbuatan Curang,15:00-17:59,2026
KRAMAT JATI,Penistaan Agama,15:00-17:59,2026
KRAMAT JATI,Perbuatan Yang Tidak Menyenangkan,15:00-17:59,2026
KRAMAT JATI,Tindak Pidana Dalam Perlindungan Anak,15:00-17:59,2026
KRAMAT JATI,Kekerasan Dalam Rumah Tangga,18:00-21:59,2026
KRAMAT JATI,Manipulasi data autentik secara elektronik (ITE),18:00-21:59,2026
KRAMAT JATI,Manipulasi data autentik secara elektronik (ITE),18:00-21:59,2026
KRAMAT JATI,Manipulasi data autentik secara elektronik (ITE),18:00-21:59,2026
KRAMAT JATI,Manipulasi data autentik secara elektronik (ITE),18:00-21:59,2026
KRAMAT JATI,Manipulasi data autentik secara elektronik (ITE),18:00-21:59,2026
KRAMAT JATI,Manipulasi data autentik secara elektronik (ITE),18:00-21:59,2026
KRAMAT JATI,Manipulasi data autentik secara elektronik (ITE),18:00-21:59,2026
KRAMAT JATI,Manipulasi data autentik secara elektronik (ITE),18:00-21:59,2026
KRAMAT JATI,Manipulasi data autentik secara elektronik (ITE),18:00-21:59,2026
KRAMAT JATI,Manipulasi data autentik secara elektronik (ITE),18:00-21:59,2026
KRAMAT JATI,Manipulasi data autentik secara elektronik (ITE),18:00-21:59,2026
KRAMAT JATI,Manipulasi data autentik secara elektronik (ITE),18:00-21:59,2026
KRAMAT JATI,Manipulasi data autentik secara elektronik (ITE),18:00-21:59,2026
KRAMAT JATI,Narkotika ( Narkoba ),18:00-21:59,2026
KRAMAT JATI,Narkotika ( Narkoba ),18:00-21:59,2026
KRAMAT JATI,Narkotika ( Narkoba ),18:00-21:59,2026
KRAMAT JATI,Narkotika ( Narkoba ),18:00-21:59,2026
KRAMAT JATI,Narkotika ( Narkoba ),18:00-21:59,2026
KRAMAT JATI,Narkotika ( Narkoba ),18:00-21:59,2026
KRAMAT JATI,Narkotika ( Narkoba ),18:00-21:59,2026
KRAMAT JATI,Pencemaran Nama Baik,18:00-21:59,2026
KRAMAT JATI,Pencemaran Nama Baik,18:00-21:59,2026
KRAMAT JATI,Pencemaran Nama Baik,18:00-21:59,2026
KRAMAT JATI,Pencurian Biasa,18:00-21:59,2026
KRAMAT JATI,Pencurian Biasa,18:00-21:59,2026
KRAMAT JATI,Pencurian Biasa,18:00-21:59,2026
KRAMAT JATI,Pencurian Biasa,18:00-21:59,2026
KRAMAT JATI,Pencurian Biasa,18:00-21:59,2026
KRAMAT JATI,Pencurian Biasa,18:00-21:59,2026
KRAMAT JATI,Pencurian Biasa,18:00-21:59,2026
KRAMAT JATI,Pencurian Dengan Pemberatan ( Curat ),18:00-21:59,2026
KRAMAT JATI,Pencurian Dengan Pemberatan ( Curat ),18:00-21:59,2026
KRAMAT JATI,Pengancaman,18:00-21:59,2026
KRAMAT JATI,Pengancaman,18:00-21:59,2026
KRAMAT JATI,Penganiayaan,18:00-21:59,2026
KRAMAT JATI,Penganiayaan,18:00-21:59,2026
KRAMAT JATI,Penganiayaan,18:00-21:59,2026
KRAMAT JATI,Penganiayaan,18:00-21:59,2026
KRAMAT JATI,Penganiayaan,18:00-21:59,2026
KRAMAT JATI,Penganiayaan,18:00-21:59,2026
KRAMAT JATI,Penganiayaan Berat ( Anirat ),18:00-21:59,2026
KRAMAT JATI,Pengeroyokan,18:00-21:59,2026
KRAMAT JATI,Penggelapan,18:00-21:59,2026
KRAMAT JATI,Penggelapan,18:00-21:59,2026
KRAMAT JATI,Penggelapan,18:00-21:59,2026
KRAMAT JATI,Penggelapan,18:00-21:59,2026
KRAMAT JATI,Penipuan / Perbuatan Curang,18:00-21:59,2026
KRAMAT JATI,Penipuan / Perbuatan Curang,18:00-21:59,2026
KRAMAT JATI,Penipuan / Perbuatan Curang,18:00-21:59,2026
KRAMAT JATI,Penipuan / Perbuatan Curang,18:00-21:59,2026
KRAMAT JATI,Penipuan / Perbuatan Curang,18:00-21:59,2026
KRAMAT JATI,Penipuan / Perbuatan Curang,18:00-21:59,2026
KRAMAT JATI,Penipuan / Perbuatan Curang,18:00-21:59,2026
KRAMAT JATI,Perbuatan Yang Tidak Menyenangkan,18:00-21:59,2026
KRAMAT JATI,Perbuatan Yang Tidak Menyenangkan,18:00-21:59,2026
KRAMAT JATI,Perzinahan,18:00-21:59,2026
KRAMAT JATI,Tindak Pidana Dalam Perlindungan Anak,18:00-21:59,2026
KRAMAT JATI,Kejahatan Tentang Jaminan Fidusia,22:00-23:59,2026
KRAMAT JATI,Manipulasi data autentik secara elektronik (ITE),22:00-23:59,2026
KRAMAT JATI,Narkotika ( Narkoba ),22:00-23:59,2026
KRAMAT JATI,Narkotika ( Narkoba ),22:00-23:59,2026
KRAMAT JATI,Narkotika ( Narkoba ),22:00-23:59,2026
KRAMAT JATI,Narkotika ( Narkoba ),22:00-23:59,2026
KRAMAT JATI,Pencemaran Nama Baik,22:00-23:59,2026
KRAMAT JATI,Pencurian Dengan Pemberatan ( Curat ),22:00-23:59,2026
KRAMAT JATI,Pencurian Dengan Pemberatan ( Curat ),22:00-23:59,2026
KRAMAT JATI,Pencurian Dengan Pemberatan ( Curat ),22:00-23:59,2026
KRAMAT JATI,Pencurian Dengan Pemberatan ( Curat ),22:00-23:59,2026
KRAMAT JATI,Penganiayaan,22:00-23:59,2026
KRAMAT JATI,Penganiayaan,22:00-23:59,2026
KRAMAT JATI,Penganiayaan,22:00-23:59,2026
KRAMAT JATI,Penganiayaan,22:00-23:59,2026
KRAMAT JATI,Penganiayaan,22:00-23:59,2026
KRAMAT JATI,Pengeroyokan,22:00-23:59,2026
KRAMAT JATI,Pengeroyokan,22:00-23:59,2026
KRAMAT JATI,Pengeroyokan,22:00-23:59,2026
KRAMAT JATI,Penggelapan,22:00-23:59,2026
KRAMAT JATI,Penipuan / Perbuatan Curang,22:00-23:59,2026
KRAMAT JATI,Penipuan / Perbuatan Curang,22:00-23:59,2026
KRAMAT JATI,Penipuan / Perbuatan Curang,22:00-23:59,2026
KRAMAT JATI,Tindak Pidana Dalam Perlindungan Anak,22:00-23:59,2026
KRAMAT JATI,Curanmor R-2,00:00-04:59,2026
KRAMAT JATI,Karena Alpa  Menimbulkan  Kebakaran/ Meletus/banjir,00:00-04:59,2026
KRAMAT JATI,Kejahatan Terkait Senjata Tajam ( Sajam ) ( Premanisme ),00:00-04:59,2026
KRAMAT JATI,Kejahatan Terkait Senjata Tajam ( Sajam ) ( Premanisme ),00:00-04:59,2026
KRAMAT JATI,Kejahatan Terkait Senjata Tajam ( Sajam ) ( Premanisme ),00:00-04:59,2026
KRAMAT JATI,Kejahatan Terkait Senjata Tajam ( Sajam ) ( Premanisme ),00:00-04:59,2026
KRAMAT JATI,Manipulasi data autentik secara elektronik (ITE),00:00-04:59,2026
KRAMAT JATI,Narkotika ( Narkoba ),00:00-04:59,2026
KRAMAT JATI,Narkotika ( Narkoba ),00:00-04:59,2026
KRAMAT JATI,Narkotika ( Narkoba ),00:00-04:59,2026
KRAMAT JATI,Narkotika ( Narkoba ),00:00-04:59,2026
KRAMAT JATI,Narkotika ( Narkoba ),00:00-04:59,2026
KRAMAT JATI,Narkotika ( Narkoba ),00:00-04:59,2026
KRAMAT JATI,Narkotika ( Narkoba ),00:00-04:59,2026
KRAMAT JATI,Narkotika ( Narkoba ),00:00-04:59,2026
KRAMAT JATI,Narkotika ( Narkoba ),00:00-04:59,2026
KRAMAT JATI,Narkotika ( Narkoba ),00:00-04:59,2026
KRAMAT JATI,Pencurian Biasa,00:00-04:59,2026
KRAMAT JATI,Pencurian Biasa,00:00-04:59,2026
KRAMAT JATI,Pencurian Biasa,00:00-04:59,2026
KRAMAT JATI,Pencurian Biasa,00:00-04:59,2026
KRAMAT JATI,Pencurian Biasa,00:00-04:59,2026
KRAMAT JATI,Pencurian Biasa,00:00-04:59,2026
KRAMAT JATI,Pencurian Biasa,00:00-04:59,2026
KRAMAT JATI,Pencurian Biasa,00:00-04:59,2026
KRAMAT JATI,Pencurian Dengan Pemberatan ( Curat ),00:00-04:59,2026
KRAMAT JATI,Pencurian Dengan Pemberatan ( Curat ),00:00-04:59,2026
KRAMAT JATI,Pencurian Dengan Pemberatan ( Curat ),00:00-04:59,2026
KRAMAT JATI,Pencurian Dengan Pemberatan ( Curat ),00:00-04:59,2026
KRAMAT JATI,Pencurian Dengan Pemberatan ( Curat ),00:00-04:59,2026
KRAMAT JATI,Pencurian Dengan Pemberatan ( Curat ),00:00-04:59,2026
KRAMAT JATI,Penganiayaan,00:00-04:59,2026
KRAMAT JATI,Penganiayaan,00:00-04:59,2026
KRAMAT JATI,Penganiayaan,00:00-04:59,2026
KRAMAT JATI,Penganiayaan,00:00-04:59,2026
KRAMAT JATI,Penganiayaan,00:00-04:59,2026
KRAMAT JATI,Penganiayaan,00:00-04:59,2026
KRAMAT JATI,Penganiayaan,00:00-04:59,2026
KRAMAT JATI,Penganiayaan,00:00-04:59,2026
KRAMAT JATI,Pengeroyokan,00:00-04:59,2026
KRAMAT JATI,Pengeroyokan,00:00-04:59,2026
KRAMAT JATI,Pengeroyokan,00:00-04:59,2026
KRAMAT JATI,Penipuan / Perbuatan Curang,00:00-04:59,2026
KRAMAT JATI,Penipuan / Perbuatan Curang,00:00-04:59,2026
KRAMAT JATI,Perzinahan,00:00-04:59,2026
CILINCING,Curanmor R-2,05:00-07:59,2026
CILINCING,Kekerasan Dalam Rumah Tangga,05:00-07:59,2026
CILINCING,Kekerasan Dalam Rumah Tangga,05:00-07:59,2026
CILINCING,Kekerasan Dalam Rumah Tangga,05:00-07:59,2026
CILINCING,Manipulasi data autentik secara elektronik (ITE),05:00-07:59,2026
CILINCING,Manipulasi data autentik secara elektronik (ITE),05:00-07:59,2026
CILINCING,Memasuki Pekarangan Tanpa Ijin,05:00-07:59,2026
CILINCING,Pencurian Dengan Pemberatan ( Curat ),05:00-07:59,2026
CILINCING,Pencurian Dengan Pemberatan ( Curat ),05:00-07:59,2026
CILINCING,Pencurian Dengan Pemberatan ( Curat ),05:00-07:59,2026
CILINCING,Penganiayaan,05:00-07:59,2026
CILINCING,Penganiayaan,05:00-07:59,2026
CILINCING,Penganiayaan,05:00-07:59,2026
CILINCING,Pengeroyokan,05:00-07:59,2026
CILINCING,Perkosaan,05:00-07:59,2026
CILINCING,Cabul,08:00-11:59,2026
CILINCING,Curanmor R-2,08:00-11:59,2026
CILINCING,Curanmor R-2,08:00-11:59,2026
CILINCING,Kejahatan Terhadap Penguasa Umum,08:00-11:59,2026
CILINCING,Kekerasan Dalam Rumah Tangga,08:00-11:59,2026
CILINCING,Kekerasan Dalam Rumah Tangga,08:00-11:59,2026
CILINCING,Kekerasan Dalam Rumah Tangga,08:00-11:59,2026
CILINCING,Kekerasan Dalam Rumah Tangga,08:00-11:59,2026
CILINCING,Kekerasan Dalam Rumah Tangga,08:00-11:59,2026
CILINCING,Manipulasi data autentik secara elektronik (ITE),08:00-11:59,2026
CILINCING,Manipulasi data autentik secara elektronik (ITE),08:00-11:59,2026
CILINCING,Manipulasi data autentik secara elektronik (ITE),08:00-11:59,2026
CILINCING,Narkotika ( Narkoba ),08:00-11:59,2026
CILINCING,Narkotika ( Narkoba ),08:00-11:59,2026
CILINCING,Narkotika ( Narkoba ),08:00-11:59,2026
CILINCING,Pencemaran Nama Baik,08:00-11:59,2026
CILINCING,Pencurian Biasa,08:00-11:59,2026
CILINCING,Pencurian Biasa,08:00-11:59,2026
CILINCING,Pencurian Biasa,08:00-11:59,2026
CILINCING,Pencurian Dengan Pemberatan ( Curat ),08:00-11:59,2026
CILINCING,Penganiayaan,08:00-11:59,2026
CILINCING,Penganiayaan,08:00-11:59,2026
CILINCING,Penganiayaan,08:00-11:59,2026
CILINCING,Penganiayaan,08:00-11:59,2026
CILINCING,Penganiayaan,08:00-11:59,2026
CILINCING,Penganiayaan,08:00-11:59,2026
CILINCING,Penganiayaan,08:00-11:59,2026
CILINCING,Pengeroyokan,08:00-11:59,2026
CILINCING,Penggelapan,08:00-11:59,2026
CILINCING,Penggelapan,08:00-11:59,2026
CILINCING,Penggelapan,08:00-11:59,2026
CILINCING,Penggelapan,08:00-11:59,2026
CILINCING,Penggelapan,08:00-11:59,2026
CILINCING,Penggelapan,08:00-11:59,2026
CILINCING,Penipuan / Perbuatan Curang,08:00-11:59,2026
CILINCING,Penipuan / Perbuatan Curang,08:00-11:59,2026
CILINCING,Penipuan / Perbuatan Curang,08:00-11:59,2026
CILINCING,Cabul,12:00-14:59,2026
CILINCING,Judi,12:00-14:59,2026
CILINCING,Kejahatan Tentang Tenaga Kerja,12:00-14:59,2026
CILINCING,Kejahatan Terkait Perlindungan Data Pribadi,12:00-14:59,2026
CILINCING,Kejahatan Terkait Senjata Tajam ( Sajam ) ( Premanisme ),12:00-14:59,2026
CILINCING,Kekerasan Dalam Rumah Tangga,12:00-14:59,2026
CILINCING,Kekerasan Dalam Rumah Tangga,12:00-14:59,2026
CILINCING,Kekerasan Dalam Rumah Tangga,12:00-14:59,2026
CILINCING,Kekerasan Seksual (KDRT),12:00-14:59,2026
CILINCING,Manipulasi data autentik secara elektronik (ITE),12:00-14:59,2026
CILINCING,Manipulasi data autentik secara elektronik (ITE),12:00-14:59,2026
CILINCING,Manipulasi data autentik secara elektronik (ITE),12:00-14:59,2026
CILINCING,Manipulasi data autentik secara elektronik (ITE),12:00-14:59,2026
CILINCING,Menjual atau mengedarkan obat keras / bebas terbatas tanpa ijin,12:00-14:59,2026
CILINCING,Narkotika ( Narkoba ),12:00-14:59,2026
CILINCING,Narkotika ( Narkoba ),12:00-14:59,2026
CILINCING,Pencurian Biasa,12:00-14:59,2026
CILINCING,Pencurian Biasa,12:00-14:59,2026
CILINCING,Pencurian Biasa,12:00-14:59,2026
CILINCING,Pencurian Biasa,12:00-14:59,2026
CILINCING,Pencurian Biasa,12:00-14:59,2026
CILINCING,Pencurian Dengan Pemberatan ( Curat ),12:00-14:59,2026
CILINCING,Penganiayaan,12:00-14:59,2026
CILINCING,Penganiayaan,12:00-14:59,2026
CILINCING,Penganiayaan,12:00-14:59,2026
CILINCING,Penganiayaan,12:00-14:59,2026
CILINCING,Penganiayaan,12:00-14:59,2026
CILINCING,Penganiayaan,12:00-14:59,2026
CILINCING,Penganiayaan,12:00-14:59,2026
CILINCING,Penganiayaan,12:00-14:59,2026
CILINCING,Penganiayaan,12:00-14:59,2026
CILINCING,Pengeroyokan,12:00-14:59,2026
CILINCING,Penggelapan,12:00-14:59,2026
CILINCING,Penggelapan,12:00-14:59,2026
CILINCING,Penggelapan,12:00-14:59,2026
CILINCING,Penggelapan,12:00-14:59,2026
CILINCING,Penggelapan,12:00-14:59,2026
CILINCING,Penggelapan,12:00-14:59,2026
CILINCING,Penggelapan,12:00-14:59,2026
CILINCING,Penggelapan,12:00-14:59,2026
CILINCING,Penggelapan,12:00-14:59,2026
CILINCING,Penggelapan,12:00-14:59,2026
CILINCING,Penggelapan,12:00-14:59,2026
CILINCING,Penipuan / Perbuatan Curang,12:00-14:59,2026
CILINCING,Penipuan / Perbuatan Curang,12:00-14:59,2026
CILINCING,Penipuan / Perbuatan Curang,12:00-14:59,2026
CILINCING,Penipuan / Perbuatan Curang,12:00-14:59,2026
CILINCING,Penipuan / Perbuatan Curang,12:00-14:59,2026
CILINCING,Penipuan / Perbuatan Curang,12:00-14:59,2026
CILINCING,Perkosaan,12:00-14:59,2026
CILINCING,Perkosaan,12:00-14:59,2026
CILINCING,Perkosaan,12:00-14:59,2026
CILINCING,Judi,15:00-17:59,2026
CILINCING,Kejahatan Terkait Senjata Tajam ( Sajam ) ( Premanisme ),15:00-17:59,2026
CILINCING,Kekerasan Dalam Rumah Tangga,15:00-17:59,2026
CILINCING,Kekerasan Dalam Rumah Tangga,15:00-17:59,2026
CILINCING,Kekerasan Dalam Rumah Tangga,15:00-17:59,2026
CILINCING,Kekerasan Dalam Rumah Tangga,15:00-17:59,2026
CILINCING,Kekerasan Seksual (KDRT),15:00-17:59,2026
CILINCING,Manipulasi data autentik secara elektronik (ITE),15:00-17:59,2026
CILINCING,Mengakibatkan Orang Mati,15:00-17:59,2026
CILINCING,Mengakibatkan Orang Mati,15:00-17:59,2026
CILINCING,Narkotika ( Narkoba ),15:00-17:59,2026
CILINCING,Narkotika ( Narkoba ),15:00-17:59,2026
CILINCING,Narkotika ( Narkoba ),15:00-17:59,2026
CILINCING,Narkotika ( Narkoba ),15:00-17:59,2026
CILINCING,Narkotika ( Narkoba ),15:00-17:59,2026
CILINCING,Narkotika ( Narkoba ),15:00-17:59,2026
CILINCING,Narkotika ( Narkoba ),15:00-17:59,2026
CILINCING,Pemalsuan Surat Otentik,15:00-17:59,2026
CILINCING,Pemerasan,15:00-17:59,2026
CILINCING,Pencemaran Nama Baik,15:00-17:59,2026
CILINCING,Pencemaran Nama Baik,15:00-17:59,2026
CILINCING,Pencurian Biasa,15:00-17:59,2026
CILINCING,Pencurian Dengan Kekerasan ( Curas ),15:00-17:59,2026
CILINCING,Pencurian Dengan Pemberatan ( Curat ),15:00-17:59,2026
CILINCING,Pencurian Dengan Pemberatan ( Curat ),15:00-17:59,2026
CILINCING,Pencurian Dengan Pemberatan ( Curat ),15:00-17:59,2026
CILINCING,Pencurian Dengan Pemberatan ( Curat ),15:00-17:59,2026
CILINCING,Pencurian Dengan Pemberatan ( Curat ),15:00-17:59,2026
CILINCING,Pencurian Dengan Pemberatan ( Curat ),15:00-17:59,2026
CILINCING,Pencurian Dengan Pemberatan ( Curat ),15:00-17:59,2026
CILINCING,Pengancaman,15:00-17:59,2026
CILINCING,Penganiayaan,15:00-17:59,2026
CILINCING,Penganiayaan,15:00-17:59,2026
CILINCING,Penganiayaan,15:00-17:59,2026
CILINCING,Penganiayaan,15:00-17:59,2026
CILINCING,Penganiayaan,15:00-17:59,2026
CILINCING,Penganiayaan,15:00-17:59,2026
CILINCING,Penganiayaan,15:00-17:59,2026
CILINCING,Penganiayaan,15:00-17:59,2026
CILINCING,Penganiayaan,15:00-17:59,2026
CILINCING,Penganiayaan,15:00-17:59,2026
CILINCING,Penganiayaan,15:00-17:59,2026
CILINCING,Pengeroyokan,15:00-17:59,2026
CILINCING,Pengeroyokan,15:00-17:59,2026
CILINCING,Penggelapan,15:00-17:59,2026
CILINCING,Penggelapan,15:00-17:59,2026
CILINCING,Penipuan / Perbuatan Curang,15:00-17:59,2026
CILINCING,Penipuan / Perbuatan Curang,15:00-17:59,2026
CILINCING,Penipuan / Perbuatan Curang,15:00-17:59,2026
CILINCING,Penipuan / Perbuatan Curang,15:00-17:59,2026
CILINCING,Penipuan / Perbuatan Curang,15:00-17:59,2026
CILINCING,Penipuan / Perbuatan Curang,15:00-17:59,2026
CILINCING,Penipuan / Perbuatan Curang,15:00-17:59,2026
CILINCING,Penipuan / Perbuatan Curang,15:00-17:59,2026
CILINCING,Penyerobotan Tanah,15:00-17:59,2026
CILINCING,Penyerobotan Tanah,15:00-17:59,2026
CILINCING,Penyerobotan Tanah,15:00-17:59,2026
CILINCING,Telekomunikasi,15:00-17:59,2026
CILINCING,Terhadap ketertiban umum,15:00-17:59,2026
CILINCING,Cabul,18:00-21:59,2026
CILINCING,Judi,18:00-21:59,2026
CILINCING,Kejahatan Tentang Perindustrian,18:00-21:59,2026
CILINCING,Kejahatan Terhadap Jiwa Orang / Pembunuhan,18:00-21:59,2026
CILINCING,Kekerasan Dalam Rumah Tangga,18:00-21:59,2026
CILINCING,Kekerasan Dalam Rumah Tangga,18:00-21:59,2026
CILINCING,Kekerasan Dalam Rumah Tangga,18:00-21:59,2026
CILINCING,Kekerasan Dalam Rumah Tangga,18:00-21:59,2026
CILINCING,Kekerasan Dalam Rumah Tangga,18:00-21:59,2026
CILINCING,Kekerasan Dalam Rumah Tangga,18:00-21:59,2026
CILINCING,Kekerasan Dalam Rumah Tangga,18:00-21:59,2026
CILINCING,Kekerasan Dalam Rumah Tangga,18:00-21:59,2026
CILINCING,Kekerasan Dalam Rumah Tangga,18:00-21:59,2026
CILINCING,Kekerasan Dalam Rumah Tangga,18:00-21:59,2026
CILINCING,Manipulasi data autentik secara elektronik (ITE),18:00-21:59,2026
CILINCING,Menjual atau mengedarkan obat keras / bebas terbatas tanpa ijin,18:00-21:59,2026
CILINCING,Menjual atau mengedarkan obat keras / bebas terbatas tanpa ijin,18:00-21:59,2026
CILINCING,Narkotika ( Narkoba ),18:00-21:59,2026
CILINCING,Narkotika ( Narkoba ),18:00-21:59,2026
CILINCING,Narkotika ( Narkoba ),18:00-21:59,2026
CILINCING,Narkotika ( Narkoba ),18:00-21:59,2026
CILINCING,Pencemaran Nama Baik,18:00-21:59,2026
CILINCING,Pencurian Biasa,18:00-21:59,2026
CILINCING,Pencurian Biasa,18:00-21:59,2026
CILINCING,Pencurian Biasa,18:00-21:59,2026
CILINCING,Pencurian Dengan Kekerasan ( Curas ),18:00-21:59,2026
CILINCING,Pencurian Dengan Pemberatan ( Curat ),18:00-21:59,2026
CILINCING,Penganiayaan,18:00-21:59,2026
CILINCING,Penganiayaan,18:00-21:59,2026
CILINCING,Penganiayaan,18:00-21:59,2026
CILINCING,Pengeroyokan,18:00-21:59,2026
CILINCING,Pengeroyokan,18:00-21:59,2026
CILINCING,Pengeroyokan,18:00-21:59,2026
CILINCING,Pengeroyokan,18:00-21:59,2026
CILINCING,Pengerusakan,18:00-21:59,2026
CILINCING,Penggelapan,18:00-21:59,2026
CILINCING,Penggelapan,18:00-21:59,2026
CILINCING,Penggelapan,18:00-21:59,2026
CILINCING,Penggelapan,18:00-21:59,2026
CILINCING,Penggelapan,18:00-21:59,2026
CILINCING,Penggelapan,18:00-21:59,2026
CILINCING,Penggelapan,18:00-21:59,2026
CILINCING,Penggelapan,18:00-21:59,2026
CILINCING,Penggelapan,18:00-21:59,2026
CILINCING,Penipuan / Perbuatan Curang,18:00-21:59,2026
CILINCING,Penipuan / Perbuatan Curang,18:00-21:59,2026
CILINCING,Percobaan Pencurian,18:00-21:59,2026
CILINCING,Tindak Pidana Dalam Perlindungan Anak,18:00-21:59,2026
CILINCING,Curanmor R-2,22:00-23:59,2026
CILINCING,Curanmor R-2,22:00-23:59,2026
CILINCING,Kekerasan Dalam Rumah Tangga,22:00-23:59,2026
CILINCING,Kekerasan Dalam Rumah Tangga,22:00-23:59,2026
CILINCING,Manipulasi data autentik secara elektronik (ITE),22:00-23:59,2026
CILINCING,Narkotika ( Narkoba ),22:00-23:59,2026
CILINCING,Pencurian Dengan Pemberatan ( Curat ),22:00-23:59,2026
CILINCING,Penganiayaan,22:00-23:59,2026
CILINCING,Penganiayaan,22:00-23:59,2026
CILINCING,Penganiayaan,22:00-23:59,2026
CILINCING,Penganiayaan,22:00-23:59,2026
CILINCING,Penganiayaan,22:00-23:59,2026
CILINCING,Pengeroyokan,22:00-23:59,2026
CILINCING,Penggelapan,22:00-23:59,2026
CILINCING,Penggelapan,22:00-23:59,2026
CILINCING,Penipuan / Perbuatan Curang,22:00-23:59,2026
CILINCING,Penipuan / Perbuatan Curang,22:00-23:59,2026
CILINCING,Penipuan / Perbuatan Curang,22:00-23:59,2026
CILINCING,Perkosaan,22:00-23:59,2026
CILINCING,Perkosaan,22:00-23:59,2026
CILINCING,Telekomunikasi,22:00-23:59,2026
CILINCING,Cabul,00:00-04:59,2026
CILINCING,Kejahatan Tentang Minyak Dan Gas  ( MIGAS ),00:00-04:59,2026
CILINCING,Kekerasan Dalam Rumah Tangga,00:00-04:59,2026
CILINCING,Kekerasan Dalam Rumah Tangga,00:00-04:59,2026
CILINCING,Narkotika ( Narkoba ),00:00-04:59,2026
CILINCING,Narkotika ( Narkoba ),00:00-04:59,2026
CILINCING,Pencurian Biasa,00:00-04:59,2026
CILINCING,Pencurian Biasa,00:00-04:59,2026
CILINCING,Pencurian Dengan Pemberatan ( Curat ),00:00-04:59,2026
CILINCING,Pencurian Dengan Pemberatan ( Curat ),00:00-04:59,2026
CILINCING,Pencurian Ringan,00:00-04:59,2026
CILINCING,Penganiayaan,00:00-04:59,2026
CILINCING,Penganiayaan,00:00-04:59,2026
CILINCING,Penganiayaan,00:00-04:59,2026
CILINCING,Penganiayaan,00:00-04:59,2026
CILINCING,Penganiayaan,00:00-04:59,2026
CILINCING,Penganiayaan,00:00-04:59,2026
CILINCING,Penganiayaan,00:00-04:59,2026
CILINCING,Penganiayaan,00:00-04:59,2026
CILINCING,Penggelapan,00:00-04:59,2026
CILINCING,Penggelapan,00:00-04:59,2026
CILINCING,Penipuan / Perbuatan Curang,00:00-04:59,2026
CILINCING,Perkosaan,00:00-04:59,2026
CILINCING,Perlindungan Konsumen,00:00-04:59,2026
CILINCING,Terhadap ketertiban umum,00:00-04:59,2026
CILINCING,Terhadap ketertiban umum,00:00-04:59,2026
KOJA,Curanmor R-2,05:00-07:59,2026
KOJA,Curanmor R-2,05:00-07:59,2026
KOJA,Curanmor R-2,05:00-07:59,2026
KOJA,Curanmor R-2,05:00-07:59,2026
KOJA,Curanmor R-2,05:00-07:59,2026
KOJA,Kejahatan Terkait Senjata Tajam ( Sajam ) ( Premanisme ),05:00-07:59,2026
KOJA,Kekerasan Dalam Rumah Tangga,05:00-07:59,2026
KOJA,Kekerasan Dalam Rumah Tangga,05:00-07:59,2026
KOJA,Kekerasan Dalam Rumah Tangga,05:00-07:59,2026
KOJA,Narkotika ( Narkoba ),05:00-07:59,2026
KOJA,Narkotika ( Narkoba ),05:00-07:59,2026
KOJA,Pencurian Biasa,05:00-07:59,2026
KOJA,Pencurian Biasa,05:00-07:59,2026
KOJA,Pencurian Biasa,05:00-07:59,2026
KOJA,Pencurian Biasa,05:00-07:59,2026
KOJA,Pencurian Biasa,05:00-07:59,2026
KOJA,Pencurian Dengan Kekerasan ( Curas ),05:00-07:59,2026
KOJA,Pencurian Dengan Pemberatan ( Curat ),05:00-07:59,2026
KOJA,Pencurian Dengan Pemberatan ( Curat ),05:00-07:59,2026
KOJA,Pencurian Dengan Pemberatan ( Curat ),05:00-07:59,2026
KOJA,Pencurian Dengan Pemberatan ( Curat ),05:00-07:59,2026
KOJA,Pencurian Dengan Pemberatan ( Curat ),05:00-07:59,2026
KOJA,Pencurian Dengan Pemberatan ( Curat ),05:00-07:59,2026
KOJA,Pencurian Ringan,05:00-07:59,2026
KOJA,Perkosaan,05:00-07:59,2026
KOJA,Curanmor R-2,08:00-11:59,2026
KOJA,Curanmor R-2,08:00-11:59,2026
KOJA,Kekerasan Dalam Rumah Tangga,08:00-11:59,2026
KOJA,Kekerasan Dalam Rumah Tangga,08:00-11:59,2026
KOJA,Kekerasan Dalam Rumah Tangga,08:00-11:59,2026
KOJA,Kekerasan Dalam Rumah Tangga,08:00-11:59,2026
KOJA,Manipulasi data autentik secara elektronik (ITE),08:00-11:59,2026
KOJA,Narkotika ( Narkoba ),08:00-11:59,2026
KOJA,Narkotika ( Narkoba ),08:00-11:59,2026
KOJA,Narkotika ( Narkoba ),08:00-11:59,2026
KOJA,Narkotika ( Narkoba ),08:00-11:59,2026
KOJA,Narkotika ( Narkoba ),08:00-11:59,2026
KOJA,Narkotika ( Narkoba ),08:00-11:59,2026
KOJA,Pencemaran Nama Baik,08:00-11:59,2026
KOJA,Pencurian Biasa,08:00-11:59,2026
KOJA,Pencurian Biasa,08:00-11:59,2026
KOJA,Pencurian Biasa,08:00-11:59,2026
KOJA,Pencurian dalam lingkungan keluarga,08:00-11:59,2026
KOJA,Pencurian Dengan Pemberatan ( Curat ),08:00-11:59,2026
KOJA,Pencurian Dengan Pemberatan ( Curat ),08:00-11:59,2026
KOJA,Pencurian Dengan Pemberatan ( Curat ),08:00-11:59,2026
KOJA,Pencurian Dengan Pemberatan ( Curat ),08:00-11:59,2026
KOJA,Pencurian Dengan Pemberatan ( Curat ),08:00-11:59,2026
KOJA,Penganiayaan Berat ( Anirat ),08:00-11:59,2026
KOJA,Pengeroyokan,08:00-11:59,2026
KOJA,Pengeroyokan,08:00-11:59,2026
KOJA,Pengeroyokan,08:00-11:59,2026
KOJA,Penggelapan,08:00-11:59,2026
KOJA,Penggelapan,08:00-11:59,2026
KOJA,Penggelapan,08:00-11:59,2026
KOJA,Penggelapan,08:00-11:59,2026
KOJA,Penggelapan,08:00-11:59,2026
KOJA,Penipuan / Perbuatan Curang,08:00-11:59,2026
KOJA,Penipuan / Perbuatan Curang,08:00-11:59,2026
KOJA,Penipuan / Perbuatan Curang,08:00-11:59,2026
KOJA,Penipuan / Perbuatan Curang,08:00-11:59,2026
KOJA,Penipuan / Perbuatan Curang,08:00-11:59,2026
KOJA,Penipuan / Perbuatan Curang,08:00-11:59,2026
KOJA,Penipuan / Perbuatan Curang,08:00-11:59,2026
KOJA,Percobaan Pencurian,08:00-11:59,2026
KOJA,Sumpah Palsu Dan Keterangan Palsu,08:00-11:59,2026
KOJA,Cabul,12:00-14:59,2026
KOJA,Curanmor R-2,12:00-14:59,2026
KOJA,Curanmor R-2,12:00-14:59,2026
KOJA,Kejahatan Tentang Minyak Dan Gas  ( MIGAS ),12:00-14:59,2026
KOJA,Kejahatan Tentang Minyak Dan Gas  ( MIGAS ),12:00-14:59,2026
KOJA,Kejahatan Terkait Perlindungan Data Pribadi,12:00-14:59,2026
KOJA,Kejahatan Terkait Senjata Tajam ( Sajam ) ( Premanisme ),12:00-14:59,2026
KOJA,Kekerasan Dalam Rumah Tangga,12:00-14:59,2026
KOJA,Manipulasi data autentik secara elektronik (ITE),12:00-14:59,2026
KOJA,Mengakibatkan Orang Luka,12:00-14:59,2026
KOJA,Narkotika ( Narkoba ),12:00-14:59,2026
KOJA,Narkotika ( Narkoba ),12:00-14:59,2026
KOJA,Narkotika ( Narkoba ),12:00-14:59,2026
KOJA,Narkotika ( Narkoba ),12:00-14:59,2026
KOJA,Narkotika ( Narkoba ),12:00-14:59,2026
KOJA,Narkotika ( Narkoba ),12:00-14:59,2026
KOJA,Pemalsuan Surat Otentik,12:00-14:59,2026
KOJA,Pemalsuan Surat Otentik,12:00-14:59,2026
KOJA,Pencemaran Nama Baik,12:00-14:59,2026
KOJA,Pencemaran Nama Baik,12:00-14:59,2026
KOJA,Pencemaran Nama Baik,12:00-14:59,2026
KOJA,Pencurian Biasa,12:00-14:59,2026
KOJA,Pencurian Biasa,12:00-14:59,2026
KOJA,Pencurian Biasa,12:00-14:59,2026
KOJA,Pencurian Biasa,12:00-14:59,2026
KOJA,Pencurian Biasa,12:00-14:59,2026
KOJA,Pencurian Biasa,12:00-14:59,2026
KOJA,Pencurian Dengan Pemberatan ( Curat ),12:00-14:59,2026
KOJA,Penganiayaan,12:00-14:59,2026
KOJA,Penganiayaan,12:00-14:59,2026
KOJA,Pengeroyokan,12:00-14:59,2026
KOJA,Penggelapan,12:00-14:59,2026
KOJA,Penggelapan,12:00-14:59,2026
KOJA,Penggelapan,12:00-14:59,2026
KOJA,Penipuan / Perbuatan Curang,12:00-14:59,2026
KOJA,Penipuan / Perbuatan Curang,12:00-14:59,2026
KOJA,Penipuan / Perbuatan Curang,12:00-14:59,2026
KOJA,Telekomunikasi,12:00-14:59,2026
KOJA,Tindak Pidana Dalam Perlindungan Anak,12:00-14:59,2026
KOJA,Tindak Pidana Dalam Perlindungan Anak,12:00-14:59,2026
KOJA,Kekerasan Dalam Rumah Tangga,15:00-17:59,2026
KOJA,Kekerasan Dalam Rumah Tangga,15:00-17:59,2026
KOJA,Kekerasan Dalam Rumah Tangga,15:00-17:59,2026
KOJA,Kekerasan Dalam Rumah Tangga,15:00-17:59,2026
KOJA,Kekerasan Dalam Rumah Tangga,15:00-17:59,2026
KOJA,Manipulasi data autentik secara elektronik (ITE),15:00-17:59,2026
KOJA,Manipulasi data autentik secara elektronik (ITE),15:00-17:59,2026
KOJA,Manipulasi data autentik secara elektronik (ITE),15:00-17:59,2026
KOJA,Manipulasi data autentik secara elektronik (ITE),15:00-17:59,2026
KOJA,Narkotika ( Narkoba ),15:00-17:59,2026
KOJA,Narkotika ( Narkoba ),15:00-17:59,2026
KOJA,Narkotika ( Narkoba ),15:00-17:59,2026
KOJA,Narkotika ( Narkoba ),15:00-17:59,2026
KOJA,Narkotika ( Narkoba ),15:00-17:59,2026
KOJA,Narkotika ( Narkoba ),15:00-17:59,2026
KOJA,Narkotika ( Narkoba ),15:00-17:59,2026
KOJA,Narkotika ( Narkoba ),15:00-17:59,2026
KOJA,Narkotika ( Narkoba ),15:00-17:59,2026
KOJA,Narkotika ( Narkoba ),15:00-17:59,2026
KOJA,Narkotika ( Narkoba ),15:00-17:59,2026
KOJA,Pencurian Biasa,15:00-17:59,2026
KOJA,Pencurian Biasa,15:00-17:59,2026
KOJA,Pencurian Dengan Pemberatan ( Curat ),15:00-17:59,2026
KOJA,Pencurian Dengan Pemberatan ( Curat ),15:00-17:59,2026
KOJA,Pencurian Dengan Pemberatan ( Curat ),15:00-17:59,2026
KOJA,Penganiayaan,15:00-17:59,2026
KOJA,Penganiayaan,15:00-17:59,2026
KOJA,Penganiayaan,15:00-17:59,2026
KOJA,Penganiayaan,15:00-17:59,2026
KOJA,Penganiayaan,15:00-17:59,2026
KOJA,Penganiayaan,15:00-17:59,2026
KOJA,Penganiayaan,15:00-17:59,2026
KOJA,Penganiayaan,15:00-17:59,2026
KOJA,Pengeroyokan,15:00-17:59,2026
KOJA,Pengeroyokan,15:00-17:59,2026
KOJA,Pengeroyokan,15:00-17:59,2026
KOJA,Pengeroyokan,15:00-17:59,2026
KOJA,Penggelapan,15:00-17:59,2026
KOJA,Penggelapan,15:00-17:59,2026
KOJA,Penggelapan,15:00-17:59,2026
KOJA,Penggelapan,15:00-17:59,2026
KOJA,Penggelapan,15:00-17:59,2026
KOJA,Penggelapan,15:00-17:59,2026
KOJA,Penggelapan,15:00-17:59,2026
KOJA,Penggelapan,15:00-17:59,2026
KOJA,Penipuan / Perbuatan Curang,15:00-17:59,2026
KOJA,Penipuan / Perbuatan Curang,15:00-17:59,2026
KOJA,Penipuan / Perbuatan Curang,15:00-17:59,2026
KOJA,Percobaan Pencurian,15:00-17:59,2026
KOJA,Persetubuhan Terhadap Anak / Cabul Terhadap Anak,15:00-17:59,2026
KOJA,Curanmor R-2,18:00-21:59,2026
KOJA,Kekerasan Dalam Rumah Tangga,18:00-21:59,2026
KOJA,Kekerasan Dalam Rumah Tangga,18:00-21:59,2026
KOJA,Kekerasan Dalam Rumah Tangga,18:00-21:59,2026
KOJA,Kekerasan Dalam Rumah Tangga,18:00-21:59,2026
KOJA,Kekerasan Dalam Rumah Tangga,18:00-21:59,2026
KOJA,Kekerasan Seksual (KDRT),18:00-21:59,2026
KOJA,Manipulasi data autentik secara elektronik (ITE),18:00-21:59,2026
KOJA,Manipulasi data autentik secara elektronik (ITE),18:00-21:59,2026
KOJA,Narkotika ( Narkoba ),18:00-21:59,2026
KOJA,Narkotika ( Narkoba ),18:00-21:59,2026
KOJA,Narkotika ( Narkoba ),18:00-21:59,2026
KOJA,Narkotika ( Narkoba ),18:00-21:59,2026
KOJA,Narkotika ( Narkoba ),18:00-21:59,2026
KOJA,Pencemaran Nama Baik,18:00-21:59,2026
KOJA,Pencurian Biasa,18:00-21:59,2026
KOJA,Pencurian Biasa,18:00-21:59,2026
KOJA,Pencurian Biasa,18:00-21:59,2026
KOJA,Pencurian Biasa,18:00-21:59,2026
KOJA,Pencurian Biasa,18:00-21:59,2026
KOJA,Pencurian Biasa,18:00-21:59,2026
KOJA,Pencurian Dengan Pemberatan ( Curat ),18:00-21:59,2026
KOJA,Pencurian Dengan Pemberatan ( Curat ),18:00-21:59,2026
KOJA,Pencurian Ringan,18:00-21:59,2026
KOJA,Pengancaman,18:00-21:59,2026
KOJA,Pengancaman,18:00-21:59,2026
KOJA,Pengancaman,18:00-21:59,2026
KOJA,Penganiayaan,18:00-21:59,2026
KOJA,Penganiayaan,18:00-21:59,2026
KOJA,Penganiayaan,18:00-21:59,2026
KOJA,Penganiayaan,18:00-21:59,2026
KOJA,Penganiayaan,18:00-21:59,2026
KOJA,Penganiayaan,18:00-21:59,2026
KOJA,Penganiayaan Berat ( Anirat ),18:00-21:59,2026
KOJA,Pengeroyokan,18:00-21:59,2026
KOJA,Pengeroyokan,18:00-21:59,2026
KOJA,Penggelapan,18:00-21:59,2026
KOJA,Penggelapan,18:00-21:59,2026
KOJA,Penipuan / Perbuatan Curang,18:00-21:59,2026
KOJA,Perkosaan,18:00-21:59,2026
KOJA,Perkosaan,18:00-21:59,2026
KOJA,Sumpah Palsu Dan Keterangan Palsu,18:00-21:59,2026
KOJA,Terhadap ketertiban umum,18:00-21:59,2026
KOJA,Tindak Pidana Dalam Perlindungan Anak,18:00-21:59,2026
KOJA,Tindak Pidana Dalam Perlindungan Anak,18:00-21:59,2026
KOJA,Curanmor R-2,22:00-23:59,2026
KOJA,Kekerasan Dalam Rumah Tangga,22:00-23:59,2026
KOJA,Kekerasan Dalam Rumah Tangga,22:00-23:59,2026
KOJA,Kekerasan Dalam Rumah Tangga,22:00-23:59,2026
KOJA,Narkotika ( Narkoba ),22:00-23:59,2026
KOJA,Pencurian Biasa,22:00-23:59,2026
KOJA,Pencurian Biasa,22:00-23:59,2026
KOJA,Pencurian Dengan Pemberatan ( Curat ),22:00-23:59,2026
KOJA,Pencurian Dengan Pemberatan ( Curat ),22:00-23:59,2026
KOJA,Penganiayaan,22:00-23:59,2026
KOJA,Penganiayaan,22:00-23:59,2026
KOJA,Penganiayaan,22:00-23:59,2026
KOJA,Penganiayaan Berat ( Anirat ),22:00-23:59,2026
KOJA,Pengeroyokan,22:00-23:59,2026
KOJA,Pengeroyokan,22:00-23:59,2026
KOJA,Pengeroyokan,22:00-23:59,2026
KOJA,Pengeroyokan,22:00-23:59,2026
KOJA,Perkosaan,22:00-23:59,2026
KOJA,Cabul,00:00-04:59,2026
KOJA,Curanmor R-2,00:00-04:59,2026
KOJA,Curanmor R-2,00:00-04:59,2026
KOJA,Curanmor R-2,00:00-04:59,2026
KOJA,Curanmor R-2,00:00-04:59,2026
KOJA,Judi,00:00-04:59,2026
KOJA,Narkotika ( Narkoba ),00:00-04:59,2026
KOJA,Narkotika ( Narkoba ),00:00-04:59,2026
KOJA,Narkotika ( Narkoba ),00:00-04:59,2026
KOJA,Narkotika ( Narkoba ),00:00-04:59,2026
KOJA,Narkotika ( Narkoba ),00:00-04:59,2026
KOJA,Pencurian Biasa,00:00-04:59,2026
KOJA,Pencurian Biasa,00:00-04:59,2026
KOJA,Pencurian Dengan Pemberatan ( Curat ),00:00-04:59,2026
KOJA,Pencurian Dengan Pemberatan ( Curat ),00:00-04:59,2026
KOJA,Pencurian Dengan Pemberatan ( Curat ),00:00-04:59,2026
KOJA,Pencurian Dengan Pemberatan ( Curat ),00:00-04:59,2026
KOJA,Pencurian Dengan Pemberatan ( Curat ),00:00-04:59,2026
KOJA,Pencurian Dengan Pemberatan ( Curat ),00:00-04:59,2026
KOJA,Pencurian Dengan Pemberatan ( Curat ),00:00-04:59,2026
KOJA,Pencurian Dengan Pemberatan ( Curat ),00:00-04:59,2026
KOJA,Pencurian Dengan Pemberatan ( Curat ),00:00-04:59,2026
KOJA,Penganiayaan,00:00-04:59,2026
KOJA,Penganiayaan,00:00-04:59,2026
KOJA,Pengeroyokan,00:00-04:59,2026
KOJA,Pengeroyokan,00:00-04:59,2026
KOJA,Pengeroyokan,00:00-04:59,2026
KOJA,Pengeroyokan,00:00-04:59,2026
KOJA,Pengeroyokan,00:00-04:59,2026
KOJA,Penggelapan,00:00-04:59,2026
KOJA,Penggelapan,00:00-04:59,2026
KOJA,Penggelapan,00:00-04:59,2026
KOJA,Percobaan Pencurian,00:00-04:59,2026
KOJA,Percobaan Pencurian,00:00-04:59,2026
KOJA,Perkosaan,00:00-04:59,2026
KOJA,Perkosaan,00:00-04:59,2026
KOJA,Perzinahan,00:00-04:59,2026
KOJA,Tindak Pidana Dalam Perlindungan Anak,00:00-04:59,2026
PALMERAH,Kekerasan Dalam Rumah Tangga,05:00-07:59,2026
PALMERAH,Manipulasi data autentik secara elektronik (ITE),05:00-07:59,2026
PALMERAH,Narkotika ( Narkoba ),05:00-07:59,2026
PALMERAH,Pencurian Dengan Kekerasan ( Curas ),05:00-07:59,2026
PALMERAH,Pencurian Dengan Pemberatan ( Curat ),05:00-07:59,2026
PALMERAH,Pencurian Dengan Pemberatan ( Curat ),05:00-07:59,2026
PALMERAH,Pengeroyokan,05:00-07:59,2026
PALMERAH,Pengeroyokan,05:00-07:59,2026
PALMERAH,Penggelapan,05:00-07:59,2026
PALMERAH,Penggelapan,05:00-07:59,2026
PALMERAH,Penipuan / Perbuatan Curang,05:00-07:59,2026
PALMERAH,Penipuan / Perbuatan Curang,05:00-07:59,2026
PALMERAH,Cabul,08:00-11:59,2026
PALMERAH,Kejahatan Terkait Perlindungan Data Pribadi,08:00-11:59,2026
PALMERAH,Kejahatan Terkait Perlindungan Data Pribadi,08:00-11:59,2026
PALMERAH,Kekerasan Dalam Rumah Tangga,08:00-11:59,2026
PALMERAH,Kekerasan Dalam Rumah Tangga,08:00-11:59,2026
PALMERAH,Manipulasi data autentik secara elektronik (ITE),08:00-11:59,2026
PALMERAH,Manipulasi data autentik secara elektronik (ITE),08:00-11:59,2026
PALMERAH,Manipulasi data autentik secara elektronik (ITE),08:00-11:59,2026
PALMERAH,Manipulasi data autentik secara elektronik (ITE),08:00-11:59,2026
PALMERAH,Manipulasi data autentik secara elektronik (ITE),08:00-11:59,2026
PALMERAH,Narkotika ( Narkoba ),08:00-11:59,2026
PALMERAH,Narkotika ( Narkoba ),08:00-11:59,2026
PALMERAH,Pemalsuan Surat Otentik,08:00-11:59,2026
PALMERAH,Pemalsuan Surat Otentik,08:00-11:59,2026
PALMERAH,Pemalsuan Surat Otentik,08:00-11:59,2026
PALMERAH,Pemerasan Dan Pengancaman,08:00-11:59,2026
PALMERAH,Pencemaran Nama Baik,08:00-11:59,2026
PALMERAH,Pencurian Biasa,08:00-11:59,2026
PALMERAH,Pencurian Biasa,08:00-11:59,2026
PALMERAH,Pencurian Biasa,08:00-11:59,2026
PALMERAH,Pencurian Biasa,08:00-11:59,2026
PALMERAH,Pencurian Biasa,08:00-11:59,2026
PALMERAH,Pencurian Dengan Pemberatan ( Curat ),08:00-11:59,2026
PALMERAH,Pencurian Dengan Pemberatan ( Curat ),08:00-11:59,2026
PALMERAH,Pencurian Dengan Pemberatan ( Curat ),08:00-11:59,2026
PALMERAH,Penganiayaan,08:00-11:59,2026
PALMERAH,Penganiayaan,08:00-11:59,2026
PALMERAH,Penganiayaan Berat ( Anirat ),08:00-11:59,2026
PALMERAH,Pengerusakan,08:00-11:59,2026
PALMERAH,Penggelapan,08:00-11:59,2026
PALMERAH,Penipuan / Perbuatan Curang,08:00-11:59,2026
PALMERAH,Penipuan / Perbuatan Curang,08:00-11:59,2026
PALMERAH,Penipuan / Perbuatan Curang,08:00-11:59,2026
PALMERAH,Penipuan / Perbuatan Curang,08:00-11:59,2026
PALMERAH,Penipuan / Perbuatan Curang,08:00-11:59,2026
PALMERAH,Penipuan / Perbuatan Curang,08:00-11:59,2026
PALMERAH,Penipuan / Perbuatan Curang,08:00-11:59,2026
PALMERAH,Penipuan / Perbuatan Curang,08:00-11:59,2026
PALMERAH,Penipuan / Perbuatan Curang,08:00-11:59,2026
PALMERAH,Penipuan / Perbuatan Curang,08:00-11:59,2026
PALMERAH,Kekerasan Dalam Rumah Tangga,12:00-14:59,2026
PALMERAH,Kekerasan Dalam Rumah Tangga,12:00-14:59,2026
PALMERAH,Kekerasan Seksual (KDRT),12:00-14:59,2026
PALMERAH,Manipulasi data autentik secara elektronik (ITE),12:00-14:59,2026
PALMERAH,Manipulasi data autentik secara elektronik (ITE),12:00-14:59,2026
PALMERAH,Manipulasi data autentik secara elektronik (ITE),12:00-14:59,2026
PALMERAH,Manipulasi data autentik secara elektronik (ITE),12:00-14:59,2026
PALMERAH,Mengakibatkan Orang Mati,12:00-14:59,2026
PALMERAH,Menjual atau mengedarkan obat keras / bebas terbatas tanpa ijin,12:00-14:59,2026
PALMERAH,Pencurian Biasa,12:00-14:59,2026
PALMERAH,Pencurian Biasa,12:00-14:59,2026
PALMERAH,Pencurian Dengan Pemberatan ( Curat ),12:00-14:59,2026
PALMERAH,Penganiayaan,12:00-14:59,2026
PALMERAH,Penganiayaan,12:00-14:59,2026
PALMERAH,Penganiayaan,12:00-14:59,2026
PALMERAH,Penganiayaan,12:00-14:59,2026
PALMERAH,Penganiayaan,12:00-14:59,2026
PALMERAH,Penggelapan,12:00-14:59,2026
PALMERAH,Penggelapan,12:00-14:59,2026
PALMERAH,Penggelapan,12:00-14:59,2026
PALMERAH,Penggelapan,12:00-14:59,2026
PALMERAH,Penipuan / Perbuatan Curang,12:00-14:59,2026
PALMERAH,Penipuan / Perbuatan Curang,12:00-14:59,2026
PALMERAH,Penipuan / Perbuatan Curang,12:00-14:59,2026
PALMERAH,Penipuan / Perbuatan Curang,12:00-14:59,2026
PALMERAH,Penipuan / Perbuatan Curang,12:00-14:59,2026
PALMERAH,Penipuan / Perbuatan Curang,12:00-14:59,2026
PALMERAH,Penipuan / Perbuatan Curang,12:00-14:59,2026
PALMERAH,Sumpah Palsu Dan Keterangan Palsu,12:00-14:59,2026
PALMERAH,Sumpah Palsu Dan Keterangan Palsu,12:00-14:59,2026
PALMERAH,Cabul,15:00-17:59,2026
PALMERAH,Kejahatan Terkait Senjata Tajam ( Sajam ) ( Premanisme ),15:00-17:59,2026
PALMERAH,Manipulasi data autentik secara elektronik (ITE),15:00-17:59,2026
PALMERAH,Manipulasi data autentik secara elektronik (ITE),15:00-17:59,2026
PALMERAH,Manipulasi data autentik secara elektronik (ITE),15:00-17:59,2026
PALMERAH,Manipulasi data autentik secara elektronik (ITE),15:00-17:59,2026
PALMERAH,Manipulasi data autentik secara elektronik (ITE),15:00-17:59,2026
PALMERAH,Mengakibatkan Orang Luka,15:00-17:59,2026
PALMERAH,Narkotika ( Narkoba ),15:00-17:59,2026
PALMERAH,Narkotika ( Narkoba ),15:00-17:59,2026
PALMERAH,Narkotika ( Narkoba ),15:00-17:59,2026
PALMERAH,Narkotika ( Narkoba ),15:00-17:59,2026
PALMERAH,Pencemaran Nama Baik,15:00-17:59,2026
PALMERAH,Pencemaran Nama Baik,15:00-17:59,2026
PALMERAH,Pencurian Biasa,15:00-17:59,2026
PALMERAH,Pencurian Biasa,15:00-17:59,2026
PALMERAH,Pencurian Biasa,15:00-17:59,2026
PALMERAH,Penganiayaan,15:00-17:59,2026
PALMERAH,Penganiayaan,15:00-17:59,2026
PALMERAH,Penganiayaan,15:00-17:59,2026
PALMERAH,Pengeroyokan,15:00-17:59,2026
PALMERAH,Pengeroyokan,15:00-17:59,2026
PALMERAH,Pengeroyokan,15:00-17:59,2026
PALMERAH,Pengeroyokan,15:00-17:59,2026
PALMERAH,Pengeroyokan,15:00-17:59,2026
PALMERAH,Penggelapan,15:00-17:59,2026
PALMERAH,Penggelapan,15:00-17:59,2026
PALMERAH,Penggelapan,15:00-17:59,2026
PALMERAH,Penipuan / Perbuatan Curang,15:00-17:59,2026
PALMERAH,Penipuan / Perbuatan Curang,15:00-17:59,2026
PALMERAH,Penipuan / Perbuatan Curang,15:00-17:59,2026
PALMERAH,Penipuan / Perbuatan Curang,15:00-17:59,2026
PALMERAH,Penipuan / Perbuatan Curang,15:00-17:59,2026
PALMERAH,Penipuan / Perbuatan Curang,15:00-17:59,2026
PALMERAH,Penipuan / Perbuatan Curang,15:00-17:59,2026
PALMERAH,Penipuan / Perbuatan Curang,15:00-17:59,2026
PALMERAH,Penipuan / Perbuatan Curang,15:00-17:59,2026
PALMERAH,Penipuan / Perbuatan Curang,15:00-17:59,2026
PALMERAH,Penipuan / Perbuatan Curang,15:00-17:59,2026
PALMERAH,Penipuan / Perbuatan Curang,15:00-17:59,2026
PALMERAH,Penipuan / Perbuatan Curang,15:00-17:59,2026
PALMERAH,Penipuan / Perbuatan Curang,15:00-17:59,2026
PALMERAH,Penipuan / Perbuatan Curang,15:00-17:59,2026
PALMERAH,Penipuan / Perbuatan Curang,15:00-17:59,2026
PALMERAH,Tindak Pidana Dalam Perlindungan Anak,15:00-17:59,2026
PALMERAH,Tindak Pidana Transfer Dana,15:00-17:59,2026
PALMERAH,Kejahatan Tentang Pornografi,18:00-21:59,2026
PALMERAH,Kejahatan Terkait Merek,18:00-21:59,2026
PALMERAH,Kekerasan Dalam Rumah Tangga,18:00-21:59,2026
PALMERAH,Kekerasan Seksual (KDRT),18:00-21:59,2026
PALMERAH,Kekerasan Seksual (KDRT),18:00-21:59,2026
PALMERAH,Manipulasi data autentik secara elektronik (ITE),18:00-21:59,2026
PALMERAH,Manipulasi data autentik secara elektronik (ITE),18:00-21:59,2026
PALMERAH,Manipulasi data autentik secara elektronik (ITE),18:00-21:59,2026
PALMERAH,Manipulasi data autentik secara elektronik (ITE),18:00-21:59,2026
PALMERAH,Memasuki Pekarangan Tanpa Ijin,18:00-21:59,2026
PALMERAH,Memasuki Pekarangan Tanpa Ijin,18:00-21:59,2026
PALMERAH,Menjual atau mengedarkan obat keras / bebas terbatas tanpa ijin,18:00-21:59,2026
PALMERAH,Menjual atau mengedarkan obat keras / bebas terbatas tanpa ijin,18:00-21:59,2026
PALMERAH,Narkotika ( Narkoba ),18:00-21:59,2026
PALMERAH,Narkotika ( Narkoba ),18:00-21:59,2026
PALMERAH,Narkotika ( Narkoba ),18:00-21:59,2026
PALMERAH,Narkotika ( Narkoba ),18:00-21:59,2026
PALMERAH,Narkotika ( Narkoba ),18:00-21:59,2026
PALMERAH,Narkotika ( Narkoba ),18:00-21:59,2026
PALMERAH,Narkotika ( Narkoba ),18:00-21:59,2026
PALMERAH,Narkotika ( Narkoba ),18:00-21:59,2026
PALMERAH,Narkotika ( Narkoba ),18:00-21:59,2026
PALMERAH,Pencemaran Nama Baik,18:00-21:59,2026
PALMERAH,Penculikan,18:00-21:59,2026
PALMERAH,Pencurian Biasa,18:00-21:59,2026
PALMERAH,Pencurian Biasa,18:00-21:59,2026
PALMERAH,Pencurian Biasa,18:00-21:59,2026
PALMERAH,Pencurian Biasa,18:00-21:59,2026
PALMERAH,Pencurian Biasa,18:00-21:59,2026
PALMERAH,Pencurian Dengan Kekerasan ( Curas ),18:00-21:59,2026
PALMERAH,Pencurian Dengan Pemberatan ( Curat ),18:00-21:59,2026
PALMERAH,Pencurian Dengan Pemberatan ( Curat ),18:00-21:59,2026
PALMERAH,Pencurian Dengan Pemberatan ( Curat ),18:00-21:59,2026
PALMERAH,Pencurian Dengan Pemberatan ( Curat ),18:00-21:59,2026
PALMERAH,Pencurian Dengan Pemberatan ( Curat ),18:00-21:59,2026
PALMERAH,Pencurian Dengan Pemberatan ( Curat ),18:00-21:59,2026
PALMERAH,Pencurian Dengan Pemberatan ( Curat ),18:00-21:59,2026
PALMERAH,Pencurian Dengan Pemberatan ( Curat ),18:00-21:59,2026
PALMERAH,Pengancaman,18:00-21:59,2026
PALMERAH,Pengancaman,18:00-21:59,2026
PALMERAH,Penganiayaan,18:00-21:59,2026
PALMERAH,Penganiayaan,18:00-21:59,2026
PALMERAH,Penggelapan,18:00-21:59,2026
PALMERAH,Penipuan / Perbuatan Curang,18:00-21:59,2026
PALMERAH,Penipuan / Perbuatan Curang,18:00-21:59,2026
PALMERAH,Penipuan / Perbuatan Curang,18:00-21:59,2026
PALMERAH,Penipuan / Perbuatan Curang,18:00-21:59,2026
PALMERAH,Penipuan / Perbuatan Curang,18:00-21:59,2026
PALMERAH,Penipuan / Perbuatan Curang,18:00-21:59,2026
PALMERAH,Penipuan / Perbuatan Curang,18:00-21:59,2026
PALMERAH,Penipuan / Perbuatan Curang,18:00-21:59,2026
PALMERAH,Perbuatan Yang Tidak Menyenangkan,18:00-21:59,2026
PALMERAH,Perzinahan,18:00-21:59,2026
PALMERAH,Cabul,22:00-23:59,2026
PALMERAH,Kekerasan Dalam Rumah Tangga,22:00-23:59,2026
PALMERAH,Menjual atau mengedarkan obat keras / bebas terbatas tanpa ijin,22:00-23:59,2026
PALMERAH,Menjual atau mengedarkan obat keras / bebas terbatas tanpa ijin,22:00-23:59,2026
PALMERAH,Narkotika ( Narkoba ),22:00-23:59,2026
PALMERAH,Narkotika ( Narkoba ),22:00-23:59,2026
PALMERAH,Narkotika ( Narkoba ),22:00-23:59,2026
PALMERAH,Pencurian Biasa,22:00-23:59,2026
PALMERAH,Pencurian Biasa,22:00-23:59,2026
PALMERAH,Pencurian Dengan Pemberatan ( Curat ),22:00-23:59,2026
PALMERAH,Penganiayaan,22:00-23:59,2026
PALMERAH,Pengeroyokan,22:00-23:59,2026
PALMERAH,Penggelapan,22:00-23:59,2026
PALMERAH,Penggelapan,22:00-23:59,2026
PALMERAH,Penipuan / Perbuatan Curang,22:00-23:59,2026
PALMERAH,Penipuan / Perbuatan Curang,22:00-23:59,2026
PALMERAH,Penipuan / Perbuatan Curang,22:00-23:59,2026
PALMERAH,Penipuan / Perbuatan Curang,22:00-23:59,2026
PALMERAH,Penipuan / Perbuatan Curang,22:00-23:59,2026
PALMERAH,Curanmor R-2,00:00-04:59,2026
PALMERAH,Kekerasan Dalam Rumah Tangga,00:00-04:59,2026
PALMERAH,Kekerasan Dalam Rumah Tangga,00:00-04:59,2026
PALMERAH,Narkotika ( Narkoba ),00:00-04:59,2026
PALMERAH,Narkotika ( Narkoba ),00:00-04:59,2026
PALMERAH,Narkotika ( Narkoba ),00:00-04:59,2026
PALMERAH,Narkotika ( Narkoba ),00:00-04:59,2026
PALMERAH,Narkotika ( Narkoba ),00:00-04:59,2026
PALMERAH,Pencurian Biasa,00:00-04:59,2026
PALMERAH,Pencurian Biasa,00:00-04:59,2026
PALMERAH,Pencurian Biasa,00:00-04:59,2026
PALMERAH,Pencurian Biasa,00:00-04:59,2026
PALMERAH,Pencurian Biasa,00:00-04:59,2026
PALMERAH,Pencurian Dengan Kekerasan ( Curas ),00:00-04:59,2026
PALMERAH,Pencurian Dengan Kekerasan ( Curas ),00:00-04:59,2026
PALMERAH,Pencurian Dengan Kekerasan ( Curas ),00:00-04:59,2026
PALMERAH,Pencurian Dengan Pemberatan ( Curat ),00:00-04:59,2026
PALMERAH,Pencurian Dengan Pemberatan ( Curat ),00:00-04:59,2026
PALMERAH,Pencurian Dengan Pemberatan ( Curat ),00:00-04:59,2026
PALMERAH,Pencurian Dengan Pemberatan ( Curat ),00:00-04:59,2026
PALMERAH,Pencurian Dengan Pemberatan ( Curat ),00:00-04:59,2026
PALMERAH,Pencurian Ringan,00:00-04:59,2026
PALMERAH,Penganiayaan,00:00-04:59,2026
PALMERAH,Penganiayaan,00:00-04:59,2026
PALMERAH,Penganiayaan,00:00-04:59,2026
PALMERAH,Penganiayaan Berat ( Anirat ),00:00-04:59,2026
PALMERAH,Pengeroyokan,00:00-04:59,2026
PALMERAH,Pengeroyokan,00:00-04:59,2026
PALMERAH,Pengeroyokan,00:00-04:59,2026
PALMERAH,Penipuan / Perbuatan Curang,00:00-04:59,2026
PALMERAH,Penipuan / Perbuatan Curang,00:00-04:59,2026
PALMERAH,Penipuan / Perbuatan Curang,00:00-04:59,2026
PALMERAH,Penipuan / Perbuatan Curang,00:00-04:59,2026
PALMERAH,Penipuan / Perbuatan Curang,00:00-04:59,2026
PALMERAH,Penipuan / Perbuatan Curang,00:00-04:59,2026
PALMERAH,Penipuan / Perbuatan Curang,00:00-04:59,2026
PALMERAH,Penipuan / Perbuatan Curang,00:00-04:59,2026
PALMERAH,Penipuan / Perbuatan Curang,00:00-04:59,2026
PALMERAH,Penipuan / Perbuatan Curang,00:00-04:59,2026
PALMERAH,Penipuan / Perbuatan Curang,00:00-04:59,2026
PALMERAH,Penipuan / Perbuatan Curang,00:00-04:59,2026
PALMERAH,Penipuan / Perbuatan Curang,00:00-04:59,2026
PALMERAH,Penipuan / Perbuatan Curang,00:00-04:59,2026
PALMERAH,Penipuan / Perbuatan Curang,00:00-04:59,2026
PALMERAH,Penipuan / Perbuatan Curang,00:00-04:59,2026
PALMERAH,Penipuan / Perbuatan Curang,00:00-04:59,2026
PALMERAH,Penipuan / Perbuatan Curang,00:00-04:59,2026
PALMERAH,Penipuan / Perbuatan Curang,00:00-04:59,2026
PALMERAH,Perzinahan,00:00-04:59,2026
PALMERAH,Terhadap ketertiban umum,00:00-04:59,2026
KELAPA GADING,Manipulasi data autentik secara elektronik (ITE),05:00-07:59,2026
KELAPA GADING,Penganiayaan,05:00-07:59,2026
KELAPA GADING,Penganiayaan,05:00-07:59,2026
KELAPA GADING,Penggelapan,05:00-07:59,2026
KELAPA GADING,Percobaan Pencurian,05:00-07:59,2026
KELAPA GADING,Kejahatan Terkait Perlindungan Data Pribadi,08:00-11:59,2026
KELAPA GADING,Kekerasan Dalam Rumah Tangga,08:00-11:59,2026
KELAPA GADING,Kekerasan Dalam Rumah Tangga,08:00-11:59,2026
KELAPA GADING,Manipulasi data autentik secara elektronik (ITE),08:00-11:59,2026
KELAPA GADING,Manipulasi data autentik secara elektronik (ITE),08:00-11:59,2026
KELAPA GADING,Manipulasi data autentik secara elektronik (ITE),08:00-11:59,2026
KELAPA GADING,Manipulasi data autentik secara elektronik (ITE),08:00-11:59,2026
KELAPA GADING,Pencurian Biasa,08:00-11:59,2026
KELAPA GADING,Pencurian Biasa,08:00-11:59,2026
KELAPA GADING,Pencurian Biasa,08:00-11:59,2026
KELAPA GADING,Pencurian Biasa,08:00-11:59,2026
KELAPA GADING,Pencurian Biasa,08:00-11:59,2026
KELAPA GADING,Pencurian Biasa,08:00-11:59,2026
KELAPA GADING,Pencurian Dengan Pemberatan ( Curat ),08:00-11:59,2026
KELAPA GADING,Pengancaman,08:00-11:59,2026
KELAPA GADING,Pengancaman,08:00-11:59,2026
KELAPA GADING,Penganiayaan,08:00-11:59,2026
KELAPA GADING,Penganiayaan,08:00-11:59,2026
KELAPA GADING,Pengeroyokan,08:00-11:59,2026
KELAPA GADING,Penggelapan,08:00-11:59,2026
KELAPA GADING,Penggelapan,08:00-11:59,2026
KELAPA GADING,Penggelapan,08:00-11:59,2026
KELAPA GADING,Penggelapan,08:00-11:59,2026
KELAPA GADING,Penggelapan,08:00-11:59,2026
KELAPA GADING,Penggelapan,08:00-11:59,2026
KELAPA GADING,Penggelapan,08:00-11:59,2026
KELAPA GADING,Penggelapan,08:00-11:59,2026
KELAPA GADING,Penggelapan,08:00-11:59,2026
KELAPA GADING,Penggelapan,08:00-11:59,2026
KELAPA GADING,Penggelapan,08:00-11:59,2026
KELAPA GADING,Penggelapan,08:00-11:59,2026
KELAPA GADING,Penggelapan,08:00-11:59,2026
KELAPA GADING,Penipuan / Perbuatan Curang,08:00-11:59,2026
KELAPA GADING,Penipuan / Perbuatan Curang,08:00-11:59,2026
KELAPA GADING,Penipuan / Perbuatan Curang,08:00-11:59,2026
KELAPA GADING,Penipuan / Perbuatan Curang,08:00-11:59,2026
KELAPA GADING,Penipuan / Perbuatan Curang,08:00-11:59,2026
KELAPA GADING,Penipuan / Perbuatan Curang,08:00-11:59,2026
KELAPA GADING,Penipuan / Perbuatan Curang,08:00-11:59,2026
KELAPA GADING,Penipuan / Perbuatan Curang,08:00-11:59,2026
KELAPA GADING,Penyerobotan Tanah,08:00-11:59,2026
KELAPA GADING,Tindak Pidana Transfer Dana,08:00-11:59,2026
KELAPA GADING,Kekerasan Dalam Rumah Tangga,12:00-14:59,2026
KELAPA GADING,Kekerasan Dalam Rumah Tangga,12:00-14:59,2026
KELAPA GADING,Manipulasi data autentik secara elektronik (ITE),12:00-14:59,2026
KELAPA GADING,Manipulasi data autentik secara elektronik (ITE),12:00-14:59,2026
KELAPA GADING,Manipulasi data autentik secara elektronik (ITE),12:00-14:59,2026
KELAPA GADING,Manipulasi data autentik secara elektronik (ITE),12:00-14:59,2026
KELAPA GADING,Manipulasi data autentik secara elektronik (ITE),12:00-14:59,2026
KELAPA GADING,Manipulasi data autentik secara elektronik (ITE),12:00-14:59,2026
KELAPA GADING,Pemerasan Dan Pengancaman,12:00-14:59,2026
KELAPA GADING,Pencemaran Nama Baik,12:00-14:59,2026
KELAPA GADING,Pencemaran Nama Baik,12:00-14:59,2026
KELAPA GADING,Pencemaran Nama Baik,12:00-14:59,2026
KELAPA GADING,Pencemaran Nama Baik,12:00-14:59,2026
KELAPA GADING,Pencurian Biasa,12:00-14:59,2026
KELAPA GADING,Pencurian Biasa,12:00-14:59,2026
KELAPA GADING,Pencurian Biasa,12:00-14:59,2026
KELAPA GADING,Pencurian Biasa,12:00-14:59,2026
KELAPA GADING,Pencurian Biasa,12:00-14:59,2026
KELAPA GADING,Pencurian Biasa,12:00-14:59,2026
KELAPA GADING,Pencurian Biasa,12:00-14:59,2026
KELAPA GADING,Pencurian Biasa,12:00-14:59,2026
KELAPA GADING,Pencurian Biasa,12:00-14:59,2026
KELAPA GADING,Pencurian Dengan Pemberatan ( Curat ),12:00-14:59,2026
KELAPA GADING,Pencurian Ringan,12:00-14:59,2026
KELAPA GADING,Pengaduan Palsu,12:00-14:59,2026
KELAPA GADING,Pengancaman,12:00-14:59,2026
KELAPA GADING,Pengancaman,12:00-14:59,2026
KELAPA GADING,Penganiayaan,12:00-14:59,2026
KELAPA GADING,Penganiayaan,12:00-14:59,2026
KELAPA GADING,Penganiayaan,12:00-14:59,2026
KELAPA GADING,Penganiayaan,12:00-14:59,2026
KELAPA GADING,Penggelapan,12:00-14:59,2026
KELAPA GADING,Penggelapan,12:00-14:59,2026
KELAPA GADING,Penggelapan,12:00-14:59,2026
KELAPA GADING,Penggelapan,12:00-14:59,2026
KELAPA GADING,Penggelapan,12:00-14:59,2026
KELAPA GADING,Penggelapan,12:00-14:59,2026
KELAPA GADING,Penggelapan,12:00-14:59,2026
KELAPA GADING,Penggelapan,12:00-14:59,2026
KELAPA GADING,Penggelapan,12:00-14:59,2026
KELAPA GADING,Penggelapan,12:00-14:59,2026
KELAPA GADING,Penghinaan,12:00-14:59,2026
KELAPA GADING,Penipuan / Perbuatan Curang,12:00-14:59,2026
KELAPA GADING,Penipuan / Perbuatan Curang,12:00-14:59,2026
KELAPA GADING,Penipuan / Perbuatan Curang,12:00-14:59,2026
KELAPA GADING,Penipuan / Perbuatan Curang,12:00-14:59,2026
KELAPA GADING,Penipuan / Perbuatan Curang,12:00-14:59,2026
KELAPA GADING,Penipuan / Perbuatan Curang,12:00-14:59,2026
KELAPA GADING,Penipuan / Perbuatan Curang,12:00-14:59,2026
KELAPA GADING,Perbuatan Yang Tidak Menyenangkan,12:00-14:59,2026
KELAPA GADING,Perbuatan Yang Tidak Menyenangkan,12:00-14:59,2026
KELAPA GADING,Perbuatan Yang Tidak Menyenangkan,12:00-14:59,2026
KELAPA GADING,Perkosaan,12:00-14:59,2026
KELAPA GADING,Perzinahan,12:00-14:59,2026
KELAPA GADING,Tindak Pidana Dalam Perlindungan Anak,12:00-14:59,2026
KELAPA GADING,Cabul,15:00-17:59,2026
KELAPA GADING,Kejahatan Tentang Minyak Dan Gas  ( MIGAS ),15:00-17:59,2026
KELAPA GADING,Kejahatan Terhadap Jiwa Orang / Pembunuhan,15:00-17:59,2026
KELAPA GADING,Kekerasan Dalam Rumah Tangga,15:00-17:59,2026
KELAPA GADING,Kekerasan Dalam Rumah Tangga,15:00-17:59,2026
KELAPA GADING,Kekerasan Dalam Rumah Tangga,15:00-17:59,2026
KELAPA GADING,Kekerasan Dalam Rumah Tangga,15:00-17:59,2026
KELAPA GADING,Kekerasan Dalam Rumah Tangga,15:00-17:59,2026
KELAPA GADING,Kekerasan Seksual (KDRT),15:00-17:59,2026
KELAPA GADING,Manipulasi data autentik secara elektronik (ITE),15:00-17:59,2026
KELAPA GADING,Manipulasi data autentik secara elektronik (ITE),15:00-17:59,2026
KELAPA GADING,Memasuki Pekarangan Tanpa Ijin,15:00-17:59,2026
KELAPA GADING,Memasuki Pekarangan Tanpa Ijin,15:00-17:59,2026
KELAPA GADING,Menjual atau mengedarkan obat keras / bebas terbatas tanpa ijin,15:00-17:59,2026
KELAPA GADING,Narkotika ( Narkoba ),15:00-17:59,2026
KELAPA GADING,Pencemaran Nama Baik,15:00-17:59,2026
KELAPA GADING,Pencurian Biasa,15:00-17:59,2026
KELAPA GADING,Pencurian Biasa,15:00-17:59,2026
KELAPA GADING,Pencurian Biasa,15:00-17:59,2026
KELAPA GADING,Pencurian Biasa,15:00-17:59,2026
KELAPA GADING,Pencurian Biasa,15:00-17:59,2026
KELAPA GADING,Pencurian Biasa,15:00-17:59,2026
KELAPA GADING,Pencurian Biasa,15:00-17:59,2026
KELAPA GADING,Pencurian Biasa,15:00-17:59,2026
KELAPA GADING,Pencurian Biasa,15:00-17:59,2026
KELAPA GADING,Pencurian Biasa,15:00-17:59,2026
KELAPA GADING,Pencurian Dengan Pemberatan ( Curat ),15:00-17:59,2026
KELAPA GADING,Pencurian Ringan,15:00-17:59,2026
KELAPA GADING,Penganiayaan,15:00-17:59,2026
KELAPA GADING,Penganiayaan,15:00-17:59,2026
KELAPA GADING,Pengeroyokan,15:00-17:59,2026
KELAPA GADING,Penggelapan,15:00-17:59,2026
KELAPA GADING,Penggelapan,15:00-17:59,2026
KELAPA GADING,Penggelapan,15:00-17:59,2026
KELAPA GADING,Penggelapan,15:00-17:59,2026
KELAPA GADING,Penggelapan,15:00-17:59,2026
KELAPA GADING,Penggelapan,15:00-17:59,2026
KELAPA GADING,Penggelapan,15:00-17:59,2026
KELAPA GADING,Penggelapan,15:00-17:59,2026
KELAPA GADING,Penggelapan,15:00-17:59,2026
KELAPA GADING,Penggelapan,15:00-17:59,2026
KELAPA GADING,Penghinaan,15:00-17:59,2026
KELAPA GADING,Penipuan / Perbuatan Curang,15:00-17:59,2026
KELAPA GADING,Penipuan / Perbuatan Curang,15:00-17:59,2026
KELAPA GADING,Penipuan / Perbuatan Curang,15:00-17:59,2026
KELAPA GADING,Penipuan / Perbuatan Curang,15:00-17:59,2026
KELAPA GADING,Penipuan / Perbuatan Curang,15:00-17:59,2026
KELAPA GADING,Penipuan / Perbuatan Curang,15:00-17:59,2026
KELAPA GADING,Penipuan / Perbuatan Curang,15:00-17:59,2026
KELAPA GADING,Penipuan / Perbuatan Curang,15:00-17:59,2026
KELAPA GADING,Penipuan / Perbuatan Curang,15:00-17:59,2026
KELAPA GADING,Penipuan / Perbuatan Curang,15:00-17:59,2026
KELAPA GADING,Telekomunikasi,15:00-17:59,2026
KELAPA GADING,Tindak Pidana Dalam Perlindungan Anak,15:00-17:59,2026
KELAPA GADING,Curanmor R-2,18:00-21:59,2026
KELAPA GADING,Kekerasan Seksual (KDRT),18:00-21:59,2026
KELAPA GADING,Kekerasan Seksual (KDRT),18:00-21:59,2026
KELAPA GADING,Manipulasi data autentik secara elektronik (ITE),18:00-21:59,2026
KELAPA GADING,Menjual atau mengedarkan obat keras / bebas terbatas tanpa ijin,18:00-21:59,2026
KELAPA GADING,Narkotika ( Narkoba ),18:00-21:59,2026
KELAPA GADING,Pemalsuan Surat Otentik,18:00-21:59,2026
KELAPA GADING,Pencemaran Nama Baik,18:00-21:59,2026
KELAPA GADING,Pencurian Biasa,18:00-21:59,2026
KELAPA GADING,Pencurian Biasa,18:00-21:59,2026
KELAPA GADING,Pencurian Biasa,18:00-21:59,2026
KELAPA GADING,Pencurian Dengan Kekerasan ( Curas ),18:00-21:59,2026
KELAPA GADING,Pencurian Dengan Pemberatan ( Curat ),18:00-21:59,2026
KELAPA GADING,Pencurian Dengan Pemberatan ( Curat ),18:00-21:59,2026
KELAPA GADING,Pencurian Dengan Pemberatan ( Curat ),18:00-21:59,2026
KELAPA GADING,Penganiayaan,18:00-21:59,2026
KELAPA GADING,Penggelapan,18:00-21:59,2026
KELAPA GADING,Penggelapan,18:00-21:59,2026
KELAPA GADING,Penipuan / Perbuatan Curang,18:00-21:59,2026
KELAPA GADING,Penipuan / Perbuatan Curang,18:00-21:59,2026
KELAPA GADING,Penipuan / Perbuatan Curang,18:00-21:59,2026
KELAPA GADING,Penipuan / Perbuatan Curang,18:00-21:59,2026
KELAPA GADING,Penipuan / Perbuatan Curang,18:00-21:59,2026
KELAPA GADING,Penipuan / Perbuatan Curang,18:00-21:59,2026
KELAPA GADING,Penipuan / Perbuatan Curang,18:00-21:59,2026
KELAPA GADING,Penipuan / Perbuatan Curang,18:00-21:59,2026
KELAPA GADING,Perbuatan Yang Tidak Menyenangkan,18:00-21:59,2026
KELAPA GADING,Kekerasan Dalam Rumah Tangga,22:00-23:59,2026
KELAPA GADING,Kekerasan Dalam Rumah Tangga,22:00-23:59,2026
KELAPA GADING,Kekerasan Dalam Rumah Tangga,22:00-23:59,2026
KELAPA GADING,Kekerasan Dalam Rumah Tangga,22:00-23:59,2026
KELAPA GADING,Manipulasi data autentik secara elektronik (ITE),22:00-23:59,2026
KELAPA GADING,Manipulasi data autentik secara elektronik (ITE),22:00-23:59,2026
KELAPA GADING,Memasuki Pekarangan Tanpa Ijin,22:00-23:59,2026
KELAPA GADING,Menjual atau mengedarkan obat keras / bebas terbatas tanpa ijin,22:00-23:59,2026
KELAPA GADING,Narkotika ( Narkoba ),22:00-23:59,2026
KELAPA GADING,Narkotika ( Narkoba ),22:00-23:59,2026
KELAPA GADING,Pencemaran Nama Baik,22:00-23:59,2026
KELAPA GADING,Pencurian Biasa,22:00-23:59,2026
KELAPA GADING,Pengaduan Palsu,22:00-23:59,2026
KELAPA GADING,Penganiayaan,22:00-23:59,2026
KELAPA GADING,Pengeroyokan,22:00-23:59,2026
KELAPA GADING,Penggelapan,22:00-23:59,2026
KELAPA GADING,Penggelapan,22:00-23:59,2026
KELAPA GADING,Penipuan / Perbuatan Curang,22:00-23:59,2026
KELAPA GADING,Penipuan / Perbuatan Curang,22:00-23:59,2026
KELAPA GADING,Penipuan / Perbuatan Curang,22:00-23:59,2026
KELAPA GADING,Penipuan / Perbuatan Curang,22:00-23:59,2026
KELAPA GADING,Persetubuhan Terhadap Anak / Cabul Terhadap Anak,22:00-23:59,2026
KELAPA GADING,Curanmor R-2,00:00-04:59,2026
KELAPA GADING,Kejahatan Tentang Minyak Dan Gas  ( MIGAS ),00:00-04:59,2026
KELAPA GADING,Kekerasan Dalam Rumah Tangga,00:00-04:59,2026
KELAPA GADING,Kekerasan Dalam Rumah Tangga,00:00-04:59,2026
KELAPA GADING,Kekerasan Dalam Rumah Tangga,00:00-04:59,2026
KELAPA GADING,Kekerasan Dalam Rumah Tangga,00:00-04:59,2026
KELAPA GADING,Kekerasan Dalam Rumah Tangga,00:00-04:59,2026
KELAPA GADING,Narkotika ( Narkoba ),00:00-04:59,2026
KELAPA GADING,Narkotika ( Narkoba ),00:00-04:59,2026
KELAPA GADING,Pencurian Biasa,00:00-04:59,2026
KELAPA GADING,Pencurian Dengan Pemberatan ( Curat ),00:00-04:59,2026
KELAPA GADING,Pencurian Dengan Pemberatan ( Curat ),00:00-04:59,2026
KELAPA GADING,Penganiayaan,00:00-04:59,2026
KELAPA GADING,Pengeroyokan,00:00-04:59,2026
KELAPA GADING,Pengeroyokan,00:00-04:59,2026
KELAPA GADING,Pengeroyokan,00:00-04:59,2026
KELAPA GADING,Pengeroyokan,00:00-04:59,2026
KELAPA GADING,Penggelapan,00:00-04:59,2026
KELAPA GADING,Penggelapan,00:00-04:59,2026
KELAPA GADING,Penggelapan,00:00-04:59,2026
KELAPA GADING,Penyekapan,00:00-04:59,2026
TAMAN SARI,Cabul,05:00-07:59,2026
TAMAN SARI,Kekerasan Seksual (KDRT),05:00-07:59,2026
TAMAN SARI,Narkotika ( Narkoba ),05:00-07:59,2026
TAMAN SARI,Narkotika ( Narkoba ),05:00-07:59,2026
TAMAN SARI,Narkotika ( Narkoba ),05:00-07:59,2026
TAMAN SARI,Pencurian Biasa,05:00-07:59,2026
TAMAN SARI,Pencurian Biasa,05:00-07:59,2026
TAMAN SARI,Pencurian Biasa,05:00-07:59,2026
TAMAN SARI,Pencurian Biasa,05:00-07:59,2026
TAMAN SARI,Pencurian Biasa,05:00-07:59,2026
TAMAN SARI,Pencurian Dengan Pemberatan ( Curat ),05:00-07:59,2026
TAMAN SARI,Penganiayaan,05:00-07:59,2026
TAMAN SARI,Penganiayaan,05:00-07:59,2026
TAMAN SARI,Penganiayaan,05:00-07:59,2026
TAMAN SARI,Pengeroyokan,05:00-07:59,2026
TAMAN SARI,Penipuan / Perbuatan Curang,05:00-07:59,2026
TAMAN SARI,Penyerobotan Tanah,05:00-07:59,2026
TAMAN SARI,Kejahatan Terkait Senjata Tajam ( Sajam ) ( Premanisme ),08:00-11:59,2026
TAMAN SARI,Kekerasan Dalam Rumah Tangga,08:00-11:59,2026
TAMAN SARI,Kekerasan Dalam Rumah Tangga,08:00-11:59,2026
TAMAN SARI,Menjual atau mengedarkan obat keras / bebas terbatas tanpa ijin,08:00-11:59,2026
TAMAN SARI,Narkotika ( Narkoba ),08:00-11:59,2026
TAMAN SARI,Narkotika ( Narkoba ),08:00-11:59,2026
TAMAN SARI,Narkotika ( Narkoba ),08:00-11:59,2026
TAMAN SARI,Narkotika ( Narkoba ),08:00-11:59,2026
TAMAN SARI,Pencurian Biasa,08:00-11:59,2026
TAMAN SARI,Pencurian Biasa,08:00-11:59,2026
TAMAN SARI,Pencurian Biasa,08:00-11:59,2026
TAMAN SARI,Pencurian Biasa,08:00-11:59,2026
TAMAN SARI,Pencurian Biasa,08:00-11:59,2026
TAMAN SARI,Pencurian Biasa,08:00-11:59,2026
TAMAN SARI,Pencurian Biasa,08:00-11:59,2026
TAMAN SARI,Pencurian Biasa,08:00-11:59,2026
TAMAN SARI,Pencurian Biasa,08:00-11:59,2026
TAMAN SARI,Pencurian Biasa,08:00-11:59,2026
TAMAN SARI,Pencurian Biasa,08:00-11:59,2026
TAMAN SARI,Pencurian Biasa,08:00-11:59,2026
TAMAN SARI,Pencurian Dengan Kekerasan ( Curas ),08:00-11:59,2026
TAMAN SARI,Penganiayaan,08:00-11:59,2026
TAMAN SARI,Penganiayaan,08:00-11:59,2026
TAMAN SARI,Penganiayaan,08:00-11:59,2026
TAMAN SARI,Penggelapan,08:00-11:59,2026
TAMAN SARI,Penggelapan,08:00-11:59,2026
TAMAN SARI,Penggelapan,08:00-11:59,2026
TAMAN SARI,Penggelapan,08:00-11:59,2026
TAMAN SARI,Penggelapan,08:00-11:59,2026
TAMAN SARI,Penggelapan,08:00-11:59,2026
TAMAN SARI,Penggelapan,08:00-11:59,2026
TAMAN SARI,Penggelapan,08:00-11:59,2026
TAMAN SARI,Penggelapan,08:00-11:59,2026
TAMAN SARI,Penghinaan,08:00-11:59,2026
TAMAN SARI,Penipuan / Perbuatan Curang,08:00-11:59,2026
TAMAN SARI,Penipuan / Perbuatan Curang,08:00-11:59,2026
TAMAN SARI,Penipuan / Perbuatan Curang,08:00-11:59,2026
TAMAN SARI,Cabul,12:00-14:59,2026
TAMAN SARI,Manipulasi data autentik secara elektronik (ITE),12:00-14:59,2026
TAMAN SARI,Manipulasi data autentik secara elektronik (ITE),12:00-14:59,2026
TAMAN SARI,Memasuki Pekarangan Tanpa Ijin,12:00-14:59,2026
TAMAN SARI,Menjual atau mengedarkan obat keras / bebas terbatas tanpa ijin,12:00-14:59,2026
TAMAN SARI,Narkotika ( Narkoba ),12:00-14:59,2026
TAMAN SARI,Narkotika ( Narkoba ),12:00-14:59,2026
TAMAN SARI,Narkotika ( Narkoba ),12:00-14:59,2026
TAMAN SARI,Narkotika ( Narkoba ),12:00-14:59,2026
TAMAN SARI,Pemalsuan Surat Otentik,12:00-14:59,2026
TAMAN SARI,Pencemaran Nama Baik,12:00-14:59,2026
TAMAN SARI,Pencurian Biasa,12:00-14:59,2026
TAMAN SARI,Pencurian Biasa,12:00-14:59,2026
TAMAN SARI,Pencurian Biasa,12:00-14:59,2026
TAMAN SARI,Pencurian Biasa,12:00-14:59,2026
TAMAN SARI,Pencurian Biasa,12:00-14:59,2026
TAMAN SARI,Pencurian Dengan Pemberatan ( Curat ),12:00-14:59,2026
TAMAN SARI,Penganiayaan,12:00-14:59,2026
TAMAN SARI,Penganiayaan,12:00-14:59,2026
TAMAN SARI,Penggelapan,12:00-14:59,2026
TAMAN SARI,Penggelapan,12:00-14:59,2026
TAMAN SARI,Penggelapan,12:00-14:59,2026
TAMAN SARI,Penggelapan,12:00-14:59,2026
TAMAN SARI,Penipuan / Perbuatan Curang,12:00-14:59,2026
TAMAN SARI,Penipuan / Perbuatan Curang,12:00-14:59,2026
TAMAN SARI,Penipuan / Perbuatan Curang,12:00-14:59,2026
TAMAN SARI,Penipuan / Perbuatan Curang,12:00-14:59,2026
TAMAN SARI,Penipuan / Perbuatan Curang,12:00-14:59,2026
TAMAN SARI,Penipuan / Perbuatan Curang,12:00-14:59,2026
TAMAN SARI,Penyerobotan Tanah,12:00-14:59,2026
TAMAN SARI,Perbankan,12:00-14:59,2026
TAMAN SARI,Perbankan,12:00-14:59,2026
TAMAN SARI,Tindak Pidana Dalam Perlindungan Anak,12:00-14:59,2026
TAMAN SARI,Kekerasan Dalam Rumah Tangga,15:00-17:59,2026
TAMAN SARI,Kekerasan Dalam Rumah Tangga,15:00-17:59,2026
TAMAN SARI,Manipulasi data autentik secara elektronik (ITE),15:00-17:59,2026
TAMAN SARI,Manipulasi data autentik secara elektronik (ITE),15:00-17:59,2026
TAMAN SARI,Manipulasi data autentik secara elektronik (ITE),15:00-17:59,2026
TAMAN SARI,Memasuki Pekarangan Tanpa Ijin,15:00-17:59,2026
TAMAN SARI,Narkotika ( Narkoba ),15:00-17:59,2026
TAMAN SARI,Narkotika ( Narkoba ),15:00-17:59,2026
TAMAN SARI,Narkotika ( Narkoba ),15:00-17:59,2026
TAMAN SARI,Narkotika ( Narkoba ),15:00-17:59,2026
TAMAN SARI,Narkotika ( Narkoba ),15:00-17:59,2026
TAMAN SARI,Narkotika ( Narkoba ),15:00-17:59,2026
TAMAN SARI,Narkotika ( Narkoba ),15:00-17:59,2026
TAMAN SARI,Pemalsuan Surat Otentik,15:00-17:59,2026
TAMAN SARI,Pemerasan,15:00-17:59,2026
TAMAN SARI,Pemerasan Dan Pengancaman,15:00-17:59,2026
TAMAN SARI,Pencurian Biasa,15:00-17:59,2026
TAMAN SARI,Pencurian Biasa,15:00-17:59,2026
TAMAN SARI,Pencurian Biasa,15:00-17:59,2026
TAMAN SARI,Pencurian Biasa,15:00-17:59,2026
TAMAN SARI,Pencurian Biasa,15:00-17:59,2026
TAMAN SARI,Pencurian Biasa,15:00-17:59,2026
TAMAN SARI,Pencurian Biasa,15:00-17:59,2026
TAMAN SARI,Pencurian Biasa,15:00-17:59,2026
TAMAN SARI,Pencurian Dengan Pemberatan ( Curat ),15:00-17:59,2026
TAMAN SARI,Pencurian Dengan Pemberatan ( Curat ),15:00-17:59,2026
TAMAN SARI,Pencurian Ringan,15:00-17:59,2026
TAMAN SARI,Penganiayaan,15:00-17:59,2026
TAMAN SARI,Penganiayaan,15:00-17:59,2026
TAMAN SARI,Penganiayaan,15:00-17:59,2026
TAMAN SARI,Penganiayaan,15:00-17:59,2026
TAMAN SARI,Pengeroyokan,15:00-17:59,2026
TAMAN SARI,Penggelapan,15:00-17:59,2026
TAMAN SARI,Penggelapan,15:00-17:59,2026
TAMAN SARI,Penggelapan,15:00-17:59,2026
TAMAN SARI,Penggelapan,15:00-17:59,2026
TAMAN SARI,Penggelapan,15:00-17:59,2026
TAMAN SARI,Penggelapan,15:00-17:59,2026
TAMAN SARI,Penggelapan,15:00-17:59,2026
TAMAN SARI,Penghinaan,15:00-17:59,2026
TAMAN SARI,Penipuan / Perbuatan Curang,15:00-17:59,2026
TAMAN SARI,Penipuan / Perbuatan Curang,15:00-17:59,2026
TAMAN SARI,Penipuan / Perbuatan Curang,15:00-17:59,2026
TAMAN SARI,Penipuan / Perbuatan Curang,15:00-17:59,2026
TAMAN SARI,Penipuan / Perbuatan Curang,15:00-17:59,2026
TAMAN SARI,Penipuan / Perbuatan Curang,15:00-17:59,2026
TAMAN SARI,Penipuan / Perbuatan Curang,15:00-17:59,2026
TAMAN SARI,Perzinahan,15:00-17:59,2026
TAMAN SARI,Cabul,18:00-21:59,2026
TAMAN SARI,Judi,18:00-21:59,2026
TAMAN SARI,Kejahatan Terkait Senjata Tajam ( Sajam ) ( Premanisme ),18:00-21:59,2026
TAMAN SARI,Kejahatan Terkait Senjata Tajam ( Sajam ) ( Premanisme ),18:00-21:59,2026
TAMAN SARI,Kekerasan Dalam Rumah Tangga,18:00-21:59,2026
TAMAN SARI,Kekerasan Dalam Rumah Tangga,18:00-21:59,2026
TAMAN SARI,Manipulasi data autentik secara elektronik (ITE),18:00-21:59,2026
TAMAN SARI,Memasuki Pekarangan Tanpa Ijin,18:00-21:59,2026
TAMAN SARI,Menjual atau mengedarkan obat keras / bebas terbatas tanpa ijin,18:00-21:59,2026
TAMAN SARI,Narkotika ( Narkoba ),18:00-21:59,2026
TAMAN SARI,Narkotika ( Narkoba ),18:00-21:59,2026
TAMAN SARI,Narkotika ( Narkoba ),18:00-21:59,2026
TAMAN SARI,Narkotika ( Narkoba ),18:00-21:59,2026
TAMAN SARI,Narkotika ( Narkoba ),18:00-21:59,2026
TAMAN SARI,Narkotika ( Narkoba ),18:00-21:59,2026
TAMAN SARI,Narkotika ( Narkoba ),18:00-21:59,2026
TAMAN SARI,Narkotika ( Narkoba ),18:00-21:59,2026
TAMAN SARI,Narkotika ( Narkoba ),18:00-21:59,2026
TAMAN SARI,Narkotika ( Narkoba ),18:00-21:59,2026
TAMAN SARI,Narkotika ( Narkoba ),18:00-21:59,2026
TAMAN SARI,Narkotika ( Narkoba ),18:00-21:59,2026
TAMAN SARI,Narkotika ( Narkoba ),18:00-21:59,2026
TAMAN SARI,Narkotika ( Narkoba ),18:00-21:59,2026
TAMAN SARI,Pemerasan,18:00-21:59,2026
TAMAN SARI,Pencemaran Nama Baik,18:00-21:59,2026
TAMAN SARI,Pencurian Biasa,18:00-21:59,2026
TAMAN SARI,Pencurian Biasa,18:00-21:59,2026
TAMAN SARI,Pencurian Biasa,18:00-21:59,2026
TAMAN SARI,Pencurian Dengan Kekerasan ( Curas ),18:00-21:59,2026
TAMAN SARI,Pencurian Ringan,18:00-21:59,2026
TAMAN SARI,Penganiayaan,18:00-21:59,2026
TAMAN SARI,Penganiayaan,18:00-21:59,2026
TAMAN SARI,Penganiayaan,18:00-21:59,2026
TAMAN SARI,Penganiayaan,18:00-21:59,2026
TAMAN SARI,Penganiayaan,18:00-21:59,2026
TAMAN SARI,Penganiayaan,18:00-21:59,2026
TAMAN SARI,Penganiayaan,18:00-21:59,2026
TAMAN SARI,Pengeroyokan,18:00-21:59,2026
TAMAN SARI,Penggelapan,18:00-21:59,2026
TAMAN SARI,Penggelapan,18:00-21:59,2026
TAMAN SARI,Penggelapan,18:00-21:59,2026
TAMAN SARI,Penipuan / Perbuatan Curang,18:00-21:59,2026
TAMAN SARI,Perbankan,18:00-21:59,2026
TAMAN SARI,Perzinahan,18:00-21:59,2026
TAMAN SARI,Perzinahan,18:00-21:59,2026
TAMAN SARI,Sumpah Palsu Dan Keterangan Palsu,18:00-21:59,2026
TAMAN SARI,Menjual atau mengedarkan obat keras / bebas terbatas tanpa ijin,22:00-23:59,2026
TAMAN SARI,Narkotika ( Narkoba ),22:00-23:59,2026
TAMAN SARI,Narkotika ( Narkoba ),22:00-23:59,2026
TAMAN SARI,Narkotika ( Narkoba ),22:00-23:59,2026
TAMAN SARI,Narkotika ( Narkoba ),22:00-23:59,2026
TAMAN SARI,Narkotika ( Narkoba ),22:00-23:59,2026
TAMAN SARI,Narkotika ( Narkoba ),22:00-23:59,2026
TAMAN SARI,Pencurian Biasa,22:00-23:59,2026
TAMAN SARI,Pencurian Dengan Pemberatan ( Curat ),22:00-23:59,2026
TAMAN SARI,Penganiayaan,22:00-23:59,2026
TAMAN SARI,Penganiayaan,22:00-23:59,2026
TAMAN SARI,Pengeroyokan,22:00-23:59,2026
TAMAN SARI,Penggelapan,22:00-23:59,2026
TAMAN SARI,Penggelapan,22:00-23:59,2026
TAMAN SARI,Kejahatan Terkait Senjata Tajam ( Sajam ) ( Premanisme ),00:00-04:59,2026
TAMAN SARI,Kejahatan Terkait Senjata Tajam ( Sajam ) ( Premanisme ),00:00-04:59,2026
TAMAN SARI,Kejahatan Terkait Senjata Tajam ( Sajam ) ( Premanisme ),00:00-04:59,2026
TAMAN SARI,Kekerasan Dalam Rumah Tangga,00:00-04:59,2026
TAMAN SARI,Kekerasan Seksual (KDRT),00:00-04:59,2026
TAMAN SARI,Narkotika ( Narkoba ),00:00-04:59,2026
TAMAN SARI,Narkotika ( Narkoba ),00:00-04:59,2026
TAMAN SARI,Narkotika ( Narkoba ),00:00-04:59,2026
TAMAN SARI,Narkotika ( Narkoba ),00:00-04:59,2026
TAMAN SARI,Narkotika ( Narkoba ),00:00-04:59,2026
TAMAN SARI,Narkotika ( Narkoba ),00:00-04:59,2026
TAMAN SARI,Narkotika ( Narkoba ),00:00-04:59,2026
TAMAN SARI,Narkotika ( Narkoba ),00:00-04:59,2026
TAMAN SARI,Narkotika ( Narkoba ),00:00-04:59,2026
TAMAN SARI,Pencurian Biasa,00:00-04:59,2026
TAMAN SARI,Pencurian Biasa,00:00-04:59,2026
TAMAN SARI,Pencurian Biasa,00:00-04:59,2026
TAMAN SARI,Pencurian Dengan Pemberatan ( Curat ),00:00-04:59,2026
TAMAN SARI,Penganiayaan,00:00-04:59,2026
TAMAN SARI,Penganiayaan,00:00-04:59,2026
TAMAN SARI,Penganiayaan,00:00-04:59,2026
TAMAN SARI,Penganiayaan,00:00-04:59,2026
TAMAN SARI,Penganiayaan,00:00-04:59,2026
TAMAN SARI,Penganiayaan,00:00-04:59,2026
TAMAN SARI,Penganiayaan,00:00-04:59,2026
TAMAN SARI,Penganiayaan,00:00-04:59,2026
TAMAN SARI,Pengeroyokan,00:00-04:59,2026
TAMAN SARI,Pengeroyokan,00:00-04:59,2026
TAMAN SARI,Pengeroyokan,00:00-04:59,2026
TAMAN SARI,Percobaan Pencurian,00:00-04:59,2026
TAMAN SARI,Percobaan Pencurian,00:00-04:59,2026
TAMAN SARI,Terhadap ketertiban umum,00:00-04:59,2026
MAMPANG PRAPATAN,Manipulasi data autentik secara elektronik (ITE),05:00-07:59,2026
MAMPANG PRAPATAN,Pencurian Biasa,05:00-07:59,2026
MAMPANG PRAPATAN,Pencurian Biasa,05:00-07:59,2026
MAMPANG PRAPATAN,Penganiayaan,05:00-07:59,2026
MAMPANG PRAPATAN,Penganiayaan,05:00-07:59,2026
MAMPANG PRAPATAN,Kekerasan Dalam Rumah Tangga,08:00-11:59,2026
MAMPANG PRAPATAN,Kekerasan Dalam Rumah Tangga,08:00-11:59,2026
MAMPANG PRAPATAN,Manipulasi data autentik secara elektronik (ITE),08:00-11:59,2026
MAMPANG PRAPATAN,Manipulasi data autentik secara elektronik (ITE),08:00-11:59,2026
MAMPANG PRAPATAN,Manipulasi data autentik secara elektronik (ITE),08:00-11:59,2026
MAMPANG PRAPATAN,Manipulasi data autentik secara elektronik (ITE),08:00-11:59,2026
MAMPANG PRAPATAN,Manipulasi data autentik secara elektronik (ITE),08:00-11:59,2026
MAMPANG PRAPATAN,Manipulasi data autentik secara elektronik (ITE),08:00-11:59,2026
MAMPANG PRAPATAN,Manipulasi data autentik secara elektronik (ITE),08:00-11:59,2026
MAMPANG PRAPATAN,Manipulasi data autentik secara elektronik (ITE),08:00-11:59,2026
MAMPANG PRAPATAN,Manipulasi data autentik secara elektronik (ITE),08:00-11:59,2026
MAMPANG PRAPATAN,Narkotika ( Narkoba ),08:00-11:59,2026
MAMPANG PRAPATAN,Narkotika ( Narkoba ),08:00-11:59,2026
MAMPANG PRAPATAN,Pemerasan,08:00-11:59,2026
MAMPANG PRAPATAN,Pencemaran Nama Baik,08:00-11:59,2026
MAMPANG PRAPATAN,Pencemaran Nama Baik,08:00-11:59,2026
MAMPANG PRAPATAN,Pencemaran Nama Baik,08:00-11:59,2026
MAMPANG PRAPATAN,Pencurian Biasa,08:00-11:59,2026
MAMPANG PRAPATAN,Pencurian Biasa,08:00-11:59,2026
MAMPANG PRAPATAN,Pencurian Biasa,08:00-11:59,2026
MAMPANG PRAPATAN,Pencurian Biasa,08:00-11:59,2026
MAMPANG PRAPATAN,Pencurian Dengan Pemberatan ( Curat ),08:00-11:59,2026
MAMPANG PRAPATAN,Pencurian Dengan Pemberatan ( Curat ),08:00-11:59,2026
MAMPANG PRAPATAN,Pengancaman,08:00-11:59,2026
MAMPANG PRAPATAN,Penganiayaan,08:00-11:59,2026
MAMPANG PRAPATAN,Penganiayaan,08:00-11:59,2026
MAMPANG PRAPATAN,Penganiayaan,08:00-11:59,2026
MAMPANG PRAPATAN,Penganiayaan,08:00-11:59,2026
MAMPANG PRAPATAN,Penganiayaan,08:00-11:59,2026
MAMPANG PRAPATAN,Penganiayaan,08:00-11:59,2026
MAMPANG PRAPATAN,Penggelapan,08:00-11:59,2026
MAMPANG PRAPATAN,Penggelapan,08:00-11:59,2026
MAMPANG PRAPATAN,Penggelapan,08:00-11:59,2026
MAMPANG PRAPATAN,Penggelapan,08:00-11:59,2026
MAMPANG PRAPATAN,Penghinaan,08:00-11:59,2026
MAMPANG PRAPATAN,Penipuan / Perbuatan Curang,08:00-11:59,2026
MAMPANG PRAPATAN,Penipuan / Perbuatan Curang,08:00-11:59,2026
MAMPANG PRAPATAN,Penipuan / Perbuatan Curang,08:00-11:59,2026
MAMPANG PRAPATAN,Perbankan,08:00-11:59,2026
MAMPANG PRAPATAN,Perzinahan,08:00-11:59,2026
MAMPANG PRAPATAN,Perzinahan,08:00-11:59,2026
MAMPANG PRAPATAN,Cabul,12:00-14:59,2026
MAMPANG PRAPATAN,Curanmor R-2,12:00-14:59,2026
MAMPANG PRAPATAN,Manipulasi data autentik secara elektronik (ITE),12:00-14:59,2026
MAMPANG PRAPATAN,Manipulasi data autentik secara elektronik (ITE),12:00-14:59,2026
MAMPANG PRAPATAN,Manipulasi data autentik secara elektronik (ITE),12:00-14:59,2026
MAMPANG PRAPATAN,Manipulasi data autentik secara elektronik (ITE),12:00-14:59,2026
MAMPANG PRAPATAN,Manipulasi data autentik secara elektronik (ITE),12:00-14:59,2026
MAMPANG PRAPATAN,Manipulasi data autentik secara elektronik (ITE),12:00-14:59,2026
MAMPANG PRAPATAN,Manipulasi data autentik secara elektronik (ITE),12:00-14:59,2026
MAMPANG PRAPATAN,Manipulasi data autentik secara elektronik (ITE),12:00-14:59,2026
MAMPANG PRAPATAN,Manipulasi data autentik secara elektronik (ITE),12:00-14:59,2026
MAMPANG PRAPATAN,Manipulasi data autentik secara elektronik (ITE),12:00-14:59,2026
MAMPANG PRAPATAN,Manipulasi data autentik secara elektronik (ITE),12:00-14:59,2026
MAMPANG PRAPATAN,Memasuki Pekarangan Tanpa Ijin,12:00-14:59,2026
MAMPANG PRAPATAN,Mengakibatkan Orang Luka,12:00-14:59,2026
MAMPANG PRAPATAN,Menjual atau mengedarkan obat keras / bebas terbatas tanpa ijin,12:00-14:59,2026
MAMPANG PRAPATAN,Pencemaran Nama Baik,12:00-14:59,2026
MAMPANG PRAPATAN,Pencurian Biasa,12:00-14:59,2026
MAMPANG PRAPATAN,Pencurian Biasa,12:00-14:59,2026
MAMPANG PRAPATAN,Pencurian Biasa,12:00-14:59,2026
MAMPANG PRAPATAN,Pencurian Biasa,12:00-14:59,2026
MAMPANG PRAPATAN,Pencurian Biasa,12:00-14:59,2026
MAMPANG PRAPATAN,Pencurian Biasa,12:00-14:59,2026
MAMPANG PRAPATAN,Pengancaman,12:00-14:59,2026
MAMPANG PRAPATAN,Penganiayaan,12:00-14:59,2026
MAMPANG PRAPATAN,Penganiayaan,12:00-14:59,2026
MAMPANG PRAPATAN,Penganiayaan,12:00-14:59,2026
MAMPANG PRAPATAN,Penggelapan,12:00-14:59,2026
MAMPANG PRAPATAN,Penggelapan,12:00-14:59,2026
MAMPANG PRAPATAN,Penggelapan,12:00-14:59,2026
MAMPANG PRAPATAN,Penggelapan,12:00-14:59,2026
MAMPANG PRAPATAN,Penggelapan,12:00-14:59,2026
MAMPANG PRAPATAN,Penggelapan,12:00-14:59,2026
MAMPANG PRAPATAN,Penipuan / Perbuatan Curang,12:00-14:59,2026
MAMPANG PRAPATAN,Penipuan / Perbuatan Curang,12:00-14:59,2026
MAMPANG PRAPATAN,Penipuan / Perbuatan Curang,12:00-14:59,2026
MAMPANG PRAPATAN,Penipuan / Perbuatan Curang,12:00-14:59,2026
MAMPANG PRAPATAN,Penipuan / Perbuatan Curang,12:00-14:59,2026
MAMPANG PRAPATAN,Penipuan / Perbuatan Curang,12:00-14:59,2026
MAMPANG PRAPATAN,Penipuan / Perbuatan Curang,12:00-14:59,2026
MAMPANG PRAPATAN,Penipuan / Perbuatan Curang,12:00-14:59,2026
MAMPANG PRAPATAN,Penipuan / Perbuatan Curang,12:00-14:59,2026
MAMPANG PRAPATAN,Penipuan / Perbuatan Curang,12:00-14:59,2026
MAMPANG PRAPATAN,Penyerobotan Tanah,12:00-14:59,2026
MAMPANG PRAPATAN,Perkosaan,12:00-14:59,2026
MAMPANG PRAPATAN,Curanmor R-2,15:00-17:59,2026
MAMPANG PRAPATAN,Kejahatan Terkait Perlindungan Data Pribadi,15:00-17:59,2026
MAMPANG PRAPATAN,Kekerasan Dalam Rumah Tangga,15:00-17:59,2026
MAMPANG PRAPATAN,Manipulasi data autentik secara elektronik (ITE),15:00-17:59,2026
MAMPANG PRAPATAN,Manipulasi data autentik secara elektronik (ITE),15:00-17:59,2026
MAMPANG PRAPATAN,Manipulasi data autentik secara elektronik (ITE),15:00-17:59,2026
MAMPANG PRAPATAN,Manipulasi data autentik secara elektronik (ITE),15:00-17:59,2026
MAMPANG PRAPATAN,Manipulasi data autentik secara elektronik (ITE),15:00-17:59,2026
MAMPANG PRAPATAN,Manipulasi data autentik secara elektronik (ITE),15:00-17:59,2026
MAMPANG PRAPATAN,Manipulasi data autentik secara elektronik (ITE),15:00-17:59,2026
MAMPANG PRAPATAN,Menjual atau mengedarkan obat keras / bebas terbatas tanpa ijin,15:00-17:59,2026
MAMPANG PRAPATAN,Narkotika ( Narkoba ),15:00-17:59,2026
MAMPANG PRAPATAN,Narkotika ( Narkoba ),15:00-17:59,2026
MAMPANG PRAPATAN,Pencemaran Nama Baik,15:00-17:59,2026
MAMPANG PRAPATAN,Pencemaran Nama Baik,15:00-17:59,2026
MAMPANG PRAPATAN,Pencemaran Nama Baik,15:00-17:59,2026
MAMPANG PRAPATAN,Pencurian Biasa,15:00-17:59,2026
MAMPANG PRAPATAN,Pencurian Biasa,15:00-17:59,2026
MAMPANG PRAPATAN,Pencurian Biasa,15:00-17:59,2026
MAMPANG PRAPATAN,Pencurian Biasa,15:00-17:59,2026
MAMPANG PRAPATAN,Penganiayaan,15:00-17:59,2026
MAMPANG PRAPATAN,Penganiayaan,15:00-17:59,2026
MAMPANG PRAPATAN,Penganiayaan,15:00-17:59,2026
MAMPANG PRAPATAN,Penganiayaan,15:00-17:59,2026
MAMPANG PRAPATAN,Penggelapan,15:00-17:59,2026
MAMPANG PRAPATAN,Penggelapan,15:00-17:59,2026
MAMPANG PRAPATAN,Penggelapan,15:00-17:59,2026
MAMPANG PRAPATAN,Penggelapan,15:00-17:59,2026
MAMPANG PRAPATAN,Penggelapan,15:00-17:59,2026
MAMPANG PRAPATAN,Penggelapan,15:00-17:59,2026
MAMPANG PRAPATAN,Penggelapan,15:00-17:59,2026
MAMPANG PRAPATAN,Penggelapan,15:00-17:59,2026
MAMPANG PRAPATAN,Penggelapan,15:00-17:59,2026
MAMPANG PRAPATAN,Penggelapan,15:00-17:59,2026
MAMPANG PRAPATAN,Penipuan / Perbuatan Curang,15:00-17:59,2026
MAMPANG PRAPATAN,Penipuan / Perbuatan Curang,15:00-17:59,2026
MAMPANG PRAPATAN,Penipuan / Perbuatan Curang,15:00-17:59,2026
MAMPANG PRAPATAN,Penipuan / Perbuatan Curang,15:00-17:59,2026
MAMPANG PRAPATAN,Penipuan / Perbuatan Curang,15:00-17:59,2026
MAMPANG PRAPATAN,Penipuan / Perbuatan Curang,15:00-17:59,2026
MAMPANG PRAPATAN,Penipuan / Perbuatan Curang,15:00-17:59,2026
MAMPANG PRAPATAN,Penipuan / Perbuatan Curang,15:00-17:59,2026
MAMPANG PRAPATAN,Penipuan / Perbuatan Curang,15:00-17:59,2026
MAMPANG PRAPATAN,Penipuan / Perbuatan Curang,15:00-17:59,2026
MAMPANG PRAPATAN,Penipuan / Perbuatan Curang,15:00-17:59,2026
MAMPANG PRAPATAN,Penipuan / Perbuatan Curang,15:00-17:59,2026
MAMPANG PRAPATAN,Penipuan / Perbuatan Curang,15:00-17:59,2026
MAMPANG PRAPATAN,Penipuan / Perbuatan Curang,15:00-17:59,2026
MAMPANG PRAPATAN,Penipuan / Perbuatan Curang,15:00-17:59,2026
MAMPANG PRAPATAN,Penistaan Agama,15:00-17:59,2026
MAMPANG PRAPATAN,Perbankan,15:00-17:59,2026
MAMPANG PRAPATAN,Perkosaan,15:00-17:59,2026
MAMPANG PRAPATAN,Tindak Pidana Dalam Perlindungan Anak,15:00-17:59,2026
MAMPANG PRAPATAN,Tindak Pidana Dalam Perlindungan Anak,15:00-17:59,2026
MAMPANG PRAPATAN,Kejahatan Tentang Pornografi,18:00-21:59,2026
MAMPANG PRAPATAN,Kejahatan terkait Tenaga Kesehatan,18:00-21:59,2026
MAMPANG PRAPATAN,Manipulasi data autentik secara elektronik (ITE),18:00-21:59,2026
MAMPANG PRAPATAN,Manipulasi data autentik secara elektronik (ITE),18:00-21:59,2026
MAMPANG PRAPATAN,Manipulasi data autentik secara elektronik (ITE),18:00-21:59,2026
MAMPANG PRAPATAN,Manipulasi data autentik secara elektronik (ITE),18:00-21:59,2026
MAMPANG PRAPATAN,Manipulasi data autentik secara elektronik (ITE),18:00-21:59,2026
MAMPANG PRAPATAN,Manipulasi data autentik secara elektronik (ITE),18:00-21:59,2026
MAMPANG PRAPATAN,Memasuki Pekarangan Tanpa Ijin,18:00-21:59,2026
MAMPANG PRAPATAN,Memasuki Pekarangan Tanpa Ijin,18:00-21:59,2026
MAMPANG PRAPATAN,Narkotika ( Narkoba ),18:00-21:59,2026
MAMPANG PRAPATAN,Narkotika ( Narkoba ),18:00-21:59,2026
MAMPANG PRAPATAN,Narkotika ( Narkoba ),18:00-21:59,2026
MAMPANG PRAPATAN,Narkotika ( Narkoba ),18:00-21:59,2026
MAMPANG PRAPATAN,Pencemaran Nama Baik,18:00-21:59,2026
MAMPANG PRAPATAN,Pencemaran Nama Baik,18:00-21:59,2026
MAMPANG PRAPATAN,Pencemaran Nama Baik,18:00-21:59,2026
MAMPANG PRAPATAN,Pencurian Biasa,18:00-21:59,2026
MAMPANG PRAPATAN,Pencurian Biasa,18:00-21:59,2026
MAMPANG PRAPATAN,Pencurian Biasa,18:00-21:59,2026
MAMPANG PRAPATAN,Pencurian Biasa,18:00-21:59,2026
MAMPANG PRAPATAN,Pencurian Dengan Pemberatan ( Curat ),18:00-21:59,2026
MAMPANG PRAPATAN,Pengancaman,18:00-21:59,2026
MAMPANG PRAPATAN,Penganiayaan,18:00-21:59,2026
MAMPANG PRAPATAN,Penganiayaan,18:00-21:59,2026
MAMPANG PRAPATAN,Penganiayaan,18:00-21:59,2026
MAMPANG PRAPATAN,Penganiayaan,18:00-21:59,2026
MAMPANG PRAPATAN,Penganiayaan,18:00-21:59,2026
MAMPANG PRAPATAN,Penggelapan,18:00-21:59,2026
MAMPANG PRAPATAN,Penggelapan,18:00-21:59,2026
MAMPANG PRAPATAN,Penggelapan,18:00-21:59,2026
MAMPANG PRAPATAN,Penggelapan,18:00-21:59,2026
MAMPANG PRAPATAN,Penggelapan,18:00-21:59,2026
MAMPANG PRAPATAN,Penggelapan,18:00-21:59,2026
MAMPANG PRAPATAN,Penggelapan,18:00-21:59,2026
MAMPANG PRAPATAN,Penipuan / Perbuatan Curang,18:00-21:59,2026
MAMPANG PRAPATAN,Penipuan / Perbuatan Curang,18:00-21:59,2026
MAMPANG PRAPATAN,Penipuan / Perbuatan Curang,18:00-21:59,2026
MAMPANG PRAPATAN,Penipuan / Perbuatan Curang,18:00-21:59,2026
MAMPANG PRAPATAN,Perlindungan Konsumen,18:00-21:59,2026
MAMPANG PRAPATAN,Cabul,22:00-23:59,2026
MAMPANG PRAPATAN,Manipulasi data autentik secara elektronik (ITE),22:00-23:59,2026
MAMPANG PRAPATAN,Narkotika ( Narkoba ),22:00-23:59,2026
MAMPANG PRAPATAN,Narkotika ( Narkoba ),22:00-23:59,2026
MAMPANG PRAPATAN,Pencurian Biasa,22:00-23:59,2026
MAMPANG PRAPATAN,Pencurian Biasa,22:00-23:59,2026
MAMPANG PRAPATAN,Pencurian Dengan Pemberatan ( Curat ),22:00-23:59,2026
MAMPANG PRAPATAN,Penganiayaan,22:00-23:59,2026
MAMPANG PRAPATAN,Penggelapan,22:00-23:59,2026
MAMPANG PRAPATAN,Penipuan / Perbuatan Curang,22:00-23:59,2026
MAMPANG PRAPATAN,Penipuan / Perbuatan Curang,22:00-23:59,2026
MAMPANG PRAPATAN,Perbuatan Yang Tidak Menyenangkan,22:00-23:59,2026
MAMPANG PRAPATAN,Perbuatan Yang Tidak Menyenangkan,22:00-23:59,2026
MAMPANG PRAPATAN,Kekerasan Dalam Rumah Tangga,00:00-04:59,2026
MAMPANG PRAPATAN,Manipulasi data autentik secara elektronik (ITE),00:00-04:59,2026
MAMPANG PRAPATAN,Narkotika ( Narkoba ),00:00-04:59,2026
MAMPANG PRAPATAN,Narkotika ( Narkoba ),00:00-04:59,2026
MAMPANG PRAPATAN,Narkotika ( Narkoba ),00:00-04:59,2026
MAMPANG PRAPATAN,Narkotika ( Narkoba ),00:00-04:59,2026
MAMPANG PRAPATAN,Narkotika ( Narkoba ),00:00-04:59,2026
MAMPANG PRAPATAN,Pemerasan,00:00-04:59,2026
MAMPANG PRAPATAN,Pencurian Biasa,00:00-04:59,2026
MAMPANG PRAPATAN,Pencurian Biasa,00:00-04:59,2026
MAMPANG PRAPATAN,Pencurian Biasa,00:00-04:59,2026
MAMPANG PRAPATAN,Pencurian Biasa,00:00-04:59,2026
MAMPANG PRAPATAN,Pencurian Biasa,00:00-04:59,2026
MAMPANG PRAPATAN,Pencurian Biasa,00:00-04:59,2026
MAMPANG PRAPATAN,Pencurian Biasa,00:00-04:59,2026
MAMPANG PRAPATAN,Pencurian Dengan Kekerasan ( Curas ),00:00-04:59,2026
MAMPANG PRAPATAN,Pencurian Dengan Kekerasan ( Curas ),00:00-04:59,2026
MAMPANG PRAPATAN,Pencurian Dengan Kekerasan ( Curas ),00:00-04:59,2026
MAMPANG PRAPATAN,Pencurian Dengan Pemberatan ( Curat ),00:00-04:59,2026
MAMPANG PRAPATAN,Penganiayaan,00:00-04:59,2026
MAMPANG PRAPATAN,Penganiayaan,00:00-04:59,2026
MAMPANG PRAPATAN,Penganiayaan,00:00-04:59,2026
MAMPANG PRAPATAN,Penganiayaan,00:00-04:59,2026
MAMPANG PRAPATAN,Penganiayaan,00:00-04:59,2026
MAMPANG PRAPATAN,Penganiayaan,00:00-04:59,2026
MAMPANG PRAPATAN,Penganiayaan,00:00-04:59,2026
MAMPANG PRAPATAN,Pengeroyokan,00:00-04:59,2026
MAMPANG PRAPATAN,Pengeroyokan,00:00-04:59,2026
MAMPANG PRAPATAN,Pengeroyokan,00:00-04:59,2026
MAMPANG PRAPATAN,Pengerusakan,00:00-04:59,2026
MAMPANG PRAPATAN,Penghinaan,00:00-04:59,2026
MAMPANG PRAPATAN,Percobaan Pencurian,00:00-04:59,2026
MAMPANG PRAPATAN,Perdagangan Manusia / Trafficking In Person / Tppo (dalam Negeri),00:00-04:59,2026
MAMPANG PRAPATAN,Perkosaan,00:00-04:59,2026
CIRACAS,Kejahatan Terhadap Jiwa Orang / Pembunuhan,05:00-07:59,2026
CIRACAS,Kejahatan Terkait Senjata Tajam ( Sajam ) ( Premanisme ),05:00-07:59,2026
CIRACAS,Manipulasi data autentik secara elektronik (ITE),05:00-07:59,2026
CIRACAS,Narkotika ( Narkoba ),05:00-07:59,2026
CIRACAS,Pencurian Biasa,05:00-07:59,2026
CIRACAS,Penipuan / Perbuatan Curang,05:00-07:59,2026
CIRACAS,Penipuan / Perbuatan Curang,05:00-07:59,2026
CIRACAS,Percobaan Pencurian,05:00-07:59,2026
CIRACAS,Terhadap ketertiban umum,05:00-07:59,2026
CIRACAS,Kejahatan terkait Tenaga Kesehatan,08:00-11:59,2026
CIRACAS,Kejahatan terkait Tenaga Kesehatan,08:00-11:59,2026
CIRACAS,Kekerasan Dalam Rumah Tangga,08:00-11:59,2026
CIRACAS,Manipulasi data autentik secara elektronik (ITE),08:00-11:59,2026
CIRACAS,Manipulasi data autentik secara elektronik (ITE),08:00-11:59,2026
CIRACAS,Manipulasi data autentik secara elektronik (ITE),08:00-11:59,2026
CIRACAS,Manipulasi data autentik secara elektronik (ITE),08:00-11:59,2026
CIRACAS,Manipulasi data autentik secara elektronik (ITE),08:00-11:59,2026
CIRACAS,Manipulasi data autentik secara elektronik (ITE),08:00-11:59,2026
CIRACAS,Manipulasi data autentik secara elektronik (ITE),08:00-11:59,2026
CIRACAS,Manipulasi data autentik secara elektronik (ITE),08:00-11:59,2026
CIRACAS,Pencurian Biasa,08:00-11:59,2026
CIRACAS,Pencurian Biasa,08:00-11:59,2026
CIRACAS,Pencurian Biasa,08:00-11:59,2026
CIRACAS,Pencurian Dengan Pemberatan ( Curat ),08:00-11:59,2026
CIRACAS,Pencurian Dengan Pemberatan ( Curat ),08:00-11:59,2026
CIRACAS,Pencurian Dengan Pemberatan ( Curat ),08:00-11:59,2026
CIRACAS,Pencurian Dengan Pemberatan ( Curat ),08:00-11:59,2026
CIRACAS,Pencurian Dengan Pemberatan ( Curat ),08:00-11:59,2026
CIRACAS,Pencurian Ringan,08:00-11:59,2026
CIRACAS,Penganiayaan,08:00-11:59,2026
CIRACAS,Penganiayaan,08:00-11:59,2026
CIRACAS,Penggelapan,08:00-11:59,2026
CIRACAS,Penggelapan,08:00-11:59,2026
CIRACAS,Penggelapan,08:00-11:59,2026
CIRACAS,Penghinaan,08:00-11:59,2026
CIRACAS,Penipuan / Perbuatan Curang,08:00-11:59,2026
CIRACAS,Penipuan / Perbuatan Curang,08:00-11:59,2026
CIRACAS,Penipuan / Perbuatan Curang,08:00-11:59,2026
CIRACAS,Penipuan / Perbuatan Curang,08:00-11:59,2026
CIRACAS,Penipuan / Perbuatan Curang,08:00-11:59,2026
CIRACAS,Penipuan / Perbuatan Curang,08:00-11:59,2026
CIRACAS,Penyerobotan Tanah,08:00-11:59,2026
CIRACAS,Perbuatan Yang Tidak Menyenangkan,08:00-11:59,2026
CIRACAS,Perzinahan,08:00-11:59,2026
CIRACAS,Tindak Pidana Dalam Perlindungan Anak,08:00-11:59,2026
CIRACAS,Cabul,12:00-14:59,2026
CIRACAS,Curanmor R-2,12:00-14:59,2026
CIRACAS,Kejahatan Terhadap Penguasa Umum,12:00-14:59,2026
CIRACAS,Kejahatan Terkait Perlindungan Data Pribadi,12:00-14:59,2026
CIRACAS,Kejahatan Terkait Perlindungan Data Pribadi,12:00-14:59,2026
CIRACAS,Manipulasi data autentik secara elektronik (ITE),12:00-14:59,2026
CIRACAS,Manipulasi data autentik secara elektronik (ITE),12:00-14:59,2026
CIRACAS,Manipulasi data autentik secara elektronik (ITE),12:00-14:59,2026
CIRACAS,Manipulasi data autentik secara elektronik (ITE),12:00-14:59,2026
CIRACAS,Manipulasi data autentik secara elektronik (ITE),12:00-14:59,2026
CIRACAS,Manipulasi data autentik secara elektronik (ITE),12:00-14:59,2026
CIRACAS,Manipulasi data autentik secara elektronik (ITE),12:00-14:59,2026
CIRACAS,Manipulasi data autentik secara elektronik (ITE),12:00-14:59,2026
CIRACAS,Manipulasi data autentik secara elektronik (ITE),12:00-14:59,2026
CIRACAS,Manipulasi data autentik secara elektronik (ITE),12:00-14:59,2026
CIRACAS,Manipulasi data autentik secara elektronik (ITE),12:00-14:59,2026
CIRACAS,Manipulasi data autentik secara elektronik (ITE),12:00-14:59,2026
CIRACAS,Manipulasi data autentik secara elektronik (ITE),12:00-14:59,2026
CIRACAS,Manipulasi data autentik secara elektronik (ITE),12:00-14:59,2026
CIRACAS,Pemalsuan Surat Otentik,12:00-14:59,2026
CIRACAS,Pencemaran Nama Baik,12:00-14:59,2026
CIRACAS,Pencurian Biasa,12:00-14:59,2026
CIRACAS,Pencurian Biasa,12:00-14:59,2026
CIRACAS,Pencurian Biasa,12:00-14:59,2026
CIRACAS,Pencurian Biasa,12:00-14:59,2026
CIRACAS,Pencurian Biasa,12:00-14:59,2026
CIRACAS,Pencurian Dengan Kekerasan ( Curas ),12:00-14:59,2026
CIRACAS,Pencurian Dengan Pemberatan ( Curat ),12:00-14:59,2026
CIRACAS,Pencurian Dengan Pemberatan ( Curat ),12:00-14:59,2026
CIRACAS,Pencurian Dengan Pemberatan ( Curat ),12:00-14:59,2026
CIRACAS,Pencurian Dengan Pemberatan ( Curat ),12:00-14:59,2026
CIRACAS,Pencurian Dengan Pemberatan ( Curat ),12:00-14:59,2026
CIRACAS,Pencurian Dengan Pemberatan ( Curat ),12:00-14:59,2026
CIRACAS,Penganiayaan,12:00-14:59,2026
CIRACAS,Penganiayaan,12:00-14:59,2026
CIRACAS,Penggelapan,12:00-14:59,2026
CIRACAS,Penggelapan,12:00-14:59,2026
CIRACAS,Penipuan / Perbuatan Curang,12:00-14:59,2026
CIRACAS,Penipuan / Perbuatan Curang,12:00-14:59,2026
CIRACAS,Penipuan / Perbuatan Curang,12:00-14:59,2026
CIRACAS,Penipuan / Perbuatan Curang,12:00-14:59,2026
CIRACAS,Penipuan / Perbuatan Curang,12:00-14:59,2026
CIRACAS,Penipuan / Perbuatan Curang,12:00-14:59,2026
CIRACAS,Penipuan / Perbuatan Curang,12:00-14:59,2026
CIRACAS,Persetubuhan Terhadap Anak / Cabul Terhadap Anak,12:00-14:59,2026
CIRACAS,Terhadap ketertiban umum,12:00-14:59,2026
CIRACAS,Tindak Pidana Dalam Perlindungan Anak,12:00-14:59,2026
CIRACAS,Kekerasan Dalam Rumah Tangga,15:00-17:59,2026
CIRACAS,Kekerasan Dalam Rumah Tangga,15:00-17:59,2026
CIRACAS,Kekerasan Dalam Rumah Tangga,15:00-17:59,2026
CIRACAS,Manipulasi data autentik secara elektronik (ITE),15:00-17:59,2026
CIRACAS,Manipulasi data autentik secara elektronik (ITE),15:00-17:59,2026
CIRACAS,Manipulasi data autentik secara elektronik (ITE),15:00-17:59,2026
CIRACAS,Manipulasi data autentik secara elektronik (ITE),15:00-17:59,2026
CIRACAS,Manipulasi data autentik secara elektronik (ITE),15:00-17:59,2026
CIRACAS,Manipulasi data autentik secara elektronik (ITE),15:00-17:59,2026
CIRACAS,Manipulasi data autentik secara elektronik (ITE),15:00-17:59,2026
CIRACAS,Manipulasi data autentik secara elektronik (ITE),15:00-17:59,2026
CIRACAS,Manipulasi data autentik secara elektronik (ITE),15:00-17:59,2026
CIRACAS,Manipulasi data autentik secara elektronik (ITE),15:00-17:59,2026
CIRACAS,Manipulasi data autentik secara elektronik (ITE),15:00-17:59,2026
CIRACAS,Manipulasi data autentik secara elektronik (ITE),15:00-17:59,2026
CIRACAS,Memasuki Pekarangan Tanpa Ijin,15:00-17:59,2026
CIRACAS,Memasuki Pekarangan Tanpa Ijin,15:00-17:59,2026
CIRACAS,Memasuki Pekarangan Tanpa Ijin,15:00-17:59,2026
CIRACAS,Narkotika ( Narkoba ),15:00-17:59,2026
CIRACAS,Narkotika ( Narkoba ),15:00-17:59,2026
CIRACAS,Pemalsuan Surat Otentik,15:00-17:59,2026
CIRACAS,Pemerasan,15:00-17:59,2026
CIRACAS,Pencurian Biasa,15:00-17:59,2026
CIRACAS,Pencurian Dengan Kekerasan ( Curas ),15:00-17:59,2026
CIRACAS,Pencurian Dengan Pemberatan ( Curat ),15:00-17:59,2026
CIRACAS,Pencurian Dengan Pemberatan ( Curat ),15:00-17:59,2026
CIRACAS,Penganiayaan,15:00-17:59,2026
CIRACAS,Pengeroyokan,15:00-17:59,2026
CIRACAS,Pengeroyokan,15:00-17:59,2026
CIRACAS,Pengerusakan,15:00-17:59,2026
CIRACAS,Penggelapan,15:00-17:59,2026
CIRACAS,Penipuan / Perbuatan Curang,15:00-17:59,2026
CIRACAS,Penipuan / Perbuatan Curang,15:00-17:59,2026
CIRACAS,Penipuan / Perbuatan Curang,15:00-17:59,2026
CIRACAS,Penipuan / Perbuatan Curang,15:00-17:59,2026
CIRACAS,Penipuan / Perbuatan Curang,15:00-17:59,2026
CIRACAS,Penipuan / Perbuatan Curang,15:00-17:59,2026
CIRACAS,Penipuan / Perbuatan Curang,15:00-17:59,2026
CIRACAS,Penipuan / Perbuatan Curang,15:00-17:59,2026
CIRACAS,Penipuan / Perbuatan Curang,15:00-17:59,2026
CIRACAS,Penipuan / Perbuatan Curang,15:00-17:59,2026
CIRACAS,Penipuan / Perbuatan Curang,15:00-17:59,2026
CIRACAS,Perbuatan Yang Tidak Menyenangkan,15:00-17:59,2026
CIRACAS,Perdagangan Manusia / Trafficking In Person / Tppo (dalam Negeri),15:00-17:59,2026
CIRACAS,Sumpah Palsu Dan Keterangan Palsu,15:00-17:59,2026
CIRACAS,Tindak Pidana Dalam Perlindungan Anak,15:00-17:59,2026
CIRACAS,Kekerasan Dalam Rumah Tangga,18:00-21:59,2026
CIRACAS,Manipulasi data autentik secara elektronik (ITE),18:00-21:59,2026
CIRACAS,Manipulasi data autentik secara elektronik (ITE),18:00-21:59,2026
CIRACAS,Manipulasi data autentik secara elektronik (ITE),18:00-21:59,2026
CIRACAS,Manipulasi data autentik secara elektronik (ITE),18:00-21:59,2026
CIRACAS,Manipulasi data autentik secara elektronik (ITE),18:00-21:59,2026
CIRACAS,Manipulasi data autentik secara elektronik (ITE),18:00-21:59,2026
CIRACAS,Manipulasi data autentik secara elektronik (ITE),18:00-21:59,2026
CIRACAS,Narkotika ( Narkoba ),18:00-21:59,2026
CIRACAS,Narkotika ( Narkoba ),18:00-21:59,2026
CIRACAS,Narkotika ( Narkoba ),18:00-21:59,2026
CIRACAS,Narkotika ( Narkoba ),18:00-21:59,2026
CIRACAS,Narkotika ( Narkoba ),18:00-21:59,2026
CIRACAS,Narkotika ( Narkoba ),18:00-21:59,2026
CIRACAS,Narkotika ( Narkoba ),18:00-21:59,2026
CIRACAS,Pencemaran Nama Baik,18:00-21:59,2026
CIRACAS,Pencurian Biasa,18:00-21:59,2026
CIRACAS,Pencurian Biasa,18:00-21:59,2026
CIRACAS,Pencurian Biasa,18:00-21:59,2026
CIRACAS,Pencurian dalam lingkungan keluarga,18:00-21:59,2026
CIRACAS,Pencurian Dengan Pemberatan ( Curat ),18:00-21:59,2026
CIRACAS,Pencurian Dengan Pemberatan ( Curat ),18:00-21:59,2026
CIRACAS,Pencurian Dengan Pemberatan ( Curat ),18:00-21:59,2026
CIRACAS,Pengancaman,18:00-21:59,2026
CIRACAS,Pengancaman,18:00-21:59,2026
CIRACAS,Penganiayaan,18:00-21:59,2026
CIRACAS,Penganiayaan,18:00-21:59,2026
CIRACAS,Penganiayaan,18:00-21:59,2026
CIRACAS,Penganiayaan,18:00-21:59,2026
CIRACAS,Penganiayaan,18:00-21:59,2026
CIRACAS,Penganiayaan,18:00-21:59,2026
CIRACAS,Penganiayaan Berat ( Anirat ),18:00-21:59,2026
CIRACAS,Pengeroyokan,18:00-21:59,2026
CIRACAS,Penipuan / Perbuatan Curang,18:00-21:59,2026
CIRACAS,Penipuan / Perbuatan Curang,18:00-21:59,2026
CIRACAS,Penipuan / Perbuatan Curang,18:00-21:59,2026
CIRACAS,Penipuan / Perbuatan Curang,18:00-21:59,2026
CIRACAS,Penipuan / Perbuatan Curang,18:00-21:59,2026
CIRACAS,Penipuan / Perbuatan Curang,18:00-21:59,2026
CIRACAS,Penipuan / Perbuatan Curang,18:00-21:59,2026
CIRACAS,Penipuan / Perbuatan Curang,18:00-21:59,2026
CIRACAS,Perkosaan,18:00-21:59,2026
CIRACAS,Persetubuhan Terhadap Anak / Cabul Terhadap Anak,18:00-21:59,2026
CIRACAS,Sumpah Palsu Dan Keterangan Palsu,18:00-21:59,2026
CIRACAS,Kejahatan Tentang Minyak Dan Gas  ( MIGAS ),22:00-23:59,2026
CIRACAS,Narkotika ( Narkoba ),22:00-23:59,2026
CIRACAS,Narkotika ( Narkoba ),22:00-23:59,2026
CIRACAS,Narkotika ( Narkoba ),22:00-23:59,2026
CIRACAS,Narkotika ( Narkoba ),22:00-23:59,2026
CIRACAS,Narkotika ( Narkoba ),22:00-23:59,2026
CIRACAS,Narkotika ( Narkoba ),22:00-23:59,2026
CIRACAS,Pencurian Dengan Pemberatan ( Curat ),22:00-23:59,2026
CIRACAS,Pencurian Dengan Pemberatan ( Curat ),22:00-23:59,2026
CIRACAS,Pencurian Dengan Pemberatan ( Curat ),22:00-23:59,2026
CIRACAS,Pencurian Dengan Pemberatan ( Curat ),22:00-23:59,2026
CIRACAS,Pencurian Dengan Pemberatan ( Curat ),22:00-23:59,2026
CIRACAS,Penganiayaan,22:00-23:59,2026
CIRACAS,Pengerusakan,22:00-23:59,2026
CIRACAS,Curanmor R-2,00:00-04:59,2026
CIRACAS,Kejahatan Tentang Minyak Dan Gas  ( MIGAS ),00:00-04:59,2026
CIRACAS,Kekerasan Dalam Rumah Tangga,00:00-04:59,2026
CIRACAS,Kekerasan Dalam Rumah Tangga,00:00-04:59,2026
CIRACAS,Narkotika ( Narkoba ),00:00-04:59,2026
CIRACAS,Narkotika ( Narkoba ),00:00-04:59,2026
CIRACAS,Narkotika ( Narkoba ),00:00-04:59,2026
CIRACAS,Pencurian Biasa,00:00-04:59,2026
CIRACAS,Pencurian Biasa,00:00-04:59,2026
CIRACAS,Pencurian Dengan Kekerasan ( Curas ),00:00-04:59,2026
CIRACAS,Pencurian Dengan Pemberatan ( Curat ),00:00-04:59,2026
CIRACAS,Pencurian Dengan Pemberatan ( Curat ),00:00-04:59,2026
CIRACAS,Pencurian Dengan Pemberatan ( Curat ),00:00-04:59,2026
CIRACAS,Pencurian Ringan,00:00-04:59,2026
CIRACAS,Penganiayaan,00:00-04:59,2026
CIRACAS,Penganiayaan,00:00-04:59,2026
CIRACAS,Penipuan / Perbuatan Curang,00:00-04:59,2026
CIRACAS,Penipuan / Perbuatan Curang,00:00-04:59,2026
PADEMANGAN,Curanmor R-2,05:00-07:59,2026
PADEMANGAN,Mengakibatkan Orang Mati,05:00-07:59,2026
PADEMANGAN,Narkotika ( Narkoba ),05:00-07:59,2026
PADEMANGAN,Pencurian Biasa,05:00-07:59,2026
PADEMANGAN,Pencurian Biasa,05:00-07:59,2026
PADEMANGAN,Pencurian Biasa,05:00-07:59,2026
PADEMANGAN,Pencurian Biasa,05:00-07:59,2026
PADEMANGAN,Pencurian Biasa,05:00-07:59,2026
PADEMANGAN,Pencurian Biasa,05:00-07:59,2026
PADEMANGAN,Pencurian Biasa,05:00-07:59,2026
PADEMANGAN,Pencurian Dengan Pemberatan ( Curat ),05:00-07:59,2026
PADEMANGAN,Pencurian Dengan Pemberatan ( Curat ),05:00-07:59,2026
PADEMANGAN,Pencurian Dengan Pemberatan ( Curat ),05:00-07:59,2026
PADEMANGAN,Penggelapan,05:00-07:59,2026
PADEMANGAN,Manipulasi data autentik secara elektronik (ITE),08:00-11:59,2026
PADEMANGAN,Manipulasi data autentik secara elektronik (ITE),08:00-11:59,2026
PADEMANGAN,Manipulasi data autentik secara elektronik (ITE),08:00-11:59,2026
PADEMANGAN,Manipulasi data autentik secara elektronik (ITE),08:00-11:59,2026
PADEMANGAN,Menempatkan anaknya untuk ditemukan atau meninggalkannya dengan maksud untuk melepaskan diri dari padanya,08:00-11:59,2026
PADEMANGAN,Narkotika ( Narkoba ),08:00-11:59,2026
PADEMANGAN,Narkotika ( Narkoba ),08:00-11:59,2026
PADEMANGAN,Pemalsuan Mata Uang Dan Uang Kertas,08:00-11:59,2026
PADEMANGAN,Pemalsuan Surat Otentik,08:00-11:59,2026
PADEMANGAN,Pemalsuan Surat Otentik,08:00-11:59,2026
PADEMANGAN,Pencemaran Nama Baik,08:00-11:59,2026
PADEMANGAN,Pencemaran Nama Baik,08:00-11:59,2026
PADEMANGAN,Pencurian Biasa,08:00-11:59,2026
PADEMANGAN,Pencurian Biasa,08:00-11:59,2026
PADEMANGAN,Pencurian Biasa,08:00-11:59,2026
PADEMANGAN,Pencurian Biasa,08:00-11:59,2026
PADEMANGAN,Pencurian Biasa,08:00-11:59,2026
PADEMANGAN,Pencurian Biasa,08:00-11:59,2026
PADEMANGAN,Pencurian Biasa,08:00-11:59,2026
PADEMANGAN,Pencurian Biasa,08:00-11:59,2026
PADEMANGAN,Pencurian Biasa,08:00-11:59,2026
PADEMANGAN,Pencurian Dengan Pemberatan ( Curat ),08:00-11:59,2026
PADEMANGAN,Pencurian Ringan,08:00-11:59,2026
PADEMANGAN,Penganiayaan,08:00-11:59,2026
PADEMANGAN,Penganiayaan,08:00-11:59,2026
PADEMANGAN,Pengeroyokan,08:00-11:59,2026
PADEMANGAN,Penggelapan,08:00-11:59,2026
PADEMANGAN,Penggelapan,08:00-11:59,2026
PADEMANGAN,Penggelapan,08:00-11:59,2026
PADEMANGAN,Penggelapan,08:00-11:59,2026
PADEMANGAN,Penggelapan,08:00-11:59,2026
PADEMANGAN,Penggelapan,08:00-11:59,2026
PADEMANGAN,Penggelapan,08:00-11:59,2026
PADEMANGAN,Penggelapan,08:00-11:59,2026
PADEMANGAN,Penipuan / Perbuatan Curang,08:00-11:59,2026
PADEMANGAN,Penipuan / Perbuatan Curang,08:00-11:59,2026
PADEMANGAN,Penipuan / Perbuatan Curang,08:00-11:59,2026
PADEMANGAN,Penipuan / Perbuatan Curang,08:00-11:59,2026
PADEMANGAN,Penipuan / Perbuatan Curang,08:00-11:59,2026
PADEMANGAN,Perzinahan,08:00-11:59,2026
PADEMANGAN,Kejahatan Tentang Jaminan Fidusia,12:00-14:59,2026
PADEMANGAN,Kejahatan Tentang Minyak Dan Gas  ( MIGAS ),12:00-14:59,2026
PADEMANGAN,Kejahatan Terkait Merek,12:00-14:59,2026
PADEMANGAN,Kekerasan Dalam Rumah Tangga,12:00-14:59,2026
PADEMANGAN,Kekerasan Dalam Rumah Tangga,12:00-14:59,2026
PADEMANGAN,Manipulasi data autentik secara elektronik (ITE),12:00-14:59,2026
PADEMANGAN,Manipulasi data autentik secara elektronik (ITE),12:00-14:59,2026
PADEMANGAN,Manipulasi data autentik secara elektronik (ITE),12:00-14:59,2026
PADEMANGAN,Manipulasi data autentik secara elektronik (ITE),12:00-14:59,2026
PADEMANGAN,Manipulasi data autentik secara elektronik (ITE),12:00-14:59,2026
PADEMANGAN,Manipulasi data autentik secara elektronik (ITE),12:00-14:59,2026
PADEMANGAN,Manipulasi data autentik secara elektronik (ITE),12:00-14:59,2026
PADEMANGAN,Memasuki Pekarangan Tanpa Ijin,12:00-14:59,2026
PADEMANGAN,Narkotika ( Narkoba ),12:00-14:59,2026
PADEMANGAN,Narkotika ( Narkoba ),12:00-14:59,2026
PADEMANGAN,Pemerasan Dan Pengancaman,12:00-14:59,2026
PADEMANGAN,Pencurian Biasa,12:00-14:59,2026
PADEMANGAN,Pencurian Biasa,12:00-14:59,2026
PADEMANGAN,Pencurian Biasa,12:00-14:59,2026
PADEMANGAN,Pencurian Biasa,12:00-14:59,2026
PADEMANGAN,Pencurian Biasa,12:00-14:59,2026
PADEMANGAN,Pencurian Biasa,12:00-14:59,2026
PADEMANGAN,Pencurian Dengan Pemberatan ( Curat ),12:00-14:59,2026
PADEMANGAN,Penganiayaan,12:00-14:59,2026
PADEMANGAN,Penganiayaan,12:00-14:59,2026
PADEMANGAN,Pengeroyokan,12:00-14:59,2026
PADEMANGAN,Pengerusakan,12:00-14:59,2026
PADEMANGAN,Penggelapan,12:00-14:59,2026
PADEMANGAN,Penggelapan,12:00-14:59,2026
PADEMANGAN,Penggelapan,12:00-14:59,2026
PADEMANGAN,Penggelapan,12:00-14:59,2026
PADEMANGAN,Penggelapan,12:00-14:59,2026
PADEMANGAN,Penggelapan,12:00-14:59,2026
PADEMANGAN,Penipuan / Perbuatan Curang,12:00-14:59,2026
PADEMANGAN,Tindak Pidana Transfer Dana,12:00-14:59,2026
PADEMANGAN,Curanmor R-2,15:00-17:59,2026
PADEMANGAN,Kekerasan Dalam Rumah Tangga,15:00-17:59,2026
PADEMANGAN,Kekerasan Dalam Rumah Tangga,15:00-17:59,2026
PADEMANGAN,Kekerasan Dalam Rumah Tangga,15:00-17:59,2026
PADEMANGAN,Manipulasi data autentik secara elektronik (ITE),15:00-17:59,2026
PADEMANGAN,Narkotika ( Narkoba ),15:00-17:59,2026
PADEMANGAN,Narkotika ( Narkoba ),15:00-17:59,2026
PADEMANGAN,Narkotika ( Narkoba ),15:00-17:59,2026
PADEMANGAN,Narkotika ( Narkoba ),15:00-17:59,2026
PADEMANGAN,Narkotika ( Narkoba ),15:00-17:59,2026
PADEMANGAN,Pencurian Biasa,15:00-17:59,2026
PADEMANGAN,Pencurian Biasa,15:00-17:59,2026
PADEMANGAN,Pencurian Biasa,15:00-17:59,2026
PADEMANGAN,Pencurian Biasa,15:00-17:59,2026
PADEMANGAN,Pencurian Biasa,15:00-17:59,2026
PADEMANGAN,Pencurian dalam lingkungan keluarga,15:00-17:59,2026
PADEMANGAN,Pencurian Dengan Kekerasan ( Curas ),15:00-17:59,2026
PADEMANGAN,Pencurian Dengan Pemberatan ( Curat ),15:00-17:59,2026
PADEMANGAN,Pencurian Ringan,15:00-17:59,2026
PADEMANGAN,Pengancaman,15:00-17:59,2026
PADEMANGAN,Penganiayaan,15:00-17:59,2026
PADEMANGAN,Penggelapan,15:00-17:59,2026
PADEMANGAN,Penggelapan,15:00-17:59,2026
PADEMANGAN,Penggelapan,15:00-17:59,2026
PADEMANGAN,Penipuan / Perbuatan Curang,15:00-17:59,2026
PADEMANGAN,Penipuan / Perbuatan Curang,15:00-17:59,2026
PADEMANGAN,Penipuan / Perbuatan Curang,15:00-17:59,2026
PADEMANGAN,Penipuan / Perbuatan Curang,15:00-17:59,2026
PADEMANGAN,Penipuan / Perbuatan Curang,15:00-17:59,2026
PADEMANGAN,Perkosaan,15:00-17:59,2026
PADEMANGAN,Kejahatan Tentang Minyak Dan Gas  ( MIGAS ),18:00-21:59,2026
PADEMANGAN,Kekerasan Dalam Rumah Tangga,18:00-21:59,2026
PADEMANGAN,Kekerasan Dalam Rumah Tangga,18:00-21:59,2026
PADEMANGAN,Kekerasan Dalam Rumah Tangga,18:00-21:59,2026
PADEMANGAN,Kekerasan Dalam Rumah Tangga,18:00-21:59,2026
PADEMANGAN,Manipulasi data autentik secara elektronik (ITE),18:00-21:59,2026
PADEMANGAN,Manipulasi data autentik secara elektronik (ITE),18:00-21:59,2026
PADEMANGAN,Manipulasi data autentik secara elektronik (ITE),18:00-21:59,2026
PADEMANGAN,Manipulasi data autentik secara elektronik (ITE),18:00-21:59,2026
PADEMANGAN,Mucikari ( Pelacuran ),18:00-21:59,2026
PADEMANGAN,Narkotika ( Narkoba ),18:00-21:59,2026
PADEMANGAN,Narkotika ( Narkoba ),18:00-21:59,2026
PADEMANGAN,Narkotika ( Narkoba ),18:00-21:59,2026
PADEMANGAN,Narkotika ( Narkoba ),18:00-21:59,2026
PADEMANGAN,Narkotika ( Narkoba ),18:00-21:59,2026
PADEMANGAN,Narkotika ( Narkoba ),18:00-21:59,2026
PADEMANGAN,Narkotika ( Narkoba ),18:00-21:59,2026
PADEMANGAN,Narkotika ( Narkoba ),18:00-21:59,2026
PADEMANGAN,Narkotika ( Narkoba ),18:00-21:59,2026
PADEMANGAN,Pencemaran Nama Baik,18:00-21:59,2026
PADEMANGAN,Pencemaran Nama Baik,18:00-21:59,2026
PADEMANGAN,Pencurian Biasa,18:00-21:59,2026
PADEMANGAN,Pencurian Biasa,18:00-21:59,2026
PADEMANGAN,Pencurian Biasa,18:00-21:59,2026
PADEMANGAN,Pencurian Biasa,18:00-21:59,2026
PADEMANGAN,Pencurian Biasa,18:00-21:59,2026
PADEMANGAN,Pencurian Biasa,18:00-21:59,2026
PADEMANGAN,Pencurian Biasa,18:00-21:59,2026
PADEMANGAN,Pencurian Biasa,18:00-21:59,2026
PADEMANGAN,Pencurian Biasa,18:00-21:59,2026
PADEMANGAN,Pencurian Biasa,18:00-21:59,2026
PADEMANGAN,Pencurian Dengan Kekerasan ( Curas ),18:00-21:59,2026
PADEMANGAN,Pencurian Dengan Pemberatan ( Curat ),18:00-21:59,2026
PADEMANGAN,Pencurian Dengan Pemberatan ( Curat ),18:00-21:59,2026
PADEMANGAN,Pencurian Dengan Pemberatan ( Curat ),18:00-21:59,2026
PADEMANGAN,Pencurian Dengan Pemberatan ( Curat ),18:00-21:59,2026
PADEMANGAN,Pencurian Dengan Pemberatan ( Curat ),18:00-21:59,2026
PADEMANGAN,Pencurian Dengan Pemberatan ( Curat ),18:00-21:59,2026
PADEMANGAN,Penganiayaan,18:00-21:59,2026
PADEMANGAN,Penganiayaan,18:00-21:59,2026
PADEMANGAN,Penggelapan,18:00-21:59,2026
PADEMANGAN,Penggelapan,18:00-21:59,2026
PADEMANGAN,Penggelapan,18:00-21:59,2026
PADEMANGAN,Penipuan / Perbuatan Curang,18:00-21:59,2026
PADEMANGAN,Perbankan,18:00-21:59,2026
PADEMANGAN,Percobaan Pencurian,18:00-21:59,2026
PADEMANGAN,Perkosaan,18:00-21:59,2026
PADEMANGAN,Telekomunikasi,18:00-21:59,2026
PADEMANGAN,Tindak Pidana Dalam Perlindungan Anak,18:00-21:59,2026
PADEMANGAN,Kekerasan Dalam Rumah Tangga,22:00-23:59,2026
PADEMANGAN,Kekerasan Seksual (KDRT),22:00-23:59,2026
PADEMANGAN,Manipulasi data autentik secara elektronik (ITE),22:00-23:59,2026
PADEMANGAN,Narkotika ( Narkoba ),22:00-23:59,2026
PADEMANGAN,Pencemaran Nama Baik,22:00-23:59,2026
PADEMANGAN,Pencurian Biasa,22:00-23:59,2026
PADEMANGAN,Pencurian Biasa,22:00-23:59,2026
PADEMANGAN,Pencurian Biasa,22:00-23:59,2026
PADEMANGAN,Pencurian Biasa,22:00-23:59,2026
PADEMANGAN,Pencurian Biasa,22:00-23:59,2026
PADEMANGAN,Pencurian Dengan Pemberatan ( Curat ),22:00-23:59,2026
PADEMANGAN,Pengeroyokan,22:00-23:59,2026
PADEMANGAN,Percobaan Pencurian,22:00-23:59,2026
PADEMANGAN,Curanmor R-2,00:00-04:59,2026
PADEMANGAN,Kejahatan terkait Tenaga Kesehatan,00:00-04:59,2026
PADEMANGAN,Manipulasi data autentik secara elektronik (ITE),00:00-04:59,2026
PADEMANGAN,Narkotika ( Narkoba ),00:00-04:59,2026
PADEMANGAN,Narkotika ( Narkoba ),00:00-04:59,2026
PADEMANGAN,Narkotika ( Narkoba ),00:00-04:59,2026
PADEMANGAN,Narkotika ( Narkoba ),00:00-04:59,2026
PADEMANGAN,Narkotika ( Narkoba ),00:00-04:59,2026
PADEMANGAN,Pencurian Biasa,00:00-04:59,2026
PADEMANGAN,Pencurian Biasa,00:00-04:59,2026
PADEMANGAN,Pencurian Biasa,00:00-04:59,2026
PADEMANGAN,Pencurian Dengan Kekerasan ( Curas ),00:00-04:59,2026
PADEMANGAN,Pencurian Dengan Kekerasan ( Curas ),00:00-04:59,2026
PADEMANGAN,Pencurian Dengan Pemberatan ( Curat ),00:00-04:59,2026
PADEMANGAN,Pencurian Dengan Pemberatan ( Curat ),00:00-04:59,2026
PADEMANGAN,Pencurian Dengan Pemberatan ( Curat ),00:00-04:59,2026
PADEMANGAN,Penganiayaan,00:00-04:59,2026
PADEMANGAN,Penganiayaan,00:00-04:59,2026
PADEMANGAN,Penganiayaan Berat ( Anirat ),00:00-04:59,2026
PADEMANGAN,Pengeroyokan,00:00-04:59,2026
PADEMANGAN,Terhadap ketertiban umum,00:00-04:59,2026
MAKASAR,Curanmor R-2,05:00-07:59,2026
MAKASAR,Curanmor R-2,05:00-07:59,2026
MAKASAR,Curanmor R-2,05:00-07:59,2026
MAKASAR,Curanmor R-2,05:00-07:59,2026
MAKASAR,Curanmor R-2,05:00-07:59,2026
MAKASAR,Curanmor R-2,05:00-07:59,2026
MAKASAR,Curanmor R-2,05:00-07:59,2026
MAKASAR,Curanmor R-2,05:00-07:59,2026
MAKASAR,Curanmor R-2,05:00-07:59,2026
MAKASAR,Kekerasan Dalam Rumah Tangga,05:00-07:59,2026
MAKASAR,Pencurian Biasa,05:00-07:59,2026
MAKASAR,Pencurian Biasa,05:00-07:59,2026
MAKASAR,Pencurian Biasa,05:00-07:59,2026
MAKASAR,Pencurian Dengan Pemberatan ( Curat ),05:00-07:59,2026
MAKASAR,Penggelapan,05:00-07:59,2026
MAKASAR,Cabul,08:00-11:59,2026
MAKASAR,Curanmor R-2,08:00-11:59,2026
MAKASAR,Curanmor R-2,08:00-11:59,2026
MAKASAR,Curanmor R-2,08:00-11:59,2026
MAKASAR,Curanmor R-2,08:00-11:59,2026
MAKASAR,Curanmor R-2,08:00-11:59,2026
MAKASAR,Curanmor R-2,08:00-11:59,2026
MAKASAR,Curanmor R-2,08:00-11:59,2026
MAKASAR,Kekerasan Dalam Rumah Tangga,08:00-11:59,2026
MAKASAR,Manipulasi data autentik secara elektronik (ITE),08:00-11:59,2026
MAKASAR,Manipulasi data autentik secara elektronik (ITE),08:00-11:59,2026
MAKASAR,Manipulasi data autentik secara elektronik (ITE),08:00-11:59,2026
MAKASAR,Manipulasi data autentik secara elektronik (ITE),08:00-11:59,2026
MAKASAR,Manipulasi data autentik secara elektronik (ITE),08:00-11:59,2026
MAKASAR,Manipulasi data autentik secara elektronik (ITE),08:00-11:59,2026
MAKASAR,Manipulasi data autentik secara elektronik (ITE),08:00-11:59,2026
MAKASAR,Pemerasan,08:00-11:59,2026
MAKASAR,Pencurian Biasa,08:00-11:59,2026
MAKASAR,Pencurian Biasa,08:00-11:59,2026
MAKASAR,Pencurian Biasa,08:00-11:59,2026
MAKASAR,Pencurian Biasa,08:00-11:59,2026
MAKASAR,Pencurian Biasa,08:00-11:59,2026
MAKASAR,Pencurian Dengan Pemberatan ( Curat ),08:00-11:59,2026
MAKASAR,Pencurian Dengan Pemberatan ( Curat ),08:00-11:59,2026
MAKASAR,Pencurian Dengan Pemberatan ( Curat ),08:00-11:59,2026
MAKASAR,Pencurian Dengan Pemberatan ( Curat ),08:00-11:59,2026
MAKASAR,Pencurian Dengan Pemberatan ( Curat ),08:00-11:59,2026
MAKASAR,Pencurian Dengan Pemberatan ( Curat ),08:00-11:59,2026
MAKASAR,Pencurian Dengan Pemberatan ( Curat ),08:00-11:59,2026
MAKASAR,Pengancaman,08:00-11:59,2026
MAKASAR,Pengancaman,08:00-11:59,2026
MAKASAR,Penganiayaan,08:00-11:59,2026
MAKASAR,Penganiayaan,08:00-11:59,2026
MAKASAR,Penganiayaan,08:00-11:59,2026
MAKASAR,Penganiayaan,08:00-11:59,2026
MAKASAR,Penganiayaan Berat ( Anirat ),08:00-11:59,2026
MAKASAR,Pengerusakan,08:00-11:59,2026
MAKASAR,Penggelapan,08:00-11:59,2026
MAKASAR,Penggelapan,08:00-11:59,2026
MAKASAR,Penghinaan,08:00-11:59,2026
MAKASAR,Penipuan / Perbuatan Curang,08:00-11:59,2026
MAKASAR,Penipuan / Perbuatan Curang,08:00-11:59,2026
MAKASAR,Penipuan / Perbuatan Curang,08:00-11:59,2026
MAKASAR,Penipuan / Perbuatan Curang,08:00-11:59,2026
MAKASAR,Penipuan / Perbuatan Curang,08:00-11:59,2026
MAKASAR,Penipuan / Perbuatan Curang,08:00-11:59,2026
MAKASAR,Penipuan / Perbuatan Curang,08:00-11:59,2026
MAKASAR,Penipuan / Perbuatan Curang,08:00-11:59,2026
MAKASAR,Perkosaan,08:00-11:59,2026
MAKASAR,Cabul,12:00-14:59,2026
MAKASAR,Curanmor R-2,12:00-14:59,2026
MAKASAR,Curanmor R-2,12:00-14:59,2026
MAKASAR,Curanmor R-2,12:00-14:59,2026
MAKASAR,Curanmor R-2,12:00-14:59,2026
MAKASAR,Curanmor R-2,12:00-14:59,2026
MAKASAR,Manipulasi data autentik secara elektronik (ITE),12:00-14:59,2026
MAKASAR,Manipulasi data autentik secara elektronik (ITE),12:00-14:59,2026
MAKASAR,Manipulasi data autentik secara elektronik (ITE),12:00-14:59,2026
MAKASAR,Manipulasi data autentik secara elektronik (ITE),12:00-14:59,2026
MAKASAR,Manipulasi data autentik secara elektronik (ITE),12:00-14:59,2026
MAKASAR,Manipulasi data autentik secara elektronik (ITE),12:00-14:59,2026
MAKASAR,Manipulasi data autentik secara elektronik (ITE),12:00-14:59,2026
MAKASAR,Manipulasi data autentik secara elektronik (ITE),12:00-14:59,2026
MAKASAR,Manipulasi data autentik secara elektronik (ITE),12:00-14:59,2026
MAKASAR,Memasuki Pekarangan Tanpa Ijin,12:00-14:59,2026
MAKASAR,Narkotika ( Narkoba ),12:00-14:59,2026
MAKASAR,Pemerasan Dan Pengancaman,12:00-14:59,2026
MAKASAR,Pencemaran Nama Baik,12:00-14:59,2026
MAKASAR,Pencurian Biasa,12:00-14:59,2026
MAKASAR,Pencurian Biasa,12:00-14:59,2026
MAKASAR,Pencurian Biasa,12:00-14:59,2026
MAKASAR,Pencurian Biasa,12:00-14:59,2026
MAKASAR,Pencurian Biasa,12:00-14:59,2026
MAKASAR,Pencurian Dengan Pemberatan ( Curat ),12:00-14:59,2026
MAKASAR,Pencurian Ringan,12:00-14:59,2026
MAKASAR,Penganiayaan,12:00-14:59,2026
MAKASAR,Penganiayaan,12:00-14:59,2026
MAKASAR,Penggelapan,12:00-14:59,2026
MAKASAR,Penggelapan,12:00-14:59,2026
MAKASAR,Penipuan / Perbuatan Curang,12:00-14:59,2026
MAKASAR,Penipuan / Perbuatan Curang,12:00-14:59,2026
MAKASAR,Penipuan / Perbuatan Curang,12:00-14:59,2026
MAKASAR,Tindak Pidana Dalam Perlindungan Anak,12:00-14:59,2026
MAKASAR,Curanmor R-2,15:00-17:59,2026
MAKASAR,Curanmor R-2,15:00-17:59,2026
MAKASAR,Curanmor R-2,15:00-17:59,2026
MAKASAR,Curanmor R-2,15:00-17:59,2026
MAKASAR,Curanmor R-2,15:00-17:59,2026
MAKASAR,Kejahatan Tentang Pornografi,15:00-17:59,2026
MAKASAR,Kekerasan Dalam Rumah Tangga,15:00-17:59,2026
MAKASAR,Manipulasi data autentik secara elektronik (ITE),15:00-17:59,2026
MAKASAR,Manipulasi data autentik secara elektronik (ITE),15:00-17:59,2026
MAKASAR,Manipulasi data autentik secara elektronik (ITE),15:00-17:59,2026
MAKASAR,Manipulasi data autentik secara elektronik (ITE),15:00-17:59,2026
MAKASAR,Manipulasi data autentik secara elektronik (ITE),15:00-17:59,2026
MAKASAR,Manipulasi data autentik secara elektronik (ITE),15:00-17:59,2026
MAKASAR,Manipulasi data autentik secara elektronik (ITE),15:00-17:59,2026
MAKASAR,Manipulasi data autentik secara elektronik (ITE),15:00-17:59,2026
MAKASAR,Manipulasi data autentik secara elektronik (ITE),15:00-17:59,2026
MAKASAR,Manipulasi data autentik secara elektronik (ITE),15:00-17:59,2026
MAKASAR,Manipulasi data autentik secara elektronik (ITE),15:00-17:59,2026
MAKASAR,Manipulasi data autentik secara elektronik (ITE),15:00-17:59,2026
MAKASAR,Manipulasi data autentik secara elektronik (ITE),15:00-17:59,2026
MAKASAR,Narkotika ( Narkoba ),15:00-17:59,2026
MAKASAR,Pemerasan Dan Pengancaman,15:00-17:59,2026
MAKASAR,Pencemaran Nama Baik,15:00-17:59,2026
MAKASAR,Pencemaran Nama Baik,15:00-17:59,2026
MAKASAR,Pencurian Biasa,15:00-17:59,2026
MAKASAR,Pencurian Biasa,15:00-17:59,2026
MAKASAR,Pencurian Biasa,15:00-17:59,2026
MAKASAR,Pencurian Biasa,15:00-17:59,2026
MAKASAR,Pencurian Biasa,15:00-17:59,2026
MAKASAR,Pencurian Dengan Pemberatan ( Curat ),15:00-17:59,2026
MAKASAR,Pengancaman,15:00-17:59,2026
MAKASAR,Penganiayaan,15:00-17:59,2026
MAKASAR,Penganiayaan,15:00-17:59,2026
MAKASAR,Penganiayaan Berat ( Anirat ),15:00-17:59,2026
MAKASAR,Penggelapan,15:00-17:59,2026
MAKASAR,Penggelapan,15:00-17:59,2026
MAKASAR,Penggelapan,15:00-17:59,2026
MAKASAR,Penggelapan,15:00-17:59,2026
MAKASAR,Penipuan / Perbuatan Curang,15:00-17:59,2026
MAKASAR,Penipuan / Perbuatan Curang,15:00-17:59,2026
MAKASAR,Penipuan / Perbuatan Curang,15:00-17:59,2026
MAKASAR,Penipuan / Perbuatan Curang,15:00-17:59,2026
MAKASAR,Penipuan / Perbuatan Curang,15:00-17:59,2026
MAKASAR,Penipuan / Perbuatan Curang,15:00-17:59,2026
MAKASAR,Penipuan / Perbuatan Curang,15:00-17:59,2026
MAKASAR,Penipuan / Perbuatan Curang,15:00-17:59,2026
MAKASAR,Penipuan / Perbuatan Curang,15:00-17:59,2026
MAKASAR,Persetubuhan Terhadap Anak / Cabul Terhadap Anak,15:00-17:59,2026
MAKASAR,Perzinahan,15:00-17:59,2026
MAKASAR,Curanmor R-2,18:00-21:59,2026
MAKASAR,Curanmor R-2,18:00-21:59,2026
MAKASAR,Curanmor R-2,18:00-21:59,2026
MAKASAR,Curanmor R-2,18:00-21:59,2026
MAKASAR,Curanmor R-2,18:00-21:59,2026
MAKASAR,Curanmor R-2,18:00-21:59,2026
MAKASAR,Curanmor R-2,18:00-21:59,2026
MAKASAR,Kejahatan Terkait Perlindungan Data Pribadi,18:00-21:59,2026
MAKASAR,Kekerasan Dalam Rumah Tangga,18:00-21:59,2026
MAKASAR,Manipulasi data autentik secara elektronik (ITE),18:00-21:59,2026
MAKASAR,Manipulasi data autentik secara elektronik (ITE),18:00-21:59,2026
MAKASAR,Manipulasi data autentik secara elektronik (ITE),18:00-21:59,2026
MAKASAR,Manipulasi data autentik secara elektronik (ITE),18:00-21:59,2026
MAKASAR,Manipulasi data autentik secara elektronik (ITE),18:00-21:59,2026
MAKASAR,Manipulasi data autentik secara elektronik (ITE),18:00-21:59,2026
MAKASAR,Manipulasi data autentik secara elektronik (ITE),18:00-21:59,2026
MAKASAR,Manipulasi data autentik secara elektronik (ITE),18:00-21:59,2026
MAKASAR,Manipulasi data autentik secara elektronik (ITE),18:00-21:59,2026
MAKASAR,Manipulasi data autentik secara elektronik (ITE),18:00-21:59,2026
MAKASAR,Narkotika ( Narkoba ),18:00-21:59,2026
MAKASAR,Narkotika ( Narkoba ),18:00-21:59,2026
MAKASAR,Narkotika ( Narkoba ),18:00-21:59,2026
MAKASAR,Narkotika ( Narkoba ),18:00-21:59,2026
MAKASAR,Narkotika ( Narkoba ),18:00-21:59,2026
MAKASAR,Pencurian Biasa,18:00-21:59,2026
MAKASAR,Pencurian Biasa,18:00-21:59,2026
MAKASAR,Pencurian Biasa,18:00-21:59,2026
MAKASAR,Pencurian Dengan Pemberatan ( Curat ),18:00-21:59,2026
MAKASAR,Pencurian Dengan Pemberatan ( Curat ),18:00-21:59,2026
MAKASAR,Pencurian Dengan Pemberatan ( Curat ),18:00-21:59,2026
MAKASAR,Pencurian Dengan Pemberatan ( Curat ),18:00-21:59,2026
MAKASAR,Pencurian Dengan Pemberatan ( Curat ),18:00-21:59,2026
MAKASAR,Pengancaman,18:00-21:59,2026
MAKASAR,Penganiayaan,18:00-21:59,2026
MAKASAR,Penganiayaan,18:00-21:59,2026
MAKASAR,Penganiayaan,18:00-21:59,2026
MAKASAR,Penganiayaan,18:00-21:59,2026
MAKASAR,Penganiayaan Berat ( Anirat ),18:00-21:59,2026
MAKASAR,Penganiayaan Berat ( Anirat ),18:00-21:59,2026
MAKASAR,Pengeroyokan,18:00-21:59,2026
MAKASAR,Penggelapan,18:00-21:59,2026
MAKASAR,Penggelapan,18:00-21:59,2026
MAKASAR,Penggelapan,18:00-21:59,2026
MAKASAR,Penipuan / Perbuatan Curang,18:00-21:59,2026
MAKASAR,Penipuan / Perbuatan Curang,18:00-21:59,2026
MAKASAR,Penipuan / Perbuatan Curang,18:00-21:59,2026
MAKASAR,Penipuan / Perbuatan Curang,18:00-21:59,2026
MAKASAR,Penipuan / Perbuatan Curang,18:00-21:59,2026
MAKASAR,Tindak Pidana Dalam Perlindungan Anak,18:00-21:59,2026
MAKASAR,Curanmor R-2,22:00-23:59,2026
MAKASAR,Kekerasan Dalam Rumah Tangga,22:00-23:59,2026
MAKASAR,Narkotika ( Narkoba ),22:00-23:59,2026
MAKASAR,Narkotika ( Narkoba ),22:00-23:59,2026
MAKASAR,Narkotika ( Narkoba ),22:00-23:59,2026
MAKASAR,Narkotika ( Narkoba ),22:00-23:59,2026
MAKASAR,Narkotika ( Narkoba ),22:00-23:59,2026
MAKASAR,Pencemaran Nama Baik,22:00-23:59,2026
MAKASAR,Pencurian Biasa,22:00-23:59,2026
MAKASAR,Pencurian Biasa,22:00-23:59,2026
MAKASAR,Penganiayaan,22:00-23:59,2026
MAKASAR,Pengeroyokan,22:00-23:59,2026
MAKASAR,Penggelapan,22:00-23:59,2026
MAKASAR,Penggelapan,22:00-23:59,2026
MAKASAR,Penipuan / Perbuatan Curang,22:00-23:59,2026
MAKASAR,Perzinahan,22:00-23:59,2026
MAKASAR,Curanmor R-2,00:00-04:59,2026
MAKASAR,Curanmor R-2,00:00-04:59,2026
MAKASAR,Curanmor R-2,00:00-04:59,2026
MAKASAR,Curanmor R-2,00:00-04:59,2026
MAKASAR,Curanmor R-2,00:00-04:59,2026
MAKASAR,Kejahatan Terkait Senjata Tajam ( Sajam ) ( Premanisme ),00:00-04:59,2026
MAKASAR,Kekerasan Dalam Rumah Tangga,00:00-04:59,2026
MAKASAR,Narkotika ( Narkoba ),00:00-04:59,2026
MAKASAR,Narkotika ( Narkoba ),00:00-04:59,2026
MAKASAR,Penadahan,00:00-04:59,2026
MAKASAR,Pencurian Dengan Pemberatan ( Curat ),00:00-04:59,2026
MAKASAR,Pencurian Dengan Pemberatan ( Curat ),00:00-04:59,2026
MAKASAR,Pencurian Dengan Pemberatan ( Curat ),00:00-04:59,2026
MAKASAR,Pencurian Dengan Pemberatan ( Curat ),00:00-04:59,2026
MAKASAR,Penganiayaan,00:00-04:59,2026
MAKASAR,Penganiayaan,00:00-04:59,2026
MAKASAR,Penganiayaan,00:00-04:59,2026
MAKASAR,Pengeroyokan,00:00-04:59,2026
MAKASAR,Pengeroyokan,00:00-04:59,2026
MAKASAR,Pengeroyokan,00:00-04:59,2026
MAKASAR,Penggelapan,00:00-04:59,2026
MAKASAR,Penipuan / Perbuatan Curang,00:00-04:59,2026
CIPAYUNG,Cabul,05:00-07:59,2026
CIPAYUNG,Kejahatan Terhadap Jiwa Orang / Pembunuhan,05:00-07:59,2026
CIPAYUNG,Kejahatan Terkait Senjata Tajam ( Sajam ) ( Premanisme ),05:00-07:59,2026
CIPAYUNG,Manipulasi data autentik secara elektronik (ITE),05:00-07:59,2026
CIPAYUNG,Pencurian Biasa,05:00-07:59,2026
CIPAYUNG,Pencurian Dengan Pemberatan ( Curat ),05:00-07:59,2026
CIPAYUNG,Pencurian Dengan Pemberatan ( Curat ),05:00-07:59,2026
CIPAYUNG,Pengerusakan,05:00-07:59,2026
CIPAYUNG,Penipuan / Perbuatan Curang,05:00-07:59,2026
CIPAYUNG,Cabul,08:00-11:59,2026
CIPAYUNG,Kejahatan tentang perlindungan pekerja migran indonesia,08:00-11:59,2026
CIPAYUNG,Kejahatan Terhadap Jiwa Orang / Pembunuhan,08:00-11:59,2026
CIPAYUNG,Kekerasan Dalam Rumah Tangga,08:00-11:59,2026
CIPAYUNG,Manipulasi data autentik secara elektronik (ITE),08:00-11:59,2026
CIPAYUNG,Manipulasi data autentik secara elektronik (ITE),08:00-11:59,2026
CIPAYUNG,Manipulasi data autentik secara elektronik (ITE),08:00-11:59,2026
CIPAYUNG,Manipulasi data autentik secara elektronik (ITE),08:00-11:59,2026
CIPAYUNG,Manipulasi data autentik secara elektronik (ITE),08:00-11:59,2026
CIPAYUNG,Manipulasi data autentik secara elektronik (ITE),08:00-11:59,2026
CIPAYUNG,Manipulasi data autentik secara elektronik (ITE),08:00-11:59,2026
CIPAYUNG,Manipulasi data autentik secara elektronik (ITE),08:00-11:59,2026
CIPAYUNG,Manipulasi data autentik secara elektronik (ITE),08:00-11:59,2026
CIPAYUNG,Manipulasi data autentik secara elektronik (ITE),08:00-11:59,2026
CIPAYUNG,Manipulasi data autentik secara elektronik (ITE),08:00-11:59,2026
CIPAYUNG,Manipulasi data autentik secara elektronik (ITE),08:00-11:59,2026
CIPAYUNG,Pemerasan Dan Pengancaman,08:00-11:59,2026
CIPAYUNG,Pencurian Biasa,08:00-11:59,2026
CIPAYUNG,Pencurian Biasa,08:00-11:59,2026
CIPAYUNG,Pencurian Biasa,08:00-11:59,2026
CIPAYUNG,Pencurian Biasa,08:00-11:59,2026
CIPAYUNG,Pencurian Dengan Pemberatan ( Curat ),08:00-11:59,2026
CIPAYUNG,Pencurian Dengan Pemberatan ( Curat ),08:00-11:59,2026
CIPAYUNG,Penganiayaan,08:00-11:59,2026
CIPAYUNG,Penganiayaan Berat ( Anirat ),08:00-11:59,2026
CIPAYUNG,Pengeroyokan,08:00-11:59,2026
CIPAYUNG,Penggelapan,08:00-11:59,2026
CIPAYUNG,Penggelapan,08:00-11:59,2026
CIPAYUNG,Penggelapan,08:00-11:59,2026
CIPAYUNG,Penggelapan,08:00-11:59,2026
CIPAYUNG,Penipuan / Perbuatan Curang,08:00-11:59,2026
CIPAYUNG,Penipuan / Perbuatan Curang,08:00-11:59,2026
CIPAYUNG,Perzinahan,08:00-11:59,2026
CIPAYUNG,Tindak Pidana Dalam Perlindungan Anak,08:00-11:59,2026
CIPAYUNG,Kejahatan Tentang Jaminan Fidusia,12:00-14:59,2026
CIPAYUNG,Manipulasi data autentik secara elektronik (ITE),12:00-14:59,2026
CIPAYUNG,Manipulasi data autentik secara elektronik (ITE),12:00-14:59,2026
CIPAYUNG,Manipulasi data autentik secara elektronik (ITE),12:00-14:59,2026
CIPAYUNG,Manipulasi data autentik secara elektronik (ITE),12:00-14:59,2026
CIPAYUNG,Manipulasi data autentik secara elektronik (ITE),12:00-14:59,2026
CIPAYUNG,Manipulasi data autentik secara elektronik (ITE),12:00-14:59,2026
CIPAYUNG,Manipulasi data autentik secara elektronik (ITE),12:00-14:59,2026
CIPAYUNG,Narkotika ( Narkoba ),12:00-14:59,2026
CIPAYUNG,Pemalsuan Surat Otentik,12:00-14:59,2026
CIPAYUNG,Pencemaran Nama Baik,12:00-14:59,2026
CIPAYUNG,Pencurian Biasa,12:00-14:59,2026
CIPAYUNG,Pencurian Biasa,12:00-14:59,2026
CIPAYUNG,Pencurian Biasa,12:00-14:59,2026
CIPAYUNG,Pencurian Dengan Pemberatan ( Curat ),12:00-14:59,2026
CIPAYUNG,Penganiayaan,12:00-14:59,2026
CIPAYUNG,Pengeroyokan,12:00-14:59,2026
CIPAYUNG,Penggelapan,12:00-14:59,2026
CIPAYUNG,Penggelapan,12:00-14:59,2026
CIPAYUNG,Penggelapan,12:00-14:59,2026
CIPAYUNG,Penggelapan,12:00-14:59,2026
CIPAYUNG,Penggelapan,12:00-14:59,2026
CIPAYUNG,Penggelapan,12:00-14:59,2026
CIPAYUNG,Penipuan / Perbuatan Curang,12:00-14:59,2026
CIPAYUNG,Penipuan / Perbuatan Curang,12:00-14:59,2026
CIPAYUNG,Penipuan / Perbuatan Curang,12:00-14:59,2026
CIPAYUNG,Penipuan / Perbuatan Curang,12:00-14:59,2026
CIPAYUNG,Penipuan / Perbuatan Curang,12:00-14:59,2026
CIPAYUNG,Penipuan / Perbuatan Curang,12:00-14:59,2026
CIPAYUNG,Perlindungan Konsumen,12:00-14:59,2026
CIPAYUNG,Terhadap ketertiban umum,12:00-14:59,2026
CIPAYUNG,Tindak Pidana Dalam Perlindungan Anak,12:00-14:59,2026
CIPAYUNG,Kejahatan terkait Tenaga Kesehatan,15:00-17:59,2026
CIPAYUNG,Kekerasan Dalam Rumah Tangga,15:00-17:59,2026
CIPAYUNG,Kekerasan Dalam Rumah Tangga,15:00-17:59,2026
CIPAYUNG,Manipulasi data autentik secara elektronik (ITE),15:00-17:59,2026
CIPAYUNG,Manipulasi data autentik secara elektronik (ITE),15:00-17:59,2026
CIPAYUNG,Manipulasi data autentik secara elektronik (ITE),15:00-17:59,2026
CIPAYUNG,Manipulasi data autentik secara elektronik (ITE),15:00-17:59,2026
CIPAYUNG,Manipulasi data autentik secara elektronik (ITE),15:00-17:59,2026
CIPAYUNG,Manipulasi data autentik secara elektronik (ITE),15:00-17:59,2026
CIPAYUNG,Manipulasi data autentik secara elektronik (ITE),15:00-17:59,2026
CIPAYUNG,Manipulasi data autentik secara elektronik (ITE),15:00-17:59,2026
CIPAYUNG,Manipulasi data autentik secara elektronik (ITE),15:00-17:59,2026
CIPAYUNG,Manipulasi data autentik secara elektronik (ITE),15:00-17:59,2026
CIPAYUNG,Manipulasi data autentik secara elektronik (ITE),15:00-17:59,2026
CIPAYUNG,Manipulasi data autentik secara elektronik (ITE),15:00-17:59,2026
CIPAYUNG,Manipulasi data autentik secara elektronik (ITE),15:00-17:59,2026
CIPAYUNG,Manipulasi data autentik secara elektronik (ITE),15:00-17:59,2026
CIPAYUNG,Manipulasi data autentik secara elektronik (ITE),15:00-17:59,2026
CIPAYUNG,Manipulasi data autentik secara elektronik (ITE),15:00-17:59,2026
CIPAYUNG,Menjual atau mengedarkan obat keras / bebas terbatas tanpa ijin,15:00-17:59,2026
CIPAYUNG,Narkotika ( Narkoba ),15:00-17:59,2026
CIPAYUNG,Narkotika ( Narkoba ),15:00-17:59,2026
CIPAYUNG,Pencemaran Nama Baik,15:00-17:59,2026
CIPAYUNG,Pencurian Biasa,15:00-17:59,2026
CIPAYUNG,Pencurian Biasa,15:00-17:59,2026
CIPAYUNG,Pencurian Dengan Pemberatan ( Curat ),15:00-17:59,2026
CIPAYUNG,Pencurian Ringan,15:00-17:59,2026
CIPAYUNG,Penganiayaan,15:00-17:59,2026
CIPAYUNG,Pengeroyokan,15:00-17:59,2026
CIPAYUNG,Penggelapan,15:00-17:59,2026
CIPAYUNG,Penggelapan,15:00-17:59,2026
CIPAYUNG,Penggelapan,15:00-17:59,2026
CIPAYUNG,Penipuan / Perbuatan Curang,15:00-17:59,2026
CIPAYUNG,Penipuan / Perbuatan Curang,15:00-17:59,2026
CIPAYUNG,Penipuan / Perbuatan Curang,15:00-17:59,2026
CIPAYUNG,Penipuan / Perbuatan Curang,15:00-17:59,2026
CIPAYUNG,Penipuan / Perbuatan Curang,15:00-17:59,2026
CIPAYUNG,Penipuan / Perbuatan Curang,15:00-17:59,2026
CIPAYUNG,Penipuan / Perbuatan Curang,15:00-17:59,2026
CIPAYUNG,Perbankan,15:00-17:59,2026
CIPAYUNG,Perzinahan,15:00-17:59,2026
CIPAYUNG,Perzinahan,15:00-17:59,2026
CIPAYUNG,Kekerasan Dalam Rumah Tangga,18:00-21:59,2026
CIPAYUNG,Kekerasan Dalam Rumah Tangga,18:00-21:59,2026
CIPAYUNG,Kekerasan Dalam Rumah Tangga,18:00-21:59,2026
CIPAYUNG,Manipulasi data autentik secara elektronik (ITE),18:00-21:59,2026
CIPAYUNG,Manipulasi data autentik secara elektronik (ITE),18:00-21:59,2026
CIPAYUNG,Manipulasi data autentik secara elektronik (ITE),18:00-21:59,2026
CIPAYUNG,Manipulasi data autentik secara elektronik (ITE),18:00-21:59,2026
CIPAYUNG,Manipulasi data autentik secara elektronik (ITE),18:00-21:59,2026
CIPAYUNG,Narkotika ( Narkoba ),18:00-21:59,2026
CIPAYUNG,Narkotika ( Narkoba ),18:00-21:59,2026
CIPAYUNG,Narkotika ( Narkoba ),18:00-21:59,2026
CIPAYUNG,Narkotika ( Narkoba ),18:00-21:59,2026
CIPAYUNG,Pencurian Biasa,18:00-21:59,2026
CIPAYUNG,Pencurian Biasa,18:00-21:59,2026
CIPAYUNG,Pencurian Biasa,18:00-21:59,2026
CIPAYUNG,Pencurian dalam lingkungan keluarga,18:00-21:59,2026
CIPAYUNG,Pencurian Dengan Pemberatan ( Curat ),18:00-21:59,2026
CIPAYUNG,Pencurian Dengan Pemberatan ( Curat ),18:00-21:59,2026
CIPAYUNG,Pencurian Dengan Pemberatan ( Curat ),18:00-21:59,2026
CIPAYUNG,Pencurian Dengan Pemberatan ( Curat ),18:00-21:59,2026
CIPAYUNG,Pengancaman,18:00-21:59,2026
CIPAYUNG,Pengancaman,18:00-21:59,2026
CIPAYUNG,Penganiayaan,18:00-21:59,2026
CIPAYUNG,Penganiayaan,18:00-21:59,2026
CIPAYUNG,Penganiayaan,18:00-21:59,2026
CIPAYUNG,Penganiayaan,18:00-21:59,2026
CIPAYUNG,Penganiayaan,18:00-21:59,2026
CIPAYUNG,Pengeroyokan,18:00-21:59,2026
CIPAYUNG,Pengeroyokan,18:00-21:59,2026
CIPAYUNG,Penggelapan,18:00-21:59,2026
CIPAYUNG,Penggelapan,18:00-21:59,2026
CIPAYUNG,Penggelapan,18:00-21:59,2026
CIPAYUNG,Penggelapan,18:00-21:59,2026
CIPAYUNG,Penggelapan,18:00-21:59,2026
CIPAYUNG,Penggelapan,18:00-21:59,2026
CIPAYUNG,Penggelapan,18:00-21:59,2026
CIPAYUNG,Penipuan / Perbuatan Curang,18:00-21:59,2026
CIPAYUNG,Penipuan / Perbuatan Curang,18:00-21:59,2026
CIPAYUNG,Penipuan / Perbuatan Curang,18:00-21:59,2026
CIPAYUNG,Penipuan / Perbuatan Curang,18:00-21:59,2026
CIPAYUNG,Penipuan / Perbuatan Curang,18:00-21:59,2026
CIPAYUNG,Penyalahgunaan Wewenang,18:00-21:59,2026
CIPAYUNG,Penyerobotan Tanah,18:00-21:59,2026
CIPAYUNG,Perzinahan,18:00-21:59,2026
CIPAYUNG,Tindak Pidana Dalam Perlindungan Anak,18:00-21:59,2026
CIPAYUNG,Tindak Pidana Dalam Perlindungan Anak,18:00-21:59,2026
CIPAYUNG,Manipulasi data autentik secara elektronik (ITE),22:00-23:59,2026
CIPAYUNG,Manipulasi data autentik secara elektronik (ITE),22:00-23:59,2026
CIPAYUNG,Manipulasi data autentik secara elektronik (ITE),22:00-23:59,2026
CIPAYUNG,Pencurian Dengan Pemberatan ( Curat ),22:00-23:59,2026
CIPAYUNG,Pencurian Dengan Pemberatan ( Curat ),22:00-23:59,2026
CIPAYUNG,Penganiayaan,22:00-23:59,2026
CIPAYUNG,Pengeroyokan,22:00-23:59,2026
CIPAYUNG,Penggelapan,22:00-23:59,2026
CIPAYUNG,Penggelapan,22:00-23:59,2026
CIPAYUNG,Penggelapan,22:00-23:59,2026
CIPAYUNG,Aborsi,00:00-04:59,2026
CIPAYUNG,Curanmor R-2,00:00-04:59,2026
CIPAYUNG,Kejahatan Terkait Senjata Tajam ( Sajam ) ( Premanisme ),00:00-04:59,2026
CIPAYUNG,Kejahatan Terkait Senjata Tajam ( Sajam ) ( Premanisme ),00:00-04:59,2026
CIPAYUNG,Narkotika ( Narkoba ),00:00-04:59,2026
CIPAYUNG,Pencurian Dengan Pemberatan ( Curat ),00:00-04:59,2026
CIPAYUNG,Pencurian Dengan Pemberatan ( Curat ),00:00-04:59,2026
CIPAYUNG,Pencurian Dengan Pemberatan ( Curat ),00:00-04:59,2026
CIPAYUNG,Pencurian Dengan Pemberatan ( Curat ),00:00-04:59,2026
CIPAYUNG,Pencurian Dengan Pemberatan ( Curat ),00:00-04:59,2026
CIPAYUNG,Pencurian Dengan Pemberatan ( Curat ),00:00-04:59,2026
CIPAYUNG,Pencurian Dengan Pemberatan ( Curat ),00:00-04:59,2026
CIPAYUNG,Penganiayaan,00:00-04:59,2026
CIPAYUNG,Pengeroyokan,00:00-04:59,2026
CIPAYUNG,Penggelapan,00:00-04:59,2026
PANCORAN,Curanmor R-2,05:00-07:59,2026
PANCORAN,Kekerasan Dalam Rumah Tangga,05:00-07:59,2026
PANCORAN,Kekerasan Dalam Rumah Tangga,05:00-07:59,2026
PANCORAN,Pencurian Biasa,05:00-07:59,2026
PANCORAN,Pencurian Dengan Pemberatan ( Curat ),05:00-07:59,2026
PANCORAN,Penganiayaan,05:00-07:59,2026
PANCORAN,Pengeroyokan,05:00-07:59,2026
PANCORAN,Pengeroyokan,05:00-07:59,2026
PANCORAN,Cabul,08:00-11:59,2026
PANCORAN,Cabul,08:00-11:59,2026
PANCORAN,Cabul,08:00-11:59,2026
PANCORAN,Kekerasan Dalam Rumah Tangga,08:00-11:59,2026
PANCORAN,Kekerasan Dalam Rumah Tangga,08:00-11:59,2026
PANCORAN,Kekerasan Dalam Rumah Tangga,08:00-11:59,2026
PANCORAN,Kekerasan Dalam Rumah Tangga,08:00-11:59,2026
PANCORAN,Manipulasi data autentik secara elektronik (ITE),08:00-11:59,2026
PANCORAN,Manipulasi data autentik secara elektronik (ITE),08:00-11:59,2026
PANCORAN,Manipulasi data autentik secara elektronik (ITE),08:00-11:59,2026
PANCORAN,Manipulasi data autentik secara elektronik (ITE),08:00-11:59,2026
PANCORAN,Manipulasi data autentik secara elektronik (ITE),08:00-11:59,2026
PANCORAN,Manipulasi data autentik secara elektronik (ITE),08:00-11:59,2026
PANCORAN,Manipulasi data autentik secara elektronik (ITE),08:00-11:59,2026
PANCORAN,Manipulasi data autentik secara elektronik (ITE),08:00-11:59,2026
PANCORAN,Manipulasi data autentik secara elektronik (ITE),08:00-11:59,2026
PANCORAN,Manipulasi data autentik secara elektronik (ITE),08:00-11:59,2026
PANCORAN,Memasuki Pekarangan Tanpa Ijin,08:00-11:59,2026
PANCORAN,Narkotika ( Narkoba ),08:00-11:59,2026
PANCORAN,Pemerasan Dan Pengancaman,08:00-11:59,2026
PANCORAN,Pencemaran Nama Baik,08:00-11:59,2026
PANCORAN,Pencurian Biasa,08:00-11:59,2026
PANCORAN,Pencurian Biasa,08:00-11:59,2026
PANCORAN,Pencurian Biasa,08:00-11:59,2026
PANCORAN,Pencurian Biasa,08:00-11:59,2026
PANCORAN,Pencurian Biasa,08:00-11:59,2026
PANCORAN,Pencurian Dengan Pemberatan ( Curat ),08:00-11:59,2026
PANCORAN,Pencurian Dengan Pemberatan ( Curat ),08:00-11:59,2026
PANCORAN,Penggelapan,08:00-11:59,2026
PANCORAN,Penggelapan,08:00-11:59,2026
PANCORAN,Penggelapan,08:00-11:59,2026
PANCORAN,Penggelapan,08:00-11:59,2026
PANCORAN,Penggelapan,08:00-11:59,2026
PANCORAN,Penipuan / Perbuatan Curang,08:00-11:59,2026
PANCORAN,Penipuan / Perbuatan Curang,08:00-11:59,2026
PANCORAN,Penipuan / Perbuatan Curang,08:00-11:59,2026
PANCORAN,Penyebaran Berita Bohong ( Hoax ),08:00-11:59,2026
PANCORAN,Persetubuhan Terhadap Anak / Cabul Terhadap Anak,08:00-11:59,2026
PANCORAN,Perzinahan,08:00-11:59,2026
PANCORAN,Tindak Pidana Dalam Perlindungan Anak,08:00-11:59,2026
PANCORAN,Kejahatan Terkait Merek,12:00-14:59,2026
PANCORAN,Kekerasan Dalam Rumah Tangga,12:00-14:59,2026
PANCORAN,Kekerasan Dalam Rumah Tangga,12:00-14:59,2026
PANCORAN,Manipulasi data autentik secara elektronik (ITE),12:00-14:59,2026
PANCORAN,Manipulasi data autentik secara elektronik (ITE),12:00-14:59,2026
PANCORAN,Manipulasi data autentik secara elektronik (ITE),12:00-14:59,2026
PANCORAN,Manipulasi data autentik secara elektronik (ITE),12:00-14:59,2026
PANCORAN,Manipulasi data autentik secara elektronik (ITE),12:00-14:59,2026
PANCORAN,Manipulasi data autentik secara elektronik (ITE),12:00-14:59,2026
PANCORAN,Manipulasi data autentik secara elektronik (ITE),12:00-14:59,2026
PANCORAN,Pemalsuan Surat Otentik,12:00-14:59,2026
PANCORAN,Pemerasan Dan Pengancaman,12:00-14:59,2026
PANCORAN,Pencurian Biasa,12:00-14:59,2026
PANCORAN,Pencurian Biasa,12:00-14:59,2026
PANCORAN,Pencurian Biasa,12:00-14:59,2026
PANCORAN,Pencurian Dengan Pemberatan ( Curat ),12:00-14:59,2026
PANCORAN,Pencurian Dengan Pemberatan ( Curat ),12:00-14:59,2026
PANCORAN,Pencurian Dengan Pemberatan ( Curat ),12:00-14:59,2026
PANCORAN,Penganiayaan,12:00-14:59,2026
PANCORAN,Penganiayaan,12:00-14:59,2026
PANCORAN,Penganiayaan,12:00-14:59,2026
PANCORAN,Pengerusakan,12:00-14:59,2026
PANCORAN,Pengerusakan,12:00-14:59,2026
PANCORAN,Penggelapan,12:00-14:59,2026
PANCORAN,Penggelapan,12:00-14:59,2026
PANCORAN,Penggelapan,12:00-14:59,2026
PANCORAN,Penggelapan,12:00-14:59,2026
PANCORAN,Penggelapan,12:00-14:59,2026
PANCORAN,Penggelapan,12:00-14:59,2026
PANCORAN,Penggelapan,12:00-14:59,2026
PANCORAN,Penggelapan,12:00-14:59,2026
PANCORAN,Penggelapan,12:00-14:59,2026
PANCORAN,Penggelapan,12:00-14:59,2026
PANCORAN,Penggelapan,12:00-14:59,2026
PANCORAN,Penipuan / Perbuatan Curang,12:00-14:59,2026
PANCORAN,Penipuan / Perbuatan Curang,12:00-14:59,2026
PANCORAN,Penipuan / Perbuatan Curang,12:00-14:59,2026
PANCORAN,Penipuan / Perbuatan Curang,12:00-14:59,2026
PANCORAN,Penipuan / Perbuatan Curang,12:00-14:59,2026
PANCORAN,Penipuan / Perbuatan Curang,12:00-14:59,2026
PANCORAN,Penipuan / Perbuatan Curang,12:00-14:59,2026
PANCORAN,Penipuan / Perbuatan Curang,12:00-14:59,2026
PANCORAN,Penipuan / Perbuatan Curang,12:00-14:59,2026
PANCORAN,Penipuan / Perbuatan Curang,12:00-14:59,2026
PANCORAN,Penyebaran Berita Bohong ( Hoax ),12:00-14:59,2026
PANCORAN,Penyerobotan Tanah,12:00-14:59,2026
PANCORAN,Perbuatan Yang Tidak Menyenangkan,12:00-14:59,2026
PANCORAN,Curanmor R-2,15:00-17:59,2026
PANCORAN,Kejahatan Terkait Perlindungan Data Pribadi,15:00-17:59,2026
PANCORAN,Kejahatan Terkait Perlindungan Data Pribadi,15:00-17:59,2026
PANCORAN,Kekerasan Dalam Rumah Tangga,15:00-17:59,2026
PANCORAN,Kekerasan Seksual (KDRT),15:00-17:59,2026
PANCORAN,Manipulasi data autentik secara elektronik (ITE),15:00-17:59,2026
PANCORAN,Manipulasi data autentik secara elektronik (ITE),15:00-17:59,2026
PANCORAN,Manipulasi data autentik secara elektronik (ITE),15:00-17:59,2026
PANCORAN,Narkotika ( Narkoba ),15:00-17:59,2026
PANCORAN,Narkotika ( Narkoba ),15:00-17:59,2026
PANCORAN,Narkotika ( Narkoba ),15:00-17:59,2026
PANCORAN,Pemerasan Dan Pengancaman,15:00-17:59,2026
PANCORAN,Penadahan,15:00-17:59,2026
PANCORAN,Pencemaran Nama Baik,15:00-17:59,2026
PANCORAN,Pencurian Biasa,15:00-17:59,2026
PANCORAN,Pencurian Biasa,15:00-17:59,2026
PANCORAN,Pencurian Biasa,15:00-17:59,2026
PANCORAN,Pencurian Biasa,15:00-17:59,2026
PANCORAN,Pencurian Dengan Kekerasan ( Curas ),15:00-17:59,2026
PANCORAN,Penganiayaan,15:00-17:59,2026
PANCORAN,Pengeroyokan,15:00-17:59,2026
PANCORAN,Pengeroyokan,15:00-17:59,2026
PANCORAN,Penggelapan,15:00-17:59,2026
PANCORAN,Penggelapan,15:00-17:59,2026
PANCORAN,Penggelapan,15:00-17:59,2026
PANCORAN,Penggelapan,15:00-17:59,2026
PANCORAN,Penipuan / Perbuatan Curang,15:00-17:59,2026
PANCORAN,Penipuan / Perbuatan Curang,15:00-17:59,2026
PANCORAN,Penipuan / Perbuatan Curang,15:00-17:59,2026
PANCORAN,Penipuan / Perbuatan Curang,15:00-17:59,2026
PANCORAN,Penipuan / Perbuatan Curang,15:00-17:59,2026
PANCORAN,Kejahatan Terkait Merek,18:00-21:59,2026
PANCORAN,Kekerasan Dalam Rumah Tangga,18:00-21:59,2026
PANCORAN,Kekerasan Dalam Rumah Tangga,18:00-21:59,2026
PANCORAN,Kekerasan Seksual (KDRT),18:00-21:59,2026
PANCORAN,Manipulasi data autentik secara elektronik (ITE),18:00-21:59,2026
PANCORAN,Manipulasi data autentik secara elektronik (ITE),18:00-21:59,2026
PANCORAN,Manipulasi data autentik secara elektronik (ITE),18:00-21:59,2026
PANCORAN,Manipulasi data autentik secara elektronik (ITE),18:00-21:59,2026
PANCORAN,Narkotika ( Narkoba ),18:00-21:59,2026
PANCORAN,Pencemaran Nama Baik,18:00-21:59,2026
PANCORAN,Pencurian Biasa,18:00-21:59,2026
PANCORAN,Pencurian Biasa,18:00-21:59,2026
PANCORAN,Pencurian Dengan Pemberatan ( Curat ),18:00-21:59,2026
PANCORAN,Pencurian Dengan Pemberatan ( Curat ),18:00-21:59,2026
PANCORAN,Pengancaman,18:00-21:59,2026
PANCORAN,Penganiayaan,18:00-21:59,2026
PANCORAN,Penganiayaan,18:00-21:59,2026
PANCORAN,Penggelapan,18:00-21:59,2026
PANCORAN,Penggelapan,18:00-21:59,2026
PANCORAN,Penggelapan,18:00-21:59,2026
PANCORAN,Penggelapan,18:00-21:59,2026
PANCORAN,Penggelapan,18:00-21:59,2026
PANCORAN,Penggelapan,18:00-21:59,2026
PANCORAN,Penggelapan,18:00-21:59,2026
PANCORAN,Penghinaan,18:00-21:59,2026
PANCORAN,Penipuan / Perbuatan Curang,18:00-21:59,2026
PANCORAN,Penipuan / Perbuatan Curang,18:00-21:59,2026
PANCORAN,Penipuan / Perbuatan Curang,18:00-21:59,2026
PANCORAN,Penipuan / Perbuatan Curang,18:00-21:59,2026
PANCORAN,Penipuan / Perbuatan Curang,18:00-21:59,2026
PANCORAN,Penipuan / Perbuatan Curang,18:00-21:59,2026
PANCORAN,Penipuan / Perbuatan Curang,18:00-21:59,2026
PANCORAN,Penipuan / Perbuatan Curang,18:00-21:59,2026
PANCORAN,Penipuan / Perbuatan Curang,18:00-21:59,2026
PANCORAN,Perbuatan Yang Tidak Menyenangkan,18:00-21:59,2026
PANCORAN,Perkosaan,18:00-21:59,2026
PANCORAN,Manipulasi data autentik secara elektronik (ITE),22:00-23:59,2026
PANCORAN,Penganiayaan,22:00-23:59,2026
PANCORAN,Penipuan / Perbuatan Curang,22:00-23:59,2026
PANCORAN,Penistaan Agama,22:00-23:59,2026
PANCORAN,Perzinahan,22:00-23:59,2026
PANCORAN,Sengaja Menimbulkan Kebakaran/banjir (pembakaran),22:00-23:59,2026
PANCORAN,Curanmor R-2,00:00-04:59,2026
PANCORAN,Kejahatan terkait Tenaga Kesehatan,00:00-04:59,2026
PANCORAN,Kekerasan Dalam Rumah Tangga,00:00-04:59,2026
PANCORAN,Narkotika ( Narkoba ),00:00-04:59,2026
PANCORAN,Narkotika ( Narkoba ),00:00-04:59,2026
PANCORAN,Pencurian Biasa,00:00-04:59,2026
PANCORAN,Pencurian Biasa,00:00-04:59,2026
PANCORAN,Pencurian Biasa,00:00-04:59,2026
PANCORAN,Pencurian Biasa,00:00-04:59,2026
PANCORAN,Pencurian Dengan Pemberatan ( Curat ),00:00-04:59,2026
PANCORAN,Pencurian Dengan Pemberatan ( Curat ),00:00-04:59,2026
PANCORAN,Pencurian Dengan Pemberatan ( Curat ),00:00-04:59,2026
PANCORAN,Pencurian Dengan Pemberatan ( Curat ),00:00-04:59,2026
PANCORAN,Pencurian Dengan Pemberatan ( Curat ),00:00-04:59,2026
PANCORAN,Penganiayaan,00:00-04:59,2026
PANCORAN,Penganiayaan Berat ( Anirat ),00:00-04:59,2026
PANCORAN,Pengeroyokan,00:00-04:59,2026
SENEN,Manipulasi data autentik secara elektronik (ITE),05:00-07:59,2026
SENEN,Narkotika ( Narkoba ),05:00-07:59,2026
SENEN,Narkotika ( Narkoba ),05:00-07:59,2026
SENEN,Pencurian Biasa,05:00-07:59,2026
SENEN,Pencurian Biasa,05:00-07:59,2026
SENEN,Pencurian Biasa,05:00-07:59,2026
SENEN,Pencurian Biasa,05:00-07:59,2026
SENEN,Penipuan / Perbuatan Curang,05:00-07:59,2026
SENEN,Perbuatan Yang Tidak Menyenangkan,05:00-07:59,2026
SENEN,Tindak Pidana Dalam Perlindungan Anak,05:00-07:59,2026
SENEN,Kejahatan Terkait Merek,08:00-11:59,2026
SENEN,Manipulasi data autentik secara elektronik (ITE),08:00-11:59,2026
SENEN,Manipulasi data autentik secara elektronik (ITE),08:00-11:59,2026
SENEN,Manipulasi data autentik secara elektronik (ITE),08:00-11:59,2026
SENEN,Membahayakan Keamanan Umum Bagi  Orang / Barang,08:00-11:59,2026
SENEN,Mengakibatkan Orang Mati,08:00-11:59,2026
SENEN,Narkotika ( Narkoba ),08:00-11:59,2026
SENEN,Narkotika ( Narkoba ),08:00-11:59,2026
SENEN,Pencemaran Nama Baik,08:00-11:59,2026
SENEN,Pencurian Biasa,08:00-11:59,2026
SENEN,Pencurian Biasa,08:00-11:59,2026
SENEN,Pencurian Biasa,08:00-11:59,2026
SENEN,Pencurian Biasa,08:00-11:59,2026
SENEN,Pencurian Dengan Pemberatan ( Curat ),08:00-11:59,2026
SENEN,Pengancaman,08:00-11:59,2026
SENEN,Penganiayaan,08:00-11:59,2026
SENEN,Pengerusakan,08:00-11:59,2026
SENEN,Penggelapan,08:00-11:59,2026
SENEN,Penipuan / Perbuatan Curang,08:00-11:59,2026
SENEN,Penipuan / Perbuatan Curang,08:00-11:59,2026
SENEN,Penipuan / Perbuatan Curang,08:00-11:59,2026
SENEN,Penipuan / Perbuatan Curang,08:00-11:59,2026
SENEN,Penipuan / Perbuatan Curang,08:00-11:59,2026
SENEN,Penipuan / Perbuatan Curang,08:00-11:59,2026
SENEN,Penipuan / Perbuatan Curang,08:00-11:59,2026
SENEN,Penipuan / Perbuatan Curang,08:00-11:59,2026
SENEN,Penipuan / Perbuatan Curang,08:00-11:59,2026
SENEN,Penipuan / Perbuatan Curang,08:00-11:59,2026
SENEN,Perbuatan Yang Tidak Menyenangkan,08:00-11:59,2026
SENEN,Perbuatan Yang Tidak Menyenangkan,08:00-11:59,2026
SENEN,Tindak Pidana Dalam Perlindungan Anak,08:00-11:59,2026
SENEN,Curanmor R-2,12:00-14:59,2026
SENEN,Kawin halangan/kawin tanpa ijin,12:00-14:59,2026
SENEN,Kekerasan Dalam Rumah Tangga,12:00-14:59,2026
SENEN,Kekerasan Dalam Rumah Tangga,12:00-14:59,2026
SENEN,Kekerasan Seksual (KDRT),12:00-14:59,2026
SENEN,Manipulasi data autentik secara elektronik (ITE),12:00-14:59,2026
SENEN,Manipulasi data autentik secara elektronik (ITE),12:00-14:59,2026
SENEN,Manipulasi data autentik secara elektronik (ITE),12:00-14:59,2026
SENEN,Manipulasi data autentik secara elektronik (ITE),12:00-14:59,2026
SENEN,Manipulasi data autentik secara elektronik (ITE),12:00-14:59,2026
SENEN,Manipulasi data autentik secara elektronik (ITE),12:00-14:59,2026
SENEN,Manipulasi data autentik secara elektronik (ITE),12:00-14:59,2026
SENEN,Narkotika ( Narkoba ),12:00-14:59,2026
SENEN,Narkotika ( Narkoba ),12:00-14:59,2026
SENEN,Narkotika ( Narkoba ),12:00-14:59,2026
SENEN,Pemerasan,12:00-14:59,2026
SENEN,Pencurian Biasa,12:00-14:59,2026
SENEN,Pencurian Biasa,12:00-14:59,2026
SENEN,Pencurian Biasa,12:00-14:59,2026
SENEN,Pencurian Biasa,12:00-14:59,2026
SENEN,Pencurian Biasa,12:00-14:59,2026
SENEN,Pencurian Biasa,12:00-14:59,2026
SENEN,Pencurian Biasa,12:00-14:59,2026
SENEN,Pencurian Biasa,12:00-14:59,2026
SENEN,Pencurian Biasa,12:00-14:59,2026
SENEN,Pengancaman,12:00-14:59,2026
SENEN,Penganiayaan,12:00-14:59,2026
SENEN,Penganiayaan,12:00-14:59,2026
SENEN,Penganiayaan,12:00-14:59,2026
SENEN,Pengerusakan,12:00-14:59,2026
SENEN,Penggelapan,12:00-14:59,2026
SENEN,Penipuan / Perbuatan Curang,12:00-14:59,2026
SENEN,Penipuan / Perbuatan Curang,12:00-14:59,2026
SENEN,Penipuan / Perbuatan Curang,12:00-14:59,2026
SENEN,Penipuan / Perbuatan Curang,12:00-14:59,2026
SENEN,Penipuan / Perbuatan Curang,12:00-14:59,2026
SENEN,Penipuan / Perbuatan Curang,12:00-14:59,2026
SENEN,Penipuan / Perbuatan Curang,12:00-14:59,2026
SENEN,Penipuan / Perbuatan Curang,12:00-14:59,2026
SENEN,Penipuan / Perbuatan Curang,12:00-14:59,2026
SENEN,Manipulasi data autentik secara elektronik (ITE),15:00-17:59,2026
SENEN,Manipulasi data autentik secara elektronik (ITE),15:00-17:59,2026
SENEN,Narkotika ( Narkoba ),15:00-17:59,2026
SENEN,Narkotika ( Narkoba ),15:00-17:59,2026
SENEN,Narkotika ( Narkoba ),15:00-17:59,2026
SENEN,Narkotika ( Narkoba ),15:00-17:59,2026
SENEN,Narkotika ( Narkoba ),15:00-17:59,2026
SENEN,Narkotika ( Narkoba ),15:00-17:59,2026
SENEN,Narkotika ( Narkoba ),15:00-17:59,2026
SENEN,Narkotika ( Narkoba ),15:00-17:59,2026
SENEN,Narkotika ( Narkoba ),15:00-17:59,2026
SENEN,Pemalsuan Surat Otentik,15:00-17:59,2026
SENEN,Pencemaran Nama Baik,15:00-17:59,2026
SENEN,Pencemaran Nama Baik,15:00-17:59,2026
SENEN,Pencurian Biasa,15:00-17:59,2026
SENEN,Pencurian Biasa,15:00-17:59,2026
SENEN,Pencurian Biasa,15:00-17:59,2026
SENEN,Pencurian Biasa,15:00-17:59,2026
SENEN,Pencurian Biasa,15:00-17:59,2026
SENEN,Pencurian Biasa,15:00-17:59,2026
SENEN,Pencurian Biasa,15:00-17:59,2026
SENEN,Pencurian Biasa,15:00-17:59,2026
SENEN,Pencurian Dengan Pemberatan ( Curat ),15:00-17:59,2026
SENEN,Pengancaman,15:00-17:59,2026
SENEN,Penganiayaan,15:00-17:59,2026
SENEN,Pengeroyokan,15:00-17:59,2026
SENEN,Pengerusakan,15:00-17:59,2026
SENEN,Penggelapan,15:00-17:59,2026
SENEN,Penggelapan,15:00-17:59,2026
SENEN,Penggelapan,15:00-17:59,2026
SENEN,Penggelapan,15:00-17:59,2026
SENEN,Penggelapan,15:00-17:59,2026
SENEN,Penggelapan,15:00-17:59,2026
SENEN,Penipuan / Perbuatan Curang,15:00-17:59,2026
SENEN,Penipuan / Perbuatan Curang,15:00-17:59,2026
SENEN,Penipuan / Perbuatan Curang,15:00-17:59,2026
SENEN,Penipuan / Perbuatan Curang,15:00-17:59,2026
SENEN,Penipuan / Perbuatan Curang,15:00-17:59,2026
SENEN,Penipuan / Perbuatan Curang,15:00-17:59,2026
SENEN,Penipuan / Perbuatan Curang,15:00-17:59,2026
SENEN,Perbuatan Yang Tidak Menyenangkan,15:00-17:59,2026
SENEN,Perdagangan Manusia / Trafficking In Person / Tppo (dalam Negeri),15:00-17:59,2026
SENEN,Kejahatan Terkait Perlindungan Data Pribadi,18:00-21:59,2026
SENEN,Kejahatan Terkait Perlindungan Data Pribadi,18:00-21:59,2026
SENEN,Kekerasan Dalam Rumah Tangga,18:00-21:59,2026
SENEN,Manipulasi data autentik secara elektronik (ITE),18:00-21:59,2026
SENEN,Manipulasi data autentik secara elektronik (ITE),18:00-21:59,2026
SENEN,Menjual atau mengedarkan obat keras / bebas terbatas tanpa ijin,18:00-21:59,2026
SENEN,Narkotika ( Narkoba ),18:00-21:59,2026
SENEN,Narkotika ( Narkoba ),18:00-21:59,2026
SENEN,Narkotika ( Narkoba ),18:00-21:59,2026
SENEN,Narkotika ( Narkoba ),18:00-21:59,2026
SENEN,Narkotika ( Narkoba ),18:00-21:59,2026
SENEN,Narkotika ( Narkoba ),18:00-21:59,2026
SENEN,Narkotika ( Narkoba ),18:00-21:59,2026
SENEN,Penadahan,18:00-21:59,2026
SENEN,Pencemaran Nama Baik,18:00-21:59,2026
SENEN,Pencemaran Nama Baik,18:00-21:59,2026
SENEN,Pencurian Biasa,18:00-21:59,2026
SENEN,Pencurian Biasa,18:00-21:59,2026
SENEN,Pencurian Biasa,18:00-21:59,2026
SENEN,Pencurian Biasa,18:00-21:59,2026
SENEN,Pencurian Biasa,18:00-21:59,2026
SENEN,Pencurian Biasa,18:00-21:59,2026
SENEN,Pencurian Biasa,18:00-21:59,2026
SENEN,Pencurian Biasa,18:00-21:59,2026
SENEN,Pencurian Biasa,18:00-21:59,2026
SENEN,Pencurian Biasa,18:00-21:59,2026
SENEN,Pencurian Dengan Pemberatan ( Curat ),18:00-21:59,2026
SENEN,Pencurian Dengan Pemberatan ( Curat ),18:00-21:59,2026
SENEN,Pencurian Dengan Pemberatan ( Curat ),18:00-21:59,2026
SENEN,Pencurian Ringan,18:00-21:59,2026
SENEN,Pencurian Ringan,18:00-21:59,2026
SENEN,Penganiayaan,18:00-21:59,2026
SENEN,Penganiayaan Berat ( Anirat ),18:00-21:59,2026
SENEN,Pengeroyokan,18:00-21:59,2026
SENEN,Penggelapan,18:00-21:59,2026
SENEN,Penggelapan,18:00-21:59,2026
SENEN,Penggelapan,18:00-21:59,2026
SENEN,Penghinaan,18:00-21:59,2026
SENEN,Penipuan / Perbuatan Curang,18:00-21:59,2026
SENEN,Penipuan / Perbuatan Curang,18:00-21:59,2026
SENEN,Penipuan / Perbuatan Curang,18:00-21:59,2026
SENEN,Persetubuhan Terhadap Anak / Cabul Terhadap Anak,18:00-21:59,2026
SENEN,Tindak Pidana Dalam Perlindungan Anak,18:00-21:59,2026
SENEN,Kejahatan terkait Tenaga Kesehatan,22:00-23:59,2026
SENEN,Kekerasan Dalam Rumah Tangga,22:00-23:59,2026
SENEN,Kekerasan Dalam Rumah Tangga,22:00-23:59,2026
SENEN,Manipulasi data autentik secara elektronik (ITE),22:00-23:59,2026
SENEN,Manipulasi data autentik secara elektronik (ITE),22:00-23:59,2026
SENEN,Manipulasi data autentik secara elektronik (ITE),22:00-23:59,2026
SENEN,Narkotika ( Narkoba ),22:00-23:59,2026
SENEN,Narkotika ( Narkoba ),22:00-23:59,2026
SENEN,Narkotika ( Narkoba ),22:00-23:59,2026
SENEN,Narkotika ( Narkoba ),22:00-23:59,2026
SENEN,Pencurian Biasa,22:00-23:59,2026
SENEN,Pencurian Biasa,22:00-23:59,2026
SENEN,Pencurian Dengan Kekerasan ( Curas ),22:00-23:59,2026
SENEN,Pencurian Dengan Pemberatan ( Curat ),22:00-23:59,2026
SENEN,Pencurian Dengan Pemberatan ( Curat ),22:00-23:59,2026
SENEN,Pencurian Dengan Pemberatan ( Curat ),22:00-23:59,2026
SENEN,Penganiayaan,22:00-23:59,2026
SENEN,Penganiayaan,22:00-23:59,2026
SENEN,Pengeroyokan,22:00-23:59,2026
SENEN,Pengeroyokan,22:00-23:59,2026
SENEN,Pengerusakan,22:00-23:59,2026
SENEN,Penyerobotan Tanah,22:00-23:59,2026
SENEN,Tindak Pidana Dalam Perlindungan Anak,22:00-23:59,2026
SENEN,Kejahatan Tentang Pornografi,00:00-04:59,2026
SENEN,Kekerasan Seksual (KDRT),00:00-04:59,2026
SENEN,Manipulasi data autentik secara elektronik (ITE),00:00-04:59,2026
SENEN,Manipulasi data autentik secara elektronik (ITE),00:00-04:59,2026
SENEN,Narkotika ( Narkoba ),00:00-04:59,2026
SENEN,Narkotika ( Narkoba ),00:00-04:59,2026
SENEN,Narkotika ( Narkoba ),00:00-04:59,2026
SENEN,Narkotika ( Narkoba ),00:00-04:59,2026
SENEN,Pencemaran Nama Baik,00:00-04:59,2026
SENEN,Pencurian Biasa,00:00-04:59,2026
SENEN,Pencurian Biasa,00:00-04:59,2026
SENEN,Pencurian Biasa,00:00-04:59,2026
SENEN,Pencurian Biasa,00:00-04:59,2026
SENEN,Pencurian Dengan Kekerasan ( Curas ),00:00-04:59,2026
SENEN,Pencurian Dengan Pemberatan ( Curat ),00:00-04:59,2026
SENEN,Pencurian Dengan Pemberatan ( Curat ),00:00-04:59,2026
SENEN,Pencurian Dengan Pemberatan ( Curat ),00:00-04:59,2026
SENEN,Pencurian Ringan,00:00-04:59,2026
SENEN,Penganiayaan,00:00-04:59,2026
SENEN,Pengeroyokan,00:00-04:59,2026
CEMPAKA PUTIH,Kejahatan Terkait Perlindungan Data Pribadi,05:00-07:59,2026
CEMPAKA PUTIH,Kekerasan Dalam Rumah Tangga,05:00-07:59,2026
CEMPAKA PUTIH,Pencurian Biasa,05:00-07:59,2026
CEMPAKA PUTIH,Pencurian Biasa,05:00-07:59,2026
CEMPAKA PUTIH,Pencurian Dengan Pemberatan ( Curat ),05:00-07:59,2026
CEMPAKA PUTIH,Pencurian Dengan Pemberatan ( Curat ),05:00-07:59,2026
CEMPAKA PUTIH,Penganiayaan Berat ( Anirat ),05:00-07:59,2026
CEMPAKA PUTIH,Penipuan / Perbuatan Curang,05:00-07:59,2026
CEMPAKA PUTIH,Penipuan / Perbuatan Curang,05:00-07:59,2026
CEMPAKA PUTIH,Perzinahan,05:00-07:59,2026
CEMPAKA PUTIH,Curanmor R-2,08:00-11:59,2026
CEMPAKA PUTIH,Curanmor R-2,08:00-11:59,2026
CEMPAKA PUTIH,Kejahatan Terkait Merek,08:00-11:59,2026
CEMPAKA PUTIH,Kejahatan Terkait Perlindungan Data Pribadi,08:00-11:59,2026
CEMPAKA PUTIH,Kejahatan Terkait Perlindungan Data Pribadi,08:00-11:59,2026
CEMPAKA PUTIH,Kekerasan Dalam Rumah Tangga,08:00-11:59,2026
CEMPAKA PUTIH,Kekerasan Dalam Rumah Tangga,08:00-11:59,2026
CEMPAKA PUTIH,Kekerasan Dalam Rumah Tangga,08:00-11:59,2026
CEMPAKA PUTIH,Manipulasi data autentik secara elektronik (ITE),08:00-11:59,2026
CEMPAKA PUTIH,Manipulasi data autentik secara elektronik (ITE),08:00-11:59,2026
CEMPAKA PUTIH,Manipulasi data autentik secara elektronik (ITE),08:00-11:59,2026
CEMPAKA PUTIH,Mengakibatkan Orang Mati,08:00-11:59,2026
CEMPAKA PUTIH,Narkotika ( Narkoba ),08:00-11:59,2026
CEMPAKA PUTIH,Narkotika ( Narkoba ),08:00-11:59,2026
CEMPAKA PUTIH,Pencemaran Nama Baik,08:00-11:59,2026
CEMPAKA PUTIH,Pencurian Biasa,08:00-11:59,2026
CEMPAKA PUTIH,Pencurian Biasa,08:00-11:59,2026
CEMPAKA PUTIH,Pencurian Biasa,08:00-11:59,2026
CEMPAKA PUTIH,Pencurian Dengan Pemberatan ( Curat ),08:00-11:59,2026
CEMPAKA PUTIH,Pencurian Dengan Pemberatan ( Curat ),08:00-11:59,2026
CEMPAKA PUTIH,Pencurian Dengan Pemberatan ( Curat ),08:00-11:59,2026
CEMPAKA PUTIH,Pencurian Dengan Pemberatan ( Curat ),08:00-11:59,2026
CEMPAKA PUTIH,Pencurian Dengan Pemberatan ( Curat ),08:00-11:59,2026
CEMPAKA PUTIH,Pencurian Dengan Pemberatan ( Curat ),08:00-11:59,2026
CEMPAKA PUTIH,Pencurian Dengan Pemberatan ( Curat ),08:00-11:59,2026
CEMPAKA PUTIH,Penganiayaan,08:00-11:59,2026
CEMPAKA PUTIH,Penganiayaan,08:00-11:59,2026
CEMPAKA PUTIH,Penganiayaan,08:00-11:59,2026
CEMPAKA PUTIH,Penggelapan,08:00-11:59,2026
CEMPAKA PUTIH,Penggelapan,08:00-11:59,2026
CEMPAKA PUTIH,Penggelapan,08:00-11:59,2026
CEMPAKA PUTIH,Penggelapan,08:00-11:59,2026
CEMPAKA PUTIH,Penggelapan,08:00-11:59,2026
CEMPAKA PUTIH,Penghinaan,08:00-11:59,2026
CEMPAKA PUTIH,Penipuan / Perbuatan Curang,08:00-11:59,2026
CEMPAKA PUTIH,Penipuan / Perbuatan Curang,08:00-11:59,2026
CEMPAKA PUTIH,Penipuan / Perbuatan Curang,08:00-11:59,2026
CEMPAKA PUTIH,Penipuan / Perbuatan Curang,08:00-11:59,2026
CEMPAKA PUTIH,Penipuan / Perbuatan Curang,08:00-11:59,2026
CEMPAKA PUTIH,Penipuan / Perbuatan Curang,08:00-11:59,2026
CEMPAKA PUTIH,Penipuan / Perbuatan Curang,08:00-11:59,2026
CEMPAKA PUTIH,Penipuan / Perbuatan Curang,08:00-11:59,2026
CEMPAKA PUTIH,Penipuan / Perbuatan Curang,08:00-11:59,2026
CEMPAKA PUTIH,Perzinahan,08:00-11:59,2026
CEMPAKA PUTIH,Kejahatan Terkait Perlindungan Data Pribadi,12:00-14:59,2026
CEMPAKA PUTIH,Kekerasan Dalam Rumah Tangga,12:00-14:59,2026
CEMPAKA PUTIH,Manipulasi data autentik secara elektronik (ITE),12:00-14:59,2026
CEMPAKA PUTIH,Manipulasi data autentik secara elektronik (ITE),12:00-14:59,2026
CEMPAKA PUTIH,Manipulasi data autentik secara elektronik (ITE),12:00-14:59,2026
CEMPAKA PUTIH,Manipulasi data autentik secara elektronik (ITE),12:00-14:59,2026
CEMPAKA PUTIH,Manipulasi data autentik secara elektronik (ITE),12:00-14:59,2026
CEMPAKA PUTIH,Narkotika ( Narkoba ),12:00-14:59,2026
CEMPAKA PUTIH,Pencurian Biasa,12:00-14:59,2026
CEMPAKA PUTIH,Pencurian Biasa,12:00-14:59,2026
CEMPAKA PUTIH,Pencurian Biasa,12:00-14:59,2026
CEMPAKA PUTIH,Pengancaman,12:00-14:59,2026
CEMPAKA PUTIH,Pengancaman,12:00-14:59,2026
CEMPAKA PUTIH,Pengancaman,12:00-14:59,2026
CEMPAKA PUTIH,Penggelapan,12:00-14:59,2026
CEMPAKA PUTIH,Penggelapan,12:00-14:59,2026
CEMPAKA PUTIH,Penipuan / Perbuatan Curang,12:00-14:59,2026
CEMPAKA PUTIH,Penipuan / Perbuatan Curang,12:00-14:59,2026
CEMPAKA PUTIH,Penipuan / Perbuatan Curang,12:00-14:59,2026
CEMPAKA PUTIH,Penipuan / Perbuatan Curang,12:00-14:59,2026
CEMPAKA PUTIH,Penipuan / Perbuatan Curang,12:00-14:59,2026
CEMPAKA PUTIH,Penipuan / Perbuatan Curang,12:00-14:59,2026
CEMPAKA PUTIH,Penipuan / Perbuatan Curang,12:00-14:59,2026
CEMPAKA PUTIH,Cabul,15:00-17:59,2026
CEMPAKA PUTIH,Curanmor R-2,15:00-17:59,2026
CEMPAKA PUTIH,Kejahatan terkait Tenaga Kesehatan,15:00-17:59,2026
CEMPAKA PUTIH,Kekerasan Dalam Rumah Tangga,15:00-17:59,2026
CEMPAKA PUTIH,Manipulasi data autentik secara elektronik (ITE),15:00-17:59,2026
CEMPAKA PUTIH,Manipulasi data autentik secara elektronik (ITE),15:00-17:59,2026
CEMPAKA PUTIH,Manipulasi data autentik secara elektronik (ITE),15:00-17:59,2026
CEMPAKA PUTIH,Manipulasi data autentik secara elektronik (ITE),15:00-17:59,2026
CEMPAKA PUTIH,Manipulasi data autentik secara elektronik (ITE),15:00-17:59,2026
CEMPAKA PUTIH,Manipulasi data autentik secara elektronik (ITE),15:00-17:59,2026
CEMPAKA PUTIH,Pemerasan Dan Pengancaman,15:00-17:59,2026
CEMPAKA PUTIH,Pencemaran Nama Baik,15:00-17:59,2026
CEMPAKA PUTIH,Pencemaran Nama Baik,15:00-17:59,2026
CEMPAKA PUTIH,Pencemaran Nama Baik,15:00-17:59,2026
CEMPAKA PUTIH,Pencurian Biasa,15:00-17:59,2026
CEMPAKA PUTIH,Pencurian Biasa,15:00-17:59,2026
CEMPAKA PUTIH,Pencurian Dengan Pemberatan ( Curat ),15:00-17:59,2026
CEMPAKA PUTIH,Pencurian Dengan Pemberatan ( Curat ),15:00-17:59,2026
CEMPAKA PUTIH,Pencurian Dengan Pemberatan ( Curat ),15:00-17:59,2026
CEMPAKA PUTIH,Pencurian Dengan Pemberatan ( Curat ),15:00-17:59,2026
CEMPAKA PUTIH,Pencurian Dengan Pemberatan ( Curat ),15:00-17:59,2026
CEMPAKA PUTIH,Pengeroyokan,15:00-17:59,2026
CEMPAKA PUTIH,Penggelapan,15:00-17:59,2026
CEMPAKA PUTIH,Penipuan / Perbuatan Curang,15:00-17:59,2026
CEMPAKA PUTIH,Penipuan / Perbuatan Curang,15:00-17:59,2026
CEMPAKA PUTIH,Penipuan / Perbuatan Curang,15:00-17:59,2026
CEMPAKA PUTIH,Penipuan / Perbuatan Curang,15:00-17:59,2026
CEMPAKA PUTIH,Penipuan / Perbuatan Curang,15:00-17:59,2026
CEMPAKA PUTIH,Penipuan / Perbuatan Curang,15:00-17:59,2026
CEMPAKA PUTIH,Penipuan / Perbuatan Curang,15:00-17:59,2026
CEMPAKA PUTIH,Penipuan / Perbuatan Curang,15:00-17:59,2026
CEMPAKA PUTIH,Penipuan / Perbuatan Curang,15:00-17:59,2026
CEMPAKA PUTIH,Perbuatan Yang Tidak Menyenangkan,15:00-17:59,2026
CEMPAKA PUTIH,Percobaan Pencurian,15:00-17:59,2026
CEMPAKA PUTIH,Tindak Pidana Dalam Perlindungan Anak,15:00-17:59,2026
CEMPAKA PUTIH,Tindak Pidana Transfer Dana,15:00-17:59,2026
CEMPAKA PUTIH,Curanmor R-2,18:00-21:59,2026
CEMPAKA PUTIH,Kejahatan Terkait Merek,18:00-21:59,2026
CEMPAKA PUTIH,Kejahatan Terkait Merek,18:00-21:59,2026
CEMPAKA PUTIH,Kejahatan Terkait Merek,18:00-21:59,2026
CEMPAKA PUTIH,Kejahatan Terkait Senjata Tajam ( Sajam ) ( Premanisme ),18:00-21:59,2026
CEMPAKA PUTIH,Kekerasan Dalam Rumah Tangga,18:00-21:59,2026
CEMPAKA PUTIH,Kekerasan Dalam Rumah Tangga,18:00-21:59,2026
CEMPAKA PUTIH,Kekerasan Dalam Rumah Tangga,18:00-21:59,2026
CEMPAKA PUTIH,Manipulasi data autentik secara elektronik (ITE),18:00-21:59,2026
CEMPAKA PUTIH,Narkotika ( Narkoba ),18:00-21:59,2026
CEMPAKA PUTIH,Narkotika ( Narkoba ),18:00-21:59,2026
CEMPAKA PUTIH,Narkotika ( Narkoba ),18:00-21:59,2026
CEMPAKA PUTIH,Pemerasan Dan Pengancaman,18:00-21:59,2026
CEMPAKA PUTIH,Pemerasan Dan Pengancaman,18:00-21:59,2026
CEMPAKA PUTIH,Pencemaran Nama Baik,18:00-21:59,2026
CEMPAKA PUTIH,Pencemaran Nama Baik,18:00-21:59,2026
CEMPAKA PUTIH,Pencemaran Nama Baik,18:00-21:59,2026
CEMPAKA PUTIH,Pencurian Biasa,18:00-21:59,2026
CEMPAKA PUTIH,Pencurian Biasa,18:00-21:59,2026
CEMPAKA PUTIH,Pencurian Dengan Pemberatan ( Curat ),18:00-21:59,2026
CEMPAKA PUTIH,Pencurian Dengan Pemberatan ( Curat ),18:00-21:59,2026
CEMPAKA PUTIH,Pencurian Dengan Pemberatan ( Curat ),18:00-21:59,2026
CEMPAKA PUTIH,Pencurian Dengan Pemberatan ( Curat ),18:00-21:59,2026
CEMPAKA PUTIH,Pencurian Dengan Pemberatan ( Curat ),18:00-21:59,2026
CEMPAKA PUTIH,Pencurian Dengan Pemberatan ( Curat ),18:00-21:59,2026
CEMPAKA PUTIH,Penganiayaan,18:00-21:59,2026
CEMPAKA PUTIH,Pengeroyokan,18:00-21:59,2026
CEMPAKA PUTIH,Penggelapan,18:00-21:59,2026
CEMPAKA PUTIH,Penggelapan,18:00-21:59,2026
CEMPAKA PUTIH,Penggelapan,18:00-21:59,2026
CEMPAKA PUTIH,Penggelapan,18:00-21:59,2026
CEMPAKA PUTIH,Penggelapan,18:00-21:59,2026
CEMPAKA PUTIH,Penggelapan,18:00-21:59,2026
CEMPAKA PUTIH,Penggelapan,18:00-21:59,2026
CEMPAKA PUTIH,Penipuan / Perbuatan Curang,18:00-21:59,2026
CEMPAKA PUTIH,Penipuan / Perbuatan Curang,18:00-21:59,2026
CEMPAKA PUTIH,Penipuan / Perbuatan Curang,18:00-21:59,2026
CEMPAKA PUTIH,Penipuan / Perbuatan Curang,18:00-21:59,2026
CEMPAKA PUTIH,Penipuan / Perbuatan Curang,18:00-21:59,2026
CEMPAKA PUTIH,Penipuan / Perbuatan Curang,18:00-21:59,2026
CEMPAKA PUTIH,Penipuan / Perbuatan Curang,18:00-21:59,2026
CEMPAKA PUTIH,Penipuan / Perbuatan Curang,18:00-21:59,2026
CEMPAKA PUTIH,Penipuan / Perbuatan Curang,18:00-21:59,2026
CEMPAKA PUTIH,Penipuan / Perbuatan Curang,18:00-21:59,2026
CEMPAKA PUTIH,Penipuan / Perbuatan Curang,18:00-21:59,2026
CEMPAKA PUTIH,Percobaan Pencurian,18:00-21:59,2026
CEMPAKA PUTIH,Perdagangan Manusia / Trafficking In Person / Tppo (dalam Negeri),18:00-21:59,2026
CEMPAKA PUTIH,Perkosaan,18:00-21:59,2026
CEMPAKA PUTIH,Kejahatan terkait Tenaga Kesehatan,22:00-23:59,2026
CEMPAKA PUTIH,Kekerasan Dalam Rumah Tangga,22:00-23:59,2026
CEMPAKA PUTIH,Narkotika ( Narkoba ),22:00-23:59,2026
CEMPAKA PUTIH,Penculikan,22:00-23:59,2026
CEMPAKA PUTIH,Pencurian Dengan Pemberatan ( Curat ),22:00-23:59,2026
CEMPAKA PUTIH,Pengancaman,22:00-23:59,2026
CEMPAKA PUTIH,Penggelapan,22:00-23:59,2026
CEMPAKA PUTIH,Penipuan / Perbuatan Curang,22:00-23:59,2026
CEMPAKA PUTIH,Perkosaan,22:00-23:59,2026
CEMPAKA PUTIH,Tindak Pidana Dalam Perlindungan Anak,22:00-23:59,2026
CEMPAKA PUTIH,Curanmor R-2,00:00-04:59,2026
CEMPAKA PUTIH,Kejahatan Terkait Perlindungan Data Pribadi,00:00-04:59,2026
CEMPAKA PUTIH,Kekerasan Dalam Rumah Tangga,00:00-04:59,2026
CEMPAKA PUTIH,Pencurian Biasa,00:00-04:59,2026
CEMPAKA PUTIH,Pencurian Dengan Pemberatan ( Curat ),00:00-04:59,2026
CEMPAKA PUTIH,Pencurian Dengan Pemberatan ( Curat ),00:00-04:59,2026
CEMPAKA PUTIH,Pencurian Dengan Pemberatan ( Curat ),00:00-04:59,2026
CEMPAKA PUTIH,Penganiayaan,00:00-04:59,2026
CEMPAKA PUTIH,Penganiayaan,00:00-04:59,2026
CEMPAKA PUTIH,Penganiayaan Berat ( Anirat ),00:00-04:59,2026
CEMPAKA PUTIH,Pengeroyokan,00:00-04:59,2026
CEMPAKA PUTIH,Penggelapan,00:00-04:59,2026
CEMPAKA PUTIH,Penggelapan,00:00-04:59,2026
CEMPAKA PUTIH,Penggelapan,00:00-04:59,2026
CEMPAKA PUTIH,Perkosaan,00:00-04:59,2026
PASAR REBO,Aborsi,05:00-07:59,2026
PASAR REBO,Curanmor R-2,05:00-07:59,2026
PASAR REBO,Karena Alpa  Menimbulkan  Kebakaran/ Meletus/banjir,05:00-07:59,2026
PASAR REBO,Kejahatan Tentang Jaminan Fidusia,05:00-07:59,2026
PASAR REBO,Kekerasan Dalam Rumah Tangga,05:00-07:59,2026
PASAR REBO,Pencurian Biasa,05:00-07:59,2026
PASAR REBO,Pencurian Biasa,05:00-07:59,2026
PASAR REBO,Pencurian Biasa,05:00-07:59,2026
PASAR REBO,Pencurian Biasa,05:00-07:59,2026
PASAR REBO,Pencurian Dengan Pemberatan ( Curat ),05:00-07:59,2026
PASAR REBO,Pencurian Dengan Pemberatan ( Curat ),05:00-07:59,2026
PASAR REBO,Pencurian Dengan Pemberatan ( Curat ),05:00-07:59,2026
PASAR REBO,Pencurian Dengan Pemberatan ( Curat ),05:00-07:59,2026
PASAR REBO,Pengeroyokan,05:00-07:59,2026
PASAR REBO,Penggelapan,05:00-07:59,2026
PASAR REBO,Curanmor R-2,08:00-11:59,2026
PASAR REBO,Manipulasi data autentik secara elektronik (ITE),08:00-11:59,2026
PASAR REBO,Manipulasi data autentik secara elektronik (ITE),08:00-11:59,2026
PASAR REBO,Manipulasi data autentik secara elektronik (ITE),08:00-11:59,2026
PASAR REBO,Manipulasi data autentik secara elektronik (ITE),08:00-11:59,2026
PASAR REBO,Manipulasi data autentik secara elektronik (ITE),08:00-11:59,2026
PASAR REBO,Manipulasi data autentik secara elektronik (ITE),08:00-11:59,2026
PASAR REBO,Manipulasi data autentik secara elektronik (ITE),08:00-11:59,2026
PASAR REBO,Manipulasi data autentik secara elektronik (ITE),08:00-11:59,2026
PASAR REBO,Pemerasan Dan Pengancaman,08:00-11:59,2026
PASAR REBO,Pencurian Biasa,08:00-11:59,2026
PASAR REBO,Pencurian Biasa,08:00-11:59,2026
PASAR REBO,Pencurian Biasa,08:00-11:59,2026
PASAR REBO,Pencurian Biasa,08:00-11:59,2026
PASAR REBO,Pencurian Biasa,08:00-11:59,2026
PASAR REBO,Pencurian Biasa,08:00-11:59,2026
PASAR REBO,Pencurian Dengan Pemberatan ( Curat ),08:00-11:59,2026
PASAR REBO,Pencurian Dengan Pemberatan ( Curat ),08:00-11:59,2026
PASAR REBO,Pencurian Dengan Pemberatan ( Curat ),08:00-11:59,2026
PASAR REBO,Pencurian Dengan Pemberatan ( Curat ),08:00-11:59,2026
PASAR REBO,Pencurian Dengan Pemberatan ( Curat ),08:00-11:59,2026
PASAR REBO,Pencurian Dengan Pemberatan ( Curat ),08:00-11:59,2026
PASAR REBO,Pencurian Dengan Pemberatan ( Curat ),08:00-11:59,2026
PASAR REBO,Penganiayaan,08:00-11:59,2026
PASAR REBO,Penganiayaan,08:00-11:59,2026
PASAR REBO,Penganiayaan,08:00-11:59,2026
PASAR REBO,Penipuan / Perbuatan Curang,08:00-11:59,2026
PASAR REBO,Penipuan / Perbuatan Curang,08:00-11:59,2026
PASAR REBO,Penipuan / Perbuatan Curang,08:00-11:59,2026
PASAR REBO,Penipuan / Perbuatan Curang,08:00-11:59,2026
PASAR REBO,Perbuatan Yang Tidak Menyenangkan,08:00-11:59,2026
PASAR REBO,Sumpah Palsu Dan Keterangan Palsu,08:00-11:59,2026
PASAR REBO,Kejahatan Terkait Perlindungan Data Pribadi,12:00-14:59,2026
PASAR REBO,Manipulasi data autentik secara elektronik (ITE),12:00-14:59,2026
PASAR REBO,Manipulasi data autentik secara elektronik (ITE),12:00-14:59,2026
PASAR REBO,Manipulasi data autentik secara elektronik (ITE),12:00-14:59,2026
PASAR REBO,Manipulasi data autentik secara elektronik (ITE),12:00-14:59,2026
PASAR REBO,Manipulasi data autentik secara elektronik (ITE),12:00-14:59,2026
PASAR REBO,Manipulasi data autentik secara elektronik (ITE),12:00-14:59,2026
PASAR REBO,Manipulasi data autentik secara elektronik (ITE),12:00-14:59,2026
PASAR REBO,Pencemaran Nama Baik,12:00-14:59,2026
PASAR REBO,Pencurian Biasa,12:00-14:59,2026
PASAR REBO,Pencurian Biasa,12:00-14:59,2026
PASAR REBO,Pencurian Biasa,12:00-14:59,2026
PASAR REBO,Pencurian Dengan Pemberatan ( Curat ),12:00-14:59,2026
PASAR REBO,Pencurian Dengan Pemberatan ( Curat ),12:00-14:59,2026
PASAR REBO,Pencurian Dengan Pemberatan ( Curat ),12:00-14:59,2026
PASAR REBO,Pencurian Dengan Pemberatan ( Curat ),12:00-14:59,2026
PASAR REBO,Pencurian Dengan Pemberatan ( Curat ),12:00-14:59,2026
PASAR REBO,Penganiayaan,12:00-14:59,2026
PASAR REBO,Penggelapan,12:00-14:59,2026
PASAR REBO,Penggelapan,12:00-14:59,2026
PASAR REBO,Penipuan / Perbuatan Curang,12:00-14:59,2026
PASAR REBO,Penipuan / Perbuatan Curang,12:00-14:59,2026
PASAR REBO,Penipuan / Perbuatan Curang,12:00-14:59,2026
PASAR REBO,Penipuan / Perbuatan Curang,12:00-14:59,2026
PASAR REBO,Penipuan / Perbuatan Curang,12:00-14:59,2026
PASAR REBO,Penipuan / Perbuatan Curang,12:00-14:59,2026
PASAR REBO,Perbuatan Yang Tidak Menyenangkan,12:00-14:59,2026
PASAR REBO,Cabul,15:00-17:59,2026
PASAR REBO,Kekerasan Dalam Rumah Tangga,15:00-17:59,2026
PASAR REBO,Manipulasi data autentik secara elektronik (ITE),15:00-17:59,2026
PASAR REBO,Manipulasi data autentik secara elektronik (ITE),15:00-17:59,2026
PASAR REBO,Manipulasi data autentik secara elektronik (ITE),15:00-17:59,2026
PASAR REBO,Manipulasi data autentik secara elektronik (ITE),15:00-17:59,2026
PASAR REBO,Manipulasi data autentik secara elektronik (ITE),15:00-17:59,2026
PASAR REBO,Manipulasi data autentik secara elektronik (ITE),15:00-17:59,2026
PASAR REBO,Manipulasi data autentik secara elektronik (ITE),15:00-17:59,2026
PASAR REBO,Manipulasi data autentik secara elektronik (ITE),15:00-17:59,2026
PASAR REBO,Manipulasi data autentik secara elektronik (ITE),15:00-17:59,2026
PASAR REBO,Manipulasi data autentik secara elektronik (ITE),15:00-17:59,2026
PASAR REBO,Menjual atau mengedarkan obat keras / bebas terbatas tanpa ijin,15:00-17:59,2026
PASAR REBO,Narkotika ( Narkoba ),15:00-17:59,2026
PASAR REBO,Narkotika ( Narkoba ),15:00-17:59,2026
PASAR REBO,Pemalsuan Surat Otentik,15:00-17:59,2026
PASAR REBO,Pencemaran Nama Baik,15:00-17:59,2026
PASAR REBO,Pencurian Biasa,15:00-17:59,2026
PASAR REBO,Pencurian Biasa,15:00-17:59,2026
PASAR REBO,Pencurian Biasa,15:00-17:59,2026
PASAR REBO,Pencurian Dengan Pemberatan ( Curat ),15:00-17:59,2026
PASAR REBO,Pencurian Dengan Pemberatan ( Curat ),15:00-17:59,2026
PASAR REBO,Pencurian Dengan Pemberatan ( Curat ),15:00-17:59,2026
PASAR REBO,Penipuan / Perbuatan Curang,15:00-17:59,2026
PASAR REBO,Penipuan / Perbuatan Curang,15:00-17:59,2026
PASAR REBO,Penipuan / Perbuatan Curang,15:00-17:59,2026
PASAR REBO,Perkosaan,15:00-17:59,2026
PASAR REBO,Tindak Pidana Dalam Perlindungan Anak,15:00-17:59,2026
PASAR REBO,Kekerasan Dalam Rumah Tangga,18:00-21:59,2026
PASAR REBO,Manipulasi data autentik secara elektronik (ITE),18:00-21:59,2026
PASAR REBO,Manipulasi data autentik secara elektronik (ITE),18:00-21:59,2026
PASAR REBO,Manipulasi data autentik secara elektronik (ITE),18:00-21:59,2026
PASAR REBO,Manipulasi data autentik secara elektronik (ITE),18:00-21:59,2026
PASAR REBO,Manipulasi data autentik secara elektronik (ITE),18:00-21:59,2026
PASAR REBO,Manipulasi data autentik secara elektronik (ITE),18:00-21:59,2026
PASAR REBO,Menjual atau mengedarkan obat keras / bebas terbatas tanpa ijin,18:00-21:59,2026
PASAR REBO,Narkotika ( Narkoba ),18:00-21:59,2026
PASAR REBO,Narkotika ( Narkoba ),18:00-21:59,2026
PASAR REBO,Pencurian Biasa,18:00-21:59,2026
PASAR REBO,Pencurian Biasa,18:00-21:59,2026
PASAR REBO,Pencurian Biasa,18:00-21:59,2026
PASAR REBO,Pencurian Dengan Pemberatan ( Curat ),18:00-21:59,2026
PASAR REBO,Pencurian Dengan Pemberatan ( Curat ),18:00-21:59,2026
PASAR REBO,Pencurian Dengan Pemberatan ( Curat ),18:00-21:59,2026
PASAR REBO,Penganiayaan,18:00-21:59,2026
PASAR REBO,Penganiayaan,18:00-21:59,2026
PASAR REBO,Penganiayaan,18:00-21:59,2026
PASAR REBO,Penganiayaan,18:00-21:59,2026
PASAR REBO,Pengerusakan,18:00-21:59,2026
PASAR REBO,Penipuan / Perbuatan Curang,18:00-21:59,2026
PASAR REBO,Penipuan / Perbuatan Curang,18:00-21:59,2026
PASAR REBO,Penipuan / Perbuatan Curang,18:00-21:59,2026
PASAR REBO,Penipuan / Perbuatan Curang,18:00-21:59,2026
PASAR REBO,Penipuan / Perbuatan Curang,18:00-21:59,2026
PASAR REBO,Perbuatan Yang Tidak Menyenangkan,18:00-21:59,2026
PASAR REBO,Perbuatan Yang Tidak Menyenangkan,18:00-21:59,2026
PASAR REBO,Tindak Pidana Dalam Perlindungan Anak,18:00-21:59,2026
PASAR REBO,Tindak Pidana Dalam Perlindungan Anak,18:00-21:59,2026
PASAR REBO,Tindak Pidana Dalam Perlindungan Anak,18:00-21:59,2026
PASAR REBO,Manipulasi data autentik secara elektronik (ITE),22:00-23:59,2026
PASAR REBO,Manipulasi data autentik secara elektronik (ITE),22:00-23:59,2026
PASAR REBO,Narkotika ( Narkoba ),22:00-23:59,2026
PASAR REBO,Narkotika ( Narkoba ),22:00-23:59,2026
PASAR REBO,Pemerasan,22:00-23:59,2026
PASAR REBO,Pencurian Biasa,22:00-23:59,2026
PASAR REBO,Pengancaman,22:00-23:59,2026
PASAR REBO,Penganiayaan,22:00-23:59,2026
PASAR REBO,Penganiayaan,22:00-23:59,2026
PASAR REBO,Penganiayaan Berat ( Anirat ),22:00-23:59,2026
PASAR REBO,Pengeroyokan,22:00-23:59,2026
PASAR REBO,Penggelapan,22:00-23:59,2026
PASAR REBO,Penipuan / Perbuatan Curang,22:00-23:59,2026
PASAR REBO,Kejahatan Terkait Senjata Tajam ( Sajam ) ( Premanisme ),00:00-04:59,2026
PASAR REBO,Kekerasan Dalam Rumah Tangga,00:00-04:59,2026
PASAR REBO,Kekerasan Dalam Rumah Tangga,00:00-04:59,2026
PASAR REBO,Manipulasi data autentik secara elektronik (ITE),00:00-04:59,2026
PASAR REBO,Narkotika ( Narkoba ),00:00-04:59,2026
PASAR REBO,Pemerasan,00:00-04:59,2026
PASAR REBO,Pencemaran Nama Baik,00:00-04:59,2026
PASAR REBO,Pencurian Biasa,00:00-04:59,2026
PASAR REBO,Pencurian Dengan Pemberatan ( Curat ),00:00-04:59,2026
PASAR REBO,Pencurian Dengan Pemberatan ( Curat ),00:00-04:59,2026
PASAR REBO,Pencurian Dengan Pemberatan ( Curat ),00:00-04:59,2026
PASAR REBO,Pencurian Dengan Pemberatan ( Curat ),00:00-04:59,2026
PASAR REBO,Pencurian Dengan Pemberatan ( Curat ),00:00-04:59,2026
PASAR REBO,Pencurian Dengan Pemberatan ( Curat ),00:00-04:59,2026
PASAR REBO,Pencurian Dengan Pemberatan ( Curat ),00:00-04:59,2026
PASAR REBO,Pencurian Dengan Pemberatan ( Curat ),00:00-04:59,2026
PASAR REBO,Pencurian Dengan Pemberatan ( Curat ),00:00-04:59,2026
PASAR REBO,Pencurian Dengan Pemberatan ( Curat ),00:00-04:59,2026
PASAR REBO,Pencurian Dengan Pemberatan ( Curat ),00:00-04:59,2026
PASAR REBO,Pencurian Dengan Pemberatan ( Curat ),00:00-04:59,2026
PASAR REBO,Pencurian Dengan Pemberatan ( Curat ),00:00-04:59,2026
PASAR REBO,Penganiayaan,00:00-04:59,2026
PASAR REBO,Penganiayaan,00:00-04:59,2026
PASAR REBO,Penganiayaan Berat ( Anirat ),00:00-04:59,2026
PASAR REBO,Penggelapan,00:00-04:59,2026
PASAR REBO,Perbuatan Yang Tidak Menyenangkan,00:00-04:59,2026
PASAR REBO,Tindak Pidana Dalam Perlindungan Anak,00:00-04:59,2026
MATRAMAN,Cabul,05:00-07:59,2026
MATRAMAN,Curanmor R-2,05:00-07:59,2026
MATRAMAN,Pencurian Biasa,05:00-07:59,2026
MATRAMAN,Pencurian Biasa,05:00-07:59,2026
MATRAMAN,Pencurian Biasa,05:00-07:59,2026
MATRAMAN,Pencurian Dengan Pemberatan ( Curat ),05:00-07:59,2026
MATRAMAN,Penganiayaan,05:00-07:59,2026
MATRAMAN,Pengeroyokan,05:00-07:59,2026
MATRAMAN,Penipuan / Perbuatan Curang,05:00-07:59,2026
MATRAMAN,Cabul,08:00-11:59,2026
MATRAMAN,Curanmor R-2,08:00-11:59,2026
MATRAMAN,Manipulasi data autentik secara elektronik (ITE),08:00-11:59,2026
MATRAMAN,Manipulasi data autentik secara elektronik (ITE),08:00-11:59,2026
MATRAMAN,Manipulasi data autentik secara elektronik (ITE),08:00-11:59,2026
MATRAMAN,Manipulasi data autentik secara elektronik (ITE),08:00-11:59,2026
MATRAMAN,Narkotika ( Narkoba ),08:00-11:59,2026
MATRAMAN,Pencurian Biasa,08:00-11:59,2026
MATRAMAN,Pencurian Biasa,08:00-11:59,2026
MATRAMAN,Pencurian Biasa,08:00-11:59,2026
MATRAMAN,Pencurian Biasa,08:00-11:59,2026
MATRAMAN,Pencurian Dengan Pemberatan ( Curat ),08:00-11:59,2026
MATRAMAN,Pencurian Dengan Pemberatan ( Curat ),08:00-11:59,2026
MATRAMAN,Pencurian Dengan Pemberatan ( Curat ),08:00-11:59,2026
MATRAMAN,Penganiayaan,08:00-11:59,2026
MATRAMAN,Penganiayaan,08:00-11:59,2026
MATRAMAN,Penganiayaan,08:00-11:59,2026
MATRAMAN,Penganiayaan,08:00-11:59,2026
MATRAMAN,Pengeroyokan,08:00-11:59,2026
MATRAMAN,Penipuan / Perbuatan Curang,08:00-11:59,2026
MATRAMAN,Penipuan / Perbuatan Curang,08:00-11:59,2026
MATRAMAN,Penipuan / Perbuatan Curang,08:00-11:59,2026
MATRAMAN,Penyekapan,08:00-11:59,2026
MATRAMAN,Persetubuhan Terhadap Anak / Cabul Terhadap Anak,08:00-11:59,2026
MATRAMAN,Cabul,12:00-14:59,2026
MATRAMAN,Curanmor R-2,12:00-14:59,2026
MATRAMAN,Curanmor R-2,12:00-14:59,2026
MATRAMAN,Curanmor R-2,12:00-14:59,2026
MATRAMAN,Kejahatan Tentang Minyak Dan Gas  ( MIGAS ),12:00-14:59,2026
MATRAMAN,Manipulasi data autentik secara elektronik (ITE),12:00-14:59,2026
MATRAMAN,Manipulasi data autentik secara elektronik (ITE),12:00-14:59,2026
MATRAMAN,Manipulasi data autentik secara elektronik (ITE),12:00-14:59,2026
MATRAMAN,Manipulasi data autentik secara elektronik (ITE),12:00-14:59,2026
MATRAMAN,Manipulasi data autentik secara elektronik (ITE),12:00-14:59,2026
MATRAMAN,Manipulasi data autentik secara elektronik (ITE),12:00-14:59,2026
MATRAMAN,Manipulasi data autentik secara elektronik (ITE),12:00-14:59,2026
MATRAMAN,Manipulasi data autentik secara elektronik (ITE),12:00-14:59,2026
MATRAMAN,Manipulasi data autentik secara elektronik (ITE),12:00-14:59,2026
MATRAMAN,Manipulasi data autentik secara elektronik (ITE),12:00-14:59,2026
MATRAMAN,Manipulasi data autentik secara elektronik (ITE),12:00-14:59,2026
MATRAMAN,Manipulasi data autentik secara elektronik (ITE),12:00-14:59,2026
MATRAMAN,Narkotika ( Narkoba ),12:00-14:59,2026
MATRAMAN,Pemalsuan Surat Otentik,12:00-14:59,2026
MATRAMAN,Pencemaran Nama Baik,12:00-14:59,2026
MATRAMAN,Pencurian Biasa,12:00-14:59,2026
MATRAMAN,Pencurian Biasa,12:00-14:59,2026
MATRAMAN,Pencurian Biasa,12:00-14:59,2026
MATRAMAN,Pencurian Biasa,12:00-14:59,2026
MATRAMAN,Pencurian Biasa,12:00-14:59,2026
MATRAMAN,Pencurian Biasa,12:00-14:59,2026
MATRAMAN,Penganiayaan,12:00-14:59,2026
MATRAMAN,Penganiayaan,12:00-14:59,2026
MATRAMAN,Pengeroyokan,12:00-14:59,2026
MATRAMAN,Pengeroyokan,12:00-14:59,2026
MATRAMAN,Penggelapan,12:00-14:59,2026
MATRAMAN,Penipuan / Perbuatan Curang,12:00-14:59,2026
MATRAMAN,Penipuan / Perbuatan Curang,12:00-14:59,2026
MATRAMAN,Penipuan / Perbuatan Curang,12:00-14:59,2026
MATRAMAN,Penyebaran Berita Bohong ( Hoax ),12:00-14:59,2026
MATRAMAN,Terhadap ketertiban umum,12:00-14:59,2026
MATRAMAN,Tindak Pidana Dalam Perlindungan Anak,12:00-14:59,2026
MATRAMAN,Kejahatan Tentang Jaminan Fidusia,15:00-17:59,2026
MATRAMAN,Kejahatan Terkait Perlindungan Data Pribadi,15:00-17:59,2026
MATRAMAN,Kekerasan Dalam Rumah Tangga,15:00-17:59,2026
MATRAMAN,Manipulasi data autentik secara elektronik (ITE),15:00-17:59,2026
MATRAMAN,Manipulasi data autentik secara elektronik (ITE),15:00-17:59,2026
MATRAMAN,Manipulasi data autentik secara elektronik (ITE),15:00-17:59,2026
MATRAMAN,Manipulasi data autentik secara elektronik (ITE),15:00-17:59,2026
MATRAMAN,Manipulasi data autentik secara elektronik (ITE),15:00-17:59,2026
MATRAMAN,Manipulasi data autentik secara elektronik (ITE),15:00-17:59,2026
MATRAMAN,Manipulasi data autentik secara elektronik (ITE),15:00-17:59,2026
MATRAMAN,Manipulasi data autentik secara elektronik (ITE),15:00-17:59,2026
MATRAMAN,Manipulasi data autentik secara elektronik (ITE),15:00-17:59,2026
MATRAMAN,Manipulasi data autentik secara elektronik (ITE),15:00-17:59,2026
MATRAMAN,Manipulasi data autentik secara elektronik (ITE),15:00-17:59,2026
MATRAMAN,Narkotika ( Narkoba ),15:00-17:59,2026
MATRAMAN,Narkotika ( Narkoba ),15:00-17:59,2026
MATRAMAN,Narkotika ( Narkoba ),15:00-17:59,2026
MATRAMAN,Narkotika ( Narkoba ),15:00-17:59,2026
MATRAMAN,Narkotika ( Narkoba ),15:00-17:59,2026
MATRAMAN,Pemalsuan Surat Otentik,15:00-17:59,2026
MATRAMAN,Pemalsuan Surat Otentik,15:00-17:59,2026
MATRAMAN,Pemerasan Dan Pengancaman,15:00-17:59,2026
MATRAMAN,Pencemaran Nama Baik,15:00-17:59,2026
MATRAMAN,Pencurian Biasa,15:00-17:59,2026
MATRAMAN,Pencurian Biasa,15:00-17:59,2026
MATRAMAN,Pencurian Biasa,15:00-17:59,2026
MATRAMAN,Pencurian Biasa,15:00-17:59,2026
MATRAMAN,Pencurian Biasa,15:00-17:59,2026
MATRAMAN,Pencurian Biasa,15:00-17:59,2026
MATRAMAN,Pencurian Biasa,15:00-17:59,2026
MATRAMAN,Pencurian Biasa,15:00-17:59,2026
MATRAMAN,Pencurian Biasa,15:00-17:59,2026
MATRAMAN,Pencurian Biasa,15:00-17:59,2026
MATRAMAN,Pencurian Biasa,15:00-17:59,2026
MATRAMAN,Pencurian Biasa,15:00-17:59,2026
MATRAMAN,Pengancaman,15:00-17:59,2026
MATRAMAN,Penganiayaan,15:00-17:59,2026
MATRAMAN,Penganiayaan,15:00-17:59,2026
MATRAMAN,Penganiayaan,15:00-17:59,2026
MATRAMAN,Penganiayaan,15:00-17:59,2026
MATRAMAN,Penggelapan,15:00-17:59,2026
MATRAMAN,Penipuan / Perbuatan Curang,15:00-17:59,2026
MATRAMAN,Penipuan / Perbuatan Curang,15:00-17:59,2026
MATRAMAN,Penipuan / Perbuatan Curang,15:00-17:59,2026
MATRAMAN,Terhadap ketertiban umum,15:00-17:59,2026
MATRAMAN,Cabul,18:00-21:59,2026
MATRAMAN,Curanmor R-2,18:00-21:59,2026
MATRAMAN,Curanmor R-2,18:00-21:59,2026
MATRAMAN,Kejahatan Terhadap Penguasa Umum,18:00-21:59,2026
MATRAMAN,Kejahatan Terhadap Penguasa Umum,18:00-21:59,2026
MATRAMAN,Kejahatan Terkait Senjata Tajam ( Sajam ) ( Premanisme ),18:00-21:59,2026
MATRAMAN,Manipulasi data autentik secara elektronik (ITE),18:00-21:59,2026
MATRAMAN,Manipulasi data autentik secara elektronik (ITE),18:00-21:59,2026
MATRAMAN,Manipulasi data autentik secara elektronik (ITE),18:00-21:59,2026
MATRAMAN,Narkotika ( Narkoba ),18:00-21:59,2026
MATRAMAN,Narkotika ( Narkoba ),18:00-21:59,2026
MATRAMAN,Narkotika ( Narkoba ),18:00-21:59,2026
MATRAMAN,Narkotika ( Narkoba ),18:00-21:59,2026
MATRAMAN,Narkotika ( Narkoba ),18:00-21:59,2026
MATRAMAN,Pencemaran Nama Baik,18:00-21:59,2026
MATRAMAN,Pencurian Biasa,18:00-21:59,2026
MATRAMAN,Pencurian Biasa,18:00-21:59,2026
MATRAMAN,Pencurian Biasa,18:00-21:59,2026
MATRAMAN,Pencurian Biasa,18:00-21:59,2026
MATRAMAN,Pencurian Dengan Pemberatan ( Curat ),18:00-21:59,2026
MATRAMAN,Pengancaman,18:00-21:59,2026
MATRAMAN,Penganiayaan,18:00-21:59,2026
MATRAMAN,Penganiayaan,18:00-21:59,2026
MATRAMAN,Penganiayaan,18:00-21:59,2026
MATRAMAN,Penganiayaan,18:00-21:59,2026
MATRAMAN,Penganiayaan,18:00-21:59,2026
MATRAMAN,Pengeroyokan,18:00-21:59,2026
MATRAMAN,Pengeroyokan,18:00-21:59,2026
MATRAMAN,Penggelapan,18:00-21:59,2026
MATRAMAN,Penghinaan,18:00-21:59,2026
MATRAMAN,Penipuan / Perbuatan Curang,18:00-21:59,2026
MATRAMAN,Penipuan / Perbuatan Curang,18:00-21:59,2026
MATRAMAN,Penipuan / Perbuatan Curang,18:00-21:59,2026
MATRAMAN,Penipuan / Perbuatan Curang,18:00-21:59,2026
MATRAMAN,Perdagangan Manusia / Trafficking In Person / Tppo (dalam Negeri),18:00-21:59,2026
MATRAMAN,Perzinahan,18:00-21:59,2026
MATRAMAN,Terhadap ketertiban umum,18:00-21:59,2026
MATRAMAN,Curanmor R-2,22:00-23:59,2026
MATRAMAN,Kekerasan Dalam Rumah Tangga,22:00-23:59,2026
MATRAMAN,Manipulasi data autentik secara elektronik (ITE),22:00-23:59,2026
MATRAMAN,Narkotika ( Narkoba ),22:00-23:59,2026
MATRAMAN,Narkotika ( Narkoba ),22:00-23:59,2026
MATRAMAN,Narkotika ( Narkoba ),22:00-23:59,2026
MATRAMAN,Narkotika ( Narkoba ),22:00-23:59,2026
MATRAMAN,Narkotika ( Narkoba ),22:00-23:59,2026
MATRAMAN,Narkotika ( Narkoba ),22:00-23:59,2026
MATRAMAN,Narkotika ( Narkoba ),22:00-23:59,2026
MATRAMAN,Narkotika ( Narkoba ),22:00-23:59,2026
MATRAMAN,Narkotika ( Narkoba ),22:00-23:59,2026
MATRAMAN,Pemerasan,22:00-23:59,2026
MATRAMAN,Pencurian Dengan Pemberatan ( Curat ),22:00-23:59,2026
MATRAMAN,Pencurian Dengan Pemberatan ( Curat ),22:00-23:59,2026
MATRAMAN,Pencurian Dengan Pemberatan ( Curat ),22:00-23:59,2026
MATRAMAN,Pengeroyokan,22:00-23:59,2026
MATRAMAN,Pengeroyokan,22:00-23:59,2026
MATRAMAN,Penggelapan,22:00-23:59,2026
MATRAMAN,Penipuan / Perbuatan Curang,22:00-23:59,2026
MATRAMAN,Perbuatan Yang Tidak Menyenangkan,22:00-23:59,2026
MATRAMAN,Sumpah Palsu Dan Keterangan Palsu,22:00-23:59,2026
MATRAMAN,Curanmor R-2,00:00-04:59,2026
MATRAMAN,Kejahatan Terkait Senjata Tajam ( Sajam ) ( Premanisme ),00:00-04:59,2026
MATRAMAN,Narkotika ( Narkoba ),00:00-04:59,2026
MATRAMAN,Narkotika ( Narkoba ),00:00-04:59,2026
MATRAMAN,Narkotika ( Narkoba ),00:00-04:59,2026
MATRAMAN,Narkotika ( Narkoba ),00:00-04:59,2026
MATRAMAN,Narkotika ( Narkoba ),00:00-04:59,2026
MATRAMAN,Narkotika ( Narkoba ),00:00-04:59,2026
MATRAMAN,Narkotika ( Narkoba ),00:00-04:59,2026
MATRAMAN,Narkotika ( Narkoba ),00:00-04:59,2026
MATRAMAN,Pemerasan,00:00-04:59,2026
MATRAMAN,Pemerasan Dan Pengancaman,00:00-04:59,2026
MATRAMAN,Pencemaran Nama Baik,00:00-04:59,2026
MATRAMAN,Pencurian Biasa,00:00-04:59,2026
MATRAMAN,Pencurian Biasa,00:00-04:59,2026
MATRAMAN,Pencurian Biasa,00:00-04:59,2026
MATRAMAN,Pencurian Biasa,00:00-04:59,2026
MATRAMAN,Pencurian Dengan Pemberatan ( Curat ),00:00-04:59,2026
MATRAMAN,Pencurian Dengan Pemberatan ( Curat ),00:00-04:59,2026
MATRAMAN,Pencurian Dengan Pemberatan ( Curat ),00:00-04:59,2026
MATRAMAN,Pencurian Dengan Pemberatan ( Curat ),00:00-04:59,2026
MATRAMAN,Penganiayaan,00:00-04:59,2026
MATRAMAN,Pengeroyokan,00:00-04:59,2026
MATRAMAN,Pengeroyokan,00:00-04:59,2026
MATRAMAN,Penghinaan,00:00-04:59,2026
MATRAMAN,Penipuan / Perbuatan Curang,00:00-04:59,2026
MATRAMAN,Sengaja Menimbulkan Kebakaran/banjir (pembakaran),00:00-04:59,2026
PESANGGRAHAN,Manipulasi data autentik secara elektronik (ITE),05:00-07:59,2026
PESANGGRAHAN,Pencemaran Nama Baik,05:00-07:59,2026
PESANGGRAHAN,Pencurian Biasa,05:00-07:59,2026
PESANGGRAHAN,Pencurian Biasa,05:00-07:59,2026
PESANGGRAHAN,Pencurian Biasa,05:00-07:59,2026
PESANGGRAHAN,Pencurian Biasa,05:00-07:59,2026
PESANGGRAHAN,Pencurian Biasa,05:00-07:59,2026
PESANGGRAHAN,Pencurian Biasa,05:00-07:59,2026
PESANGGRAHAN,Pencurian Dengan Pemberatan ( Curat ),05:00-07:59,2026
PESANGGRAHAN,Pencurian Dengan Pemberatan ( Curat ),05:00-07:59,2026
PESANGGRAHAN,Pencurian Dengan Pemberatan ( Curat ),05:00-07:59,2026
PESANGGRAHAN,Penganiayaan,05:00-07:59,2026
PESANGGRAHAN,Penganiayaan,05:00-07:59,2026
PESANGGRAHAN,Pengeroyokan,05:00-07:59,2026
PESANGGRAHAN,Cabul,08:00-11:59,2026
PESANGGRAHAN,Cabul,08:00-11:59,2026
PESANGGRAHAN,Kejahatan Terkait Perlindungan Data Pribadi,08:00-11:59,2026
PESANGGRAHAN,Kejahatan Terkait Perlindungan Data Pribadi,08:00-11:59,2026
PESANGGRAHAN,Kejahatan Terkait Perlindungan Data Pribadi,08:00-11:59,2026
PESANGGRAHAN,Kejahatan Terkait Perlindungan Data Pribadi,08:00-11:59,2026
PESANGGRAHAN,Kejahatan Terkait Perlindungan Data Pribadi,08:00-11:59,2026
PESANGGRAHAN,Kekerasan Dalam Rumah Tangga,08:00-11:59,2026
PESANGGRAHAN,Manipulasi data autentik secara elektronik (ITE),08:00-11:59,2026
PESANGGRAHAN,Manipulasi data autentik secara elektronik (ITE),08:00-11:59,2026
PESANGGRAHAN,Manipulasi data autentik secara elektronik (ITE),08:00-11:59,2026
PESANGGRAHAN,Manipulasi data autentik secara elektronik (ITE),08:00-11:59,2026
PESANGGRAHAN,Manipulasi data autentik secara elektronik (ITE),08:00-11:59,2026
PESANGGRAHAN,Manipulasi data autentik secara elektronik (ITE),08:00-11:59,2026
PESANGGRAHAN,Memasuki Pekarangan Tanpa Ijin,08:00-11:59,2026
PESANGGRAHAN,Pemerasan,08:00-11:59,2026
PESANGGRAHAN,Pencemaran Nama Baik,08:00-11:59,2026
PESANGGRAHAN,Pencemaran Nama Baik,08:00-11:59,2026
PESANGGRAHAN,Pencurian Biasa,08:00-11:59,2026
PESANGGRAHAN,Pencurian Biasa,08:00-11:59,2026
PESANGGRAHAN,Pencurian Biasa,08:00-11:59,2026
PESANGGRAHAN,Pencurian Biasa,08:00-11:59,2026
PESANGGRAHAN,Pencurian Biasa,08:00-11:59,2026
PESANGGRAHAN,Pencurian Biasa,08:00-11:59,2026
PESANGGRAHAN,Pencurian Dengan Pemberatan ( Curat ),08:00-11:59,2026
PESANGGRAHAN,Penganiayaan,08:00-11:59,2026
PESANGGRAHAN,Penganiayaan,08:00-11:59,2026
PESANGGRAHAN,Penganiayaan,08:00-11:59,2026
PESANGGRAHAN,Penganiayaan,08:00-11:59,2026
PESANGGRAHAN,Pengeroyokan,08:00-11:59,2026
PESANGGRAHAN,Penggelapan,08:00-11:59,2026
PESANGGRAHAN,Penggelapan,08:00-11:59,2026
PESANGGRAHAN,Penggelapan,08:00-11:59,2026
PESANGGRAHAN,Penggelapan,08:00-11:59,2026
PESANGGRAHAN,Penghinaan,08:00-11:59,2026
PESANGGRAHAN,Penipuan / Perbuatan Curang,08:00-11:59,2026
PESANGGRAHAN,Penipuan / Perbuatan Curang,08:00-11:59,2026
PESANGGRAHAN,Penipuan / Perbuatan Curang,08:00-11:59,2026
PESANGGRAHAN,Penipuan / Perbuatan Curang,08:00-11:59,2026
PESANGGRAHAN,Penipuan / Perbuatan Curang,08:00-11:59,2026
PESANGGRAHAN,Penipuan / Perbuatan Curang,08:00-11:59,2026
PESANGGRAHAN,Penipuan / Perbuatan Curang,08:00-11:59,2026
PESANGGRAHAN,Penipuan / Perbuatan Curang,08:00-11:59,2026
PESANGGRAHAN,Kekerasan Dalam Rumah Tangga,12:00-14:59,2026
PESANGGRAHAN,Kekerasan Dalam Rumah Tangga,12:00-14:59,2026
PESANGGRAHAN,Kekerasan Dalam Rumah Tangga,12:00-14:59,2026
PESANGGRAHAN,Manipulasi data autentik secara elektronik (ITE),12:00-14:59,2026
PESANGGRAHAN,Manipulasi data autentik secara elektronik (ITE),12:00-14:59,2026
PESANGGRAHAN,Manipulasi data autentik secara elektronik (ITE),12:00-14:59,2026
PESANGGRAHAN,Manipulasi data autentik secara elektronik (ITE),12:00-14:59,2026
PESANGGRAHAN,Manipulasi data autentik secara elektronik (ITE),12:00-14:59,2026
PESANGGRAHAN,Manipulasi data autentik secara elektronik (ITE),12:00-14:59,2026
PESANGGRAHAN,Memasuki Pekarangan Tanpa Ijin,12:00-14:59,2026
PESANGGRAHAN,Memasuki Pekarangan Tanpa Ijin,12:00-14:59,2026
PESANGGRAHAN,Memasuki Pekarangan Tanpa Ijin,12:00-14:59,2026
PESANGGRAHAN,Pencemaran Nama Baik,12:00-14:59,2026
PESANGGRAHAN,Pengancaman,12:00-14:59,2026
PESANGGRAHAN,Penganiayaan,12:00-14:59,2026
PESANGGRAHAN,Penganiayaan,12:00-14:59,2026
PESANGGRAHAN,Pengeroyokan,12:00-14:59,2026
PESANGGRAHAN,Pengeroyokan,12:00-14:59,2026
PESANGGRAHAN,Penggelapan,12:00-14:59,2026
PESANGGRAHAN,Penggelapan,12:00-14:59,2026
PESANGGRAHAN,Penggelapan,12:00-14:59,2026
PESANGGRAHAN,Penggelapan,12:00-14:59,2026
PESANGGRAHAN,Penipuan / Perbuatan Curang,12:00-14:59,2026
PESANGGRAHAN,Penipuan / Perbuatan Curang,12:00-14:59,2026
PESANGGRAHAN,Penipuan / Perbuatan Curang,12:00-14:59,2026
PESANGGRAHAN,Penipuan / Perbuatan Curang,12:00-14:59,2026
PESANGGRAHAN,Penipuan / Perbuatan Curang,12:00-14:59,2026
PESANGGRAHAN,Penipuan / Perbuatan Curang,12:00-14:59,2026
PESANGGRAHAN,Judi,15:00-17:59,2026
PESANGGRAHAN,Kejahatan Terkait Perlindungan Data Pribadi,15:00-17:59,2026
PESANGGRAHAN,Kejahatan Terkait Perlindungan Data Pribadi,15:00-17:59,2026
PESANGGRAHAN,Kekerasan Dalam Rumah Tangga,15:00-17:59,2026
PESANGGRAHAN,Manipulasi data autentik secara elektronik (ITE),15:00-17:59,2026
PESANGGRAHAN,Manipulasi data autentik secara elektronik (ITE),15:00-17:59,2026
PESANGGRAHAN,Manipulasi data autentik secara elektronik (ITE),15:00-17:59,2026
PESANGGRAHAN,Manipulasi data autentik secara elektronik (ITE),15:00-17:59,2026
PESANGGRAHAN,Manipulasi data autentik secara elektronik (ITE),15:00-17:59,2026
PESANGGRAHAN,Memasuki Pekarangan Tanpa Ijin,15:00-17:59,2026
PESANGGRAHAN,Mucikari ( Pelacuran ),15:00-17:59,2026
PESANGGRAHAN,Pemerasan Dan Pengancaman,15:00-17:59,2026
PESANGGRAHAN,Pencemaran Nama Baik,15:00-17:59,2026
PESANGGRAHAN,Pencemaran Nama Baik,15:00-17:59,2026
PESANGGRAHAN,Pencurian Biasa,15:00-17:59,2026
PESANGGRAHAN,Pencurian Biasa,15:00-17:59,2026
PESANGGRAHAN,Pencurian Biasa,15:00-17:59,2026
PESANGGRAHAN,Pencurian Biasa,15:00-17:59,2026
PESANGGRAHAN,Pencurian Biasa,15:00-17:59,2026
PESANGGRAHAN,Pencurian Dengan Pemberatan ( Curat ),15:00-17:59,2026
PESANGGRAHAN,Pencurian Dengan Pemberatan ( Curat ),15:00-17:59,2026
PESANGGRAHAN,Pencurian Ringan,15:00-17:59,2026
PESANGGRAHAN,Pencurian Ringan,15:00-17:59,2026
PESANGGRAHAN,Penganiayaan,15:00-17:59,2026
PESANGGRAHAN,Penganiayaan,15:00-17:59,2026
PESANGGRAHAN,Penganiayaan,15:00-17:59,2026
PESANGGRAHAN,Pengerusakan,15:00-17:59,2026
PESANGGRAHAN,Penggelapan,15:00-17:59,2026
PESANGGRAHAN,Penipuan / Perbuatan Curang,15:00-17:59,2026
PESANGGRAHAN,Penipuan / Perbuatan Curang,15:00-17:59,2026
PESANGGRAHAN,Penipuan / Perbuatan Curang,15:00-17:59,2026
PESANGGRAHAN,Penipuan / Perbuatan Curang,15:00-17:59,2026
PESANGGRAHAN,Penipuan / Perbuatan Curang,15:00-17:59,2026
PESANGGRAHAN,Penyalahgunaan Wewenang,15:00-17:59,2026
PESANGGRAHAN,Penyerobotan Tanah,15:00-17:59,2026
PESANGGRAHAN,Tindak Pidana Dalam Perlindungan Anak,15:00-17:59,2026
PESANGGRAHAN,Cabul,18:00-21:59,2026
PESANGGRAHAN,Kejahatan Terkait Perlindungan Data Pribadi,18:00-21:59,2026
PESANGGRAHAN,Kejahatan terkait Tenaga Kesehatan,18:00-21:59,2026
PESANGGRAHAN,Kekerasan Dalam Rumah Tangga,18:00-21:59,2026
PESANGGRAHAN,Manipulasi data autentik secara elektronik (ITE),18:00-21:59,2026
PESANGGRAHAN,Manipulasi data autentik secara elektronik (ITE),18:00-21:59,2026
PESANGGRAHAN,Manipulasi data autentik secara elektronik (ITE),18:00-21:59,2026
PESANGGRAHAN,Manipulasi data autentik secara elektronik (ITE),18:00-21:59,2026
PESANGGRAHAN,Narkotika ( Narkoba ),18:00-21:59,2026
PESANGGRAHAN,Narkotika ( Narkoba ),18:00-21:59,2026
PESANGGRAHAN,Narkotika ( Narkoba ),18:00-21:59,2026
PESANGGRAHAN,Pencurian Biasa,18:00-21:59,2026
PESANGGRAHAN,Pencurian Dengan Pemberatan ( Curat ),18:00-21:59,2026
PESANGGRAHAN,Pencurian Dengan Pemberatan ( Curat ),18:00-21:59,2026
PESANGGRAHAN,Pengancaman,18:00-21:59,2026
PESANGGRAHAN,Penganiayaan,18:00-21:59,2026
PESANGGRAHAN,Penganiayaan,18:00-21:59,2026
PESANGGRAHAN,Penganiayaan,18:00-21:59,2026
PESANGGRAHAN,Penganiayaan,18:00-21:59,2026
PESANGGRAHAN,Penganiayaan,18:00-21:59,2026
PESANGGRAHAN,Penganiayaan,18:00-21:59,2026
PESANGGRAHAN,Penganiayaan,18:00-21:59,2026
PESANGGRAHAN,Penggelapan,18:00-21:59,2026
PESANGGRAHAN,Penggelapan,18:00-21:59,2026
PESANGGRAHAN,Penggelapan,18:00-21:59,2026
PESANGGRAHAN,Penipuan / Perbuatan Curang,18:00-21:59,2026
PESANGGRAHAN,Penipuan / Perbuatan Curang,18:00-21:59,2026
PESANGGRAHAN,Penipuan / Perbuatan Curang,18:00-21:59,2026
PESANGGRAHAN,Perzinahan,18:00-21:59,2026
PESANGGRAHAN,Cabul,22:00-23:59,2026
PESANGGRAHAN,Manipulasi data autentik secara elektronik (ITE),22:00-23:59,2026
PESANGGRAHAN,Manipulasi data autentik secara elektronik (ITE),22:00-23:59,2026
PESANGGRAHAN,Manipulasi data autentik secara elektronik (ITE),22:00-23:59,2026
PESANGGRAHAN,Pemalsuan Surat Otentik,22:00-23:59,2026
PESANGGRAHAN,Pencemaran Nama Baik,22:00-23:59,2026
PESANGGRAHAN,Pencurian Biasa,22:00-23:59,2026
PESANGGRAHAN,Pencurian Dengan Pemberatan ( Curat ),22:00-23:59,2026
PESANGGRAHAN,Pencurian Ringan,22:00-23:59,2026
PESANGGRAHAN,Penganiayaan,22:00-23:59,2026
PESANGGRAHAN,Pengeroyokan,22:00-23:59,2026
PESANGGRAHAN,Penggelapan,22:00-23:59,2026
PESANGGRAHAN,Penyebaran Berita Bohong ( Hoax ),22:00-23:59,2026
PESANGGRAHAN,Kekerasan Dalam Rumah Tangga,00:00-04:59,2026
PESANGGRAHAN,Manipulasi data autentik secara elektronik (ITE),00:00-04:59,2026
PESANGGRAHAN,Narkotika ( Narkoba ),00:00-04:59,2026
PESANGGRAHAN,Narkotika ( Narkoba ),00:00-04:59,2026
PESANGGRAHAN,Narkotika ( Narkoba ),00:00-04:59,2026
PESANGGRAHAN,Narkotika ( Narkoba ),00:00-04:59,2026
PESANGGRAHAN,Narkotika ( Narkoba ),00:00-04:59,2026
PESANGGRAHAN,Pencemaran Nama Baik,00:00-04:59,2026
PESANGGRAHAN,Pencemaran Nama Baik,00:00-04:59,2026
PESANGGRAHAN,Pencurian Biasa,00:00-04:59,2026
PESANGGRAHAN,Pencurian Biasa,00:00-04:59,2026
PESANGGRAHAN,Pencurian Biasa,00:00-04:59,2026
PESANGGRAHAN,Pencurian dalam lingkungan keluarga,00:00-04:59,2026
PESANGGRAHAN,Pencurian Dengan Pemberatan ( Curat ),00:00-04:59,2026
PESANGGRAHAN,Pencurian Ringan,00:00-04:59,2026
PESANGGRAHAN,Penganiayaan,00:00-04:59,2026
PESANGGRAHAN,Penganiayaan,00:00-04:59,2026
PESANGGRAHAN,Penganiayaan,00:00-04:59,2026
PESANGGRAHAN,Penganiayaan,00:00-04:59,2026
PESANGGRAHAN,Pengeroyokan,00:00-04:59,2026
PESANGGRAHAN,Pengeroyokan,00:00-04:59,2026
PESANGGRAHAN,Pengeroyokan,00:00-04:59,2026
PESANGGRAHAN,Penipuan / Perbuatan Curang,00:00-04:59,2026
TAMBORA,Kekerasan Dalam Rumah Tangga,05:00-07:59,2026
TAMBORA,Kekerasan Seksual (KDRT),05:00-07:59,2026
TAMBORA,Menjual atau mengedarkan obat keras / bebas terbatas tanpa ijin,05:00-07:59,2026
TAMBORA,Pemerasan,05:00-07:59,2026
TAMBORA,Pencurian Biasa,05:00-07:59,2026
TAMBORA,Pencurian Biasa,05:00-07:59,2026
TAMBORA,Pencurian Biasa,05:00-07:59,2026
TAMBORA,Pencurian Dengan Pemberatan ( Curat ),05:00-07:59,2026
TAMBORA,Pencurian Dengan Pemberatan ( Curat ),05:00-07:59,2026
TAMBORA,Pencurian Dengan Pemberatan ( Curat ),05:00-07:59,2026
TAMBORA,Penganiayaan,05:00-07:59,2026
TAMBORA,Penganiayaan,05:00-07:59,2026
TAMBORA,Penipuan / Perbuatan Curang,05:00-07:59,2026
TAMBORA,Perkosaan,05:00-07:59,2026
TAMBORA,Cabul,08:00-11:59,2026
TAMBORA,Kekerasan Dalam Rumah Tangga,08:00-11:59,2026
TAMBORA,Pemerasan,08:00-11:59,2026
TAMBORA,Pencurian Biasa,08:00-11:59,2026
TAMBORA,Pencurian Biasa,08:00-11:59,2026
TAMBORA,Pencurian Dengan Pemberatan ( Curat ),08:00-11:59,2026
TAMBORA,Penganiayaan,08:00-11:59,2026
TAMBORA,Penganiayaan,08:00-11:59,2026
TAMBORA,Penganiayaan,08:00-11:59,2026
TAMBORA,Penganiayaan,08:00-11:59,2026
TAMBORA,Penganiayaan,08:00-11:59,2026
TAMBORA,Penggelapan,08:00-11:59,2026
TAMBORA,Penggelapan,08:00-11:59,2026
TAMBORA,Penipuan / Perbuatan Curang,08:00-11:59,2026
TAMBORA,Penipuan / Perbuatan Curang,08:00-11:59,2026
TAMBORA,Penipuan / Perbuatan Curang,08:00-11:59,2026
TAMBORA,Penipuan / Perbuatan Curang,08:00-11:59,2026
TAMBORA,Penipuan / Perbuatan Curang,08:00-11:59,2026
TAMBORA,Penipuan / Perbuatan Curang,08:00-11:59,2026
TAMBORA,Perlindungan Konsumen,08:00-11:59,2026
TAMBORA,Manipulasi data autentik secara elektronik (ITE),12:00-14:59,2026
TAMBORA,Manipulasi data autentik secara elektronik (ITE),12:00-14:59,2026
TAMBORA,Manipulasi data autentik secara elektronik (ITE),12:00-14:59,2026
TAMBORA,Narkotika ( Narkoba ),12:00-14:59,2026
TAMBORA,Narkotika ( Narkoba ),12:00-14:59,2026
TAMBORA,Pembunuhan,12:00-14:59,2026
TAMBORA,Pencemaran Nama Baik,12:00-14:59,2026
TAMBORA,Penganiayaan,12:00-14:59,2026
TAMBORA,Penganiayaan,12:00-14:59,2026
TAMBORA,Penganiayaan,12:00-14:59,2026
TAMBORA,Pengeroyokan,12:00-14:59,2026
TAMBORA,Penggelapan,12:00-14:59,2026
TAMBORA,Penggelapan,12:00-14:59,2026
TAMBORA,Penggelapan,12:00-14:59,2026
TAMBORA,Penggelapan,12:00-14:59,2026
TAMBORA,Penggelapan,12:00-14:59,2026
TAMBORA,Penggelapan,12:00-14:59,2026
TAMBORA,Penggelapan,12:00-14:59,2026
TAMBORA,Penipuan / Perbuatan Curang,12:00-14:59,2026
TAMBORA,Penipuan / Perbuatan Curang,12:00-14:59,2026
TAMBORA,Penipuan / Perbuatan Curang,12:00-14:59,2026
TAMBORA,Penipuan / Perbuatan Curang,12:00-14:59,2026
TAMBORA,Penipuan / Perbuatan Curang,12:00-14:59,2026
TAMBORA,Penipuan / Perbuatan Curang,12:00-14:59,2026
TAMBORA,Penipuan / Perbuatan Curang,12:00-14:59,2026
TAMBORA,Kejahatan Terkait Merek,15:00-17:59,2026
TAMBORA,Kejahatan Terkait Perlindungan Data Pribadi,15:00-17:59,2026
TAMBORA,Kekerasan Seksual (KDRT),15:00-17:59,2026
TAMBORA,Manipulasi data autentik secara elektronik (ITE),15:00-17:59,2026
TAMBORA,Manipulasi data autentik secara elektronik (ITE),15:00-17:59,2026
TAMBORA,Manipulasi data autentik secara elektronik (ITE),15:00-17:59,2026
TAMBORA,Menjual atau mengedarkan obat keras / bebas terbatas tanpa ijin,15:00-17:59,2026
TAMBORA,Narkotika ( Narkoba ),15:00-17:59,2026
TAMBORA,Narkotika ( Narkoba ),15:00-17:59,2026
TAMBORA,Narkotika ( Narkoba ),15:00-17:59,2026
TAMBORA,Narkotika ( Narkoba ),15:00-17:59,2026
TAMBORA,Narkotika ( Narkoba ),15:00-17:59,2026
TAMBORA,Narkotika ( Narkoba ),15:00-17:59,2026
TAMBORA,Pemalsuan Surat Otentik,15:00-17:59,2026
TAMBORA,Pemalsuan Surat Otentik,15:00-17:59,2026
TAMBORA,Pemalsuan Surat Otentik,15:00-17:59,2026
TAMBORA,Pencemaran Nama Baik,15:00-17:59,2026
TAMBORA,Pencurian Biasa,15:00-17:59,2026
TAMBORA,Pencurian Biasa,15:00-17:59,2026
TAMBORA,Pencurian Biasa,15:00-17:59,2026
TAMBORA,Pencurian Biasa,15:00-17:59,2026
TAMBORA,Pencurian Biasa,15:00-17:59,2026
TAMBORA,Pencurian Biasa,15:00-17:59,2026
TAMBORA,Pencurian Dengan Pemberatan ( Curat ),15:00-17:59,2026
TAMBORA,Pencurian Dengan Pemberatan ( Curat ),15:00-17:59,2026
TAMBORA,Pengancaman,15:00-17:59,2026
TAMBORA,Penganiayaan,15:00-17:59,2026
TAMBORA,Penganiayaan,15:00-17:59,2026
TAMBORA,Penganiayaan,15:00-17:59,2026
TAMBORA,Penganiayaan,15:00-17:59,2026
TAMBORA,Penganiayaan,15:00-17:59,2026
TAMBORA,Pengeroyokan,15:00-17:59,2026
TAMBORA,Penggelapan,15:00-17:59,2026
TAMBORA,Penggelapan,15:00-17:59,2026
TAMBORA,Penggelapan,15:00-17:59,2026
TAMBORA,Penggelapan,15:00-17:59,2026
TAMBORA,Penggelapan,15:00-17:59,2026
TAMBORA,Penggelapan,15:00-17:59,2026
TAMBORA,Penipuan / Perbuatan Curang,15:00-17:59,2026
TAMBORA,Penipuan / Perbuatan Curang,15:00-17:59,2026
TAMBORA,Penipuan / Perbuatan Curang,15:00-17:59,2026
TAMBORA,Penipuan / Perbuatan Curang,15:00-17:59,2026
TAMBORA,Penipuan / Perbuatan Curang,15:00-17:59,2026
TAMBORA,Penipuan / Perbuatan Curang,15:00-17:59,2026
TAMBORA,Penipuan / Perbuatan Curang,15:00-17:59,2026
TAMBORA,Penipuan / Perbuatan Curang,15:00-17:59,2026
TAMBORA,Penipuan / Perbuatan Curang,15:00-17:59,2026
TAMBORA,Penipuan / Perbuatan Curang,15:00-17:59,2026
TAMBORA,Penipuan / Perbuatan Curang,15:00-17:59,2026
TAMBORA,Penipuan / Perbuatan Curang,15:00-17:59,2026
TAMBORA,Penipuan / Perbuatan Curang,15:00-17:59,2026
TAMBORA,Percobaan Pencurian,15:00-17:59,2026
TAMBORA,Cabul,18:00-21:59,2026
TAMBORA,Cabul,18:00-21:59,2026
TAMBORA,Cabul,18:00-21:59,2026
TAMBORA,Kejahatan Tentang Pornografi,18:00-21:59,2026
TAMBORA,Kejahatan Tentang Pornografi,18:00-21:59,2026
TAMBORA,Kekerasan Dalam Rumah Tangga,18:00-21:59,2026
TAMBORA,Manipulasi data autentik secara elektronik (ITE),18:00-21:59,2026
TAMBORA,Manipulasi data autentik secara elektronik (ITE),18:00-21:59,2026
TAMBORA,Narkotika ( Narkoba ),18:00-21:59,2026
TAMBORA,Narkotika ( Narkoba ),18:00-21:59,2026
TAMBORA,Narkotika ( Narkoba ),18:00-21:59,2026
TAMBORA,Narkotika ( Narkoba ),18:00-21:59,2026
TAMBORA,Narkotika ( Narkoba ),18:00-21:59,2026
TAMBORA,Pencurian Biasa,18:00-21:59,2026
TAMBORA,Pencurian Biasa,18:00-21:59,2026
TAMBORA,Pencurian Biasa,18:00-21:59,2026
TAMBORA,Pencurian Biasa,18:00-21:59,2026
TAMBORA,Pencurian Biasa,18:00-21:59,2026
TAMBORA,Pencurian Biasa,18:00-21:59,2026
TAMBORA,Pencurian Biasa,18:00-21:59,2026
TAMBORA,Pencurian Dengan Pemberatan ( Curat ),18:00-21:59,2026
TAMBORA,Pencurian Dengan Pemberatan ( Curat ),18:00-21:59,2026
TAMBORA,Pencurian Dengan Pemberatan ( Curat ),18:00-21:59,2026
TAMBORA,Pengancaman,18:00-21:59,2026
TAMBORA,Penganiayaan,18:00-21:59,2026
TAMBORA,Penganiayaan,18:00-21:59,2026
TAMBORA,Pengeroyokan,18:00-21:59,2026
TAMBORA,Penggelapan,18:00-21:59,2026
TAMBORA,Penggelapan,18:00-21:59,2026
TAMBORA,Penipuan / Perbuatan Curang,18:00-21:59,2026
TAMBORA,Penipuan / Perbuatan Curang,18:00-21:59,2026
TAMBORA,Penipuan / Perbuatan Curang,18:00-21:59,2026
TAMBORA,Penipuan / Perbuatan Curang,18:00-21:59,2026
TAMBORA,Penipuan / Perbuatan Curang,18:00-21:59,2026
TAMBORA,Percobaan Pencurian,18:00-21:59,2026
TAMBORA,Cabul,22:00-23:59,2026
TAMBORA,Narkotika ( Narkoba ),22:00-23:59,2026
TAMBORA,Pencemaran Nama Baik,22:00-23:59,2026
TAMBORA,Pencurian Dengan Kekerasan ( Curas ),22:00-23:59,2026
TAMBORA,Pencurian Dengan Pemberatan ( Curat ),22:00-23:59,2026
TAMBORA,Pencurian Dengan Pemberatan ( Curat ),22:00-23:59,2026
TAMBORA,Pencurian Dengan Pemberatan ( Curat ),22:00-23:59,2026
TAMBORA,Pengancaman,22:00-23:59,2026
TAMBORA,Penganiayaan,22:00-23:59,2026
TAMBORA,Penganiayaan,22:00-23:59,2026
TAMBORA,Pengerusakan,22:00-23:59,2026
TAMBORA,Penipuan / Perbuatan Curang,22:00-23:59,2026
TAMBORA,Penipuan / Perbuatan Curang,22:00-23:59,2026
TAMBORA,Penipuan / Perbuatan Curang,22:00-23:59,2026
TAMBORA,Kejahatan Tentang Perdagangan,00:00-04:59,2026
TAMBORA,Kekerasan Dalam Rumah Tangga,00:00-04:59,2026
TAMBORA,Narkotika ( Narkoba ),00:00-04:59,2026
TAMBORA,Narkotika ( Narkoba ),00:00-04:59,2026
TAMBORA,Narkotika ( Narkoba ),00:00-04:59,2026
TAMBORA,Pencemaran Nama Baik,00:00-04:59,2026
TAMBORA,Pencurian Dengan Kekerasan ( Curas ),00:00-04:59,2026
TAMBORA,Pencurian Dengan Pemberatan ( Curat ),00:00-04:59,2026
TAMBORA,Pencurian Dengan Pemberatan ( Curat ),00:00-04:59,2026
TAMBORA,Pencurian Dengan Pemberatan ( Curat ),00:00-04:59,2026
TAMBORA,Penganiayaan,00:00-04:59,2026
TAMBORA,Penganiayaan,00:00-04:59,2026
TAMBORA,Penganiayaan,00:00-04:59,2026
TAMBORA,Pengeroyokan,00:00-04:59,2026
TAMBORA,Pengeroyokan,00:00-04:59,2026
TAMBORA,Penggelapan,00:00-04:59,2026
TAMBORA,Penggelapan,00:00-04:59,2026
TAMBORA,Persetubuhan Terhadap Anak / Cabul Terhadap Anak,00:00-04:59,2026
TAMBORA,Tindak Pidana Dalam Perlindungan Anak,00:00-04:59,2026
JOHAR BARU,Kejahatan Terhadap Jiwa Orang / Pembunuhan,05:00-07:59,2026
JOHAR BARU,Pemerasan,05:00-07:59,2026
JOHAR BARU,Pencurian Biasa,05:00-07:59,2026
JOHAR BARU,Pencurian Dengan Pemberatan ( Curat ),05:00-07:59,2026
JOHAR BARU,Pencurian Dengan Pemberatan ( Curat ),05:00-07:59,2026
JOHAR BARU,Pencurian Dengan Pemberatan ( Curat ),05:00-07:59,2026
JOHAR BARU,Pencurian Dengan Pemberatan ( Curat ),05:00-07:59,2026
JOHAR BARU,Pencurian Dengan Pemberatan ( Curat ),05:00-07:59,2026
JOHAR BARU,Penganiayaan,05:00-07:59,2026
JOHAR BARU,Penipuan / Perbuatan Curang,05:00-07:59,2026
JOHAR BARU,Kekerasan Dalam Rumah Tangga,08:00-11:59,2026
JOHAR BARU,Kekerasan Seksual (KDRT),08:00-11:59,2026
JOHAR BARU,Narkotika ( Narkoba ),08:00-11:59,2026
JOHAR BARU,Pencurian Biasa,08:00-11:59,2026
JOHAR BARU,Pencurian Dengan Pemberatan ( Curat ),08:00-11:59,2026
JOHAR BARU,Pencurian Dengan Pemberatan ( Curat ),08:00-11:59,2026
JOHAR BARU,Pencurian Dengan Pemberatan ( Curat ),08:00-11:59,2026
JOHAR BARU,Pencurian Dengan Pemberatan ( Curat ),08:00-11:59,2026
JOHAR BARU,Penganiayaan,08:00-11:59,2026
JOHAR BARU,Penganiayaan,08:00-11:59,2026
JOHAR BARU,Penganiayaan Berat ( Anirat ),08:00-11:59,2026
JOHAR BARU,Penipuan / Perbuatan Curang,08:00-11:59,2026
JOHAR BARU,Penipuan / Perbuatan Curang,08:00-11:59,2026
JOHAR BARU,Penipuan / Perbuatan Curang,08:00-11:59,2026
JOHAR BARU,Penipuan / Perbuatan Curang,08:00-11:59,2026
JOHAR BARU,Penipuan / Perbuatan Curang,08:00-11:59,2026
JOHAR BARU,Penipuan / Perbuatan Curang,08:00-11:59,2026
JOHAR BARU,Penipuan / Perbuatan Curang,08:00-11:59,2026
JOHAR BARU,Perkosaan,08:00-11:59,2026
JOHAR BARU,Curanmor R-2,12:00-14:59,2026
JOHAR BARU,Kejahatan Tentang Penghapusan Diskriminasi Ras Dan Etnis,12:00-14:59,2026
JOHAR BARU,Narkotika ( Narkoba ),12:00-14:59,2026
JOHAR BARU,Pencurian Biasa,12:00-14:59,2026
JOHAR BARU,Pencurian Dengan Pemberatan ( Curat ),12:00-14:59,2026
JOHAR BARU,Pencurian Dengan Pemberatan ( Curat ),12:00-14:59,2026
JOHAR BARU,Pencurian Dengan Pemberatan ( Curat ),12:00-14:59,2026
JOHAR BARU,Pengancaman,12:00-14:59,2026
JOHAR BARU,Penggelapan,12:00-14:59,2026
JOHAR BARU,Penggelapan,12:00-14:59,2026
JOHAR BARU,Penggelapan,12:00-14:59,2026
JOHAR BARU,Penggelapan,12:00-14:59,2026
JOHAR BARU,Penipuan / Perbuatan Curang,12:00-14:59,2026
JOHAR BARU,Penipuan / Perbuatan Curang,12:00-14:59,2026
JOHAR BARU,Penipuan / Perbuatan Curang,12:00-14:59,2026
JOHAR BARU,Penipuan / Perbuatan Curang,12:00-14:59,2026
JOHAR BARU,Penipuan / Perbuatan Curang,12:00-14:59,2026
JOHAR BARU,Kekerasan Dalam Rumah Tangga,15:00-17:59,2026
JOHAR BARU,Kekerasan Dalam Rumah Tangga,15:00-17:59,2026
JOHAR BARU,Manipulasi data autentik secara elektronik (ITE),15:00-17:59,2026
JOHAR BARU,Pencurian Biasa,15:00-17:59,2026
JOHAR BARU,Pencurian Biasa,15:00-17:59,2026
JOHAR BARU,Pencurian Biasa,15:00-17:59,2026
JOHAR BARU,Pencurian Dengan Pemberatan ( Curat ),15:00-17:59,2026
JOHAR BARU,Pencurian Dengan Pemberatan ( Curat ),15:00-17:59,2026
JOHAR BARU,Penganiayaan,15:00-17:59,2026
JOHAR BARU,Pengeroyokan,15:00-17:59,2026
JOHAR BARU,Penggelapan,15:00-17:59,2026
JOHAR BARU,Penipuan / Perbuatan Curang,15:00-17:59,2026
JOHAR BARU,Penipuan / Perbuatan Curang,15:00-17:59,2026
JOHAR BARU,Penipuan / Perbuatan Curang,15:00-17:59,2026
JOHAR BARU,Penipuan / Perbuatan Curang,15:00-17:59,2026
JOHAR BARU,Curanmor R-2,18:00-21:59,2026
JOHAR BARU,Kejahatan Terkait Perlindungan Data Pribadi,18:00-21:59,2026
JOHAR BARU,Kejahatan Terkait Senjata Tajam ( Sajam ) ( Premanisme ),18:00-21:59,2026
JOHAR BARU,Kekerasan Dalam Rumah Tangga,18:00-21:59,2026
JOHAR BARU,Manipulasi data autentik secara elektronik (ITE),18:00-21:59,2026
JOHAR BARU,Manipulasi data autentik secara elektronik (ITE),18:00-21:59,2026
JOHAR BARU,Narkotika ( Narkoba ),18:00-21:59,2026
JOHAR BARU,Narkotika ( Narkoba ),18:00-21:59,2026
JOHAR BARU,Narkotika ( Narkoba ),18:00-21:59,2026
JOHAR BARU,Narkotika ( Narkoba ),18:00-21:59,2026
JOHAR BARU,Narkotika ( Narkoba ),18:00-21:59,2026
JOHAR BARU,Narkotika ( Narkoba ),18:00-21:59,2026
JOHAR BARU,Pencurian Biasa,18:00-21:59,2026
JOHAR BARU,Pencurian Biasa,18:00-21:59,2026
JOHAR BARU,Pencurian Dengan Pemberatan ( Curat ),18:00-21:59,2026
JOHAR BARU,Pencurian Dengan Pemberatan ( Curat ),18:00-21:59,2026
JOHAR BARU,Pencurian Ringan,18:00-21:59,2026
JOHAR BARU,Pengancaman,18:00-21:59,2026
JOHAR BARU,Pengeroyokan,18:00-21:59,2026
JOHAR BARU,Pengeroyokan,18:00-21:59,2026
JOHAR BARU,Pengeroyokan,18:00-21:59,2026
JOHAR BARU,Penggelapan,18:00-21:59,2026
JOHAR BARU,Penggelapan,18:00-21:59,2026
JOHAR BARU,Penggelapan,18:00-21:59,2026
JOHAR BARU,Penipuan / Perbuatan Curang,18:00-21:59,2026
JOHAR BARU,Penipuan / Perbuatan Curang,18:00-21:59,2026
JOHAR BARU,Penipuan / Perbuatan Curang,18:00-21:59,2026
JOHAR BARU,Penipuan / Perbuatan Curang,18:00-21:59,2026
JOHAR BARU,Penipuan / Perbuatan Curang,18:00-21:59,2026
JOHAR BARU,Perbuatan Yang Tidak Menyenangkan,18:00-21:59,2026
JOHAR BARU,Perkosaan,18:00-21:59,2026
JOHAR BARU,Tindak Pidana Dalam Perlindungan Anak,18:00-21:59,2026
JOHAR BARU,Kekerasan Dalam Rumah Tangga,22:00-23:59,2026
JOHAR BARU,Kekerasan Dalam Rumah Tangga,22:00-23:59,2026
JOHAR BARU,Narkotika ( Narkoba ),22:00-23:59,2026
JOHAR BARU,Pencurian Ringan,22:00-23:59,2026
JOHAR BARU,Penganiayaan,22:00-23:59,2026
JOHAR BARU,Pengeroyokan,22:00-23:59,2026
JOHAR BARU,Penipuan / Perbuatan Curang,22:00-23:59,2026
JOHAR BARU,Tindak Pidana Dalam Perlindungan Anak,22:00-23:59,2026
JOHAR BARU,Kekerasan Dalam Rumah Tangga,00:00-04:59,2026
JOHAR BARU,Manipulasi data autentik secara elektronik (ITE),00:00-04:59,2026
JOHAR BARU,Narkotika ( Narkoba ),00:00-04:59,2026
JOHAR BARU,Pencurian Biasa,00:00-04:59,2026
JOHAR BARU,Pencurian Dengan Pemberatan ( Curat ),00:00-04:59,2026
JOHAR BARU,Pencurian Dengan Pemberatan ( Curat ),00:00-04:59,2026
JOHAR BARU,Pencurian Dengan Pemberatan ( Curat ),00:00-04:59,2026
JOHAR BARU,Pencurian Dengan Pemberatan ( Curat ),00:00-04:59,2026
JOHAR BARU,Pengeroyokan,00:00-04:59,2026
JOHAR BARU,Pengeroyokan,00:00-04:59,2026
JOHAR BARU,Pengeroyokan,00:00-04:59,2026
JOHAR BARU,Pengeroyokan,00:00-04:59,2026
JOHAR BARU,Pengeroyokan,00:00-04:59,2026
JOHAR BARU,Pengeroyokan,00:00-04:59,2026
JOHAR BARU,Penggelapan,00:00-04:59,2026
JOHAR BARU,Penipuan / Perbuatan Curang,00:00-04:59,2026
KEPULAUAN SERIBU UTARA,Pencurian Biasa,08:00-11:59,2026
KEPULAUAN SERIBU UTARA,Pengeroyokan,08:00-11:59,2026
KEPULAUAN SERIBU UTARA,Penipuan / Perbuatan Curang,08:00-11:59,2026
KEPULAUAN SERIBU UTARA,Manipulasi data autentik secara elektronik (ITE),12:00-14:59,2026
KEPULAUAN SERIBU UTARA,Penganiayaan,12:00-14:59,2026
KEPULAUAN SERIBU UTARA,Penganiayaan,12:00-14:59,2026
KEPULAUAN SERIBU UTARA,Illegal Fishing,15:00-17:59,2026
KEPULAUAN SERIBU UTARA,Illegal Fishing,15:00-17:59,2026
KEPULAUAN SERIBU UTARA,Illegal Fishing,15:00-17:59,2026
KEPULAUAN SERIBU UTARA,Pencurian Biasa,15:00-17:59,2026
KEPULAUAN SERIBU UTARA,Percobaan Pencurian,15:00-17:59,2026
KEPULAUAN SERIBU UTARA,Penghinaan,18:00-21:59,2026
KEPULAUAN SERIBU UTARA,Narkotika ( Narkoba ),22:00-23:59,2026
KEPULAUAN SERIBU UTARA,Penganiayaan,00:00-04:59,2026
KEPULAUAN SERIBU UTARA,Percobaan Pencurian,00:00-04:59,2026
KEPULAUAN SERIBU SELATAN,Pemerasan,08:00-11:59,2026
KEPULAUAN SERIBU SELATAN,Penggelapan,08:00-11:59,2026
KEPULAUAN SERIBU SELATAN,Illegal Fishing,12:00-14:59,2026
KEPULAUAN SERIBU SELATAN,Illegal Fishing,12:00-14:59,2026
KEPULAUAN SERIBU SELATAN,Penipuan / Perbuatan Curang,12:00-14:59,2026
KEPULAUAN SERIBU SELATAN,Penipuan / Perbuatan Curang,12:00-14:59,2026
KEPULAUAN SERIBU SELATAN,Illegal Fishing,15:00-17:59,2026
KEPULAUAN SERIBU SELATAN,Illegal Fishing,15:00-17:59,2026
KEPULAUAN SERIBU SELATAN,Penipuan / Perbuatan Curang,15:00-17:59,2026
KEPULAUAN SERIBU SELATAN,Penganiayaan,00:00-04:59,2026
KEPULAUAN SERIBU SELATAN,Pengeroyokan,00:00-04:59,2026
